Image	DKI Micro AD	DKI Micro ADE	DKI Micro AWF	DKI Micro AxonalD	DKI Micro KFA	DKI Micro MD	DKI Micro RD	DKI Micro RDE	DKI Micro Tortuosity	DKI Micro Trace	DKI AD	DKI AK	DKI KFA	DKI Linearity	DKI MD	DKI MK	DKI MKT	DKI Planarity	DKI RD	DKI RK	DKI Sphericity	DKI Tensor FA	DSIStudio GQI GFA	DSIStudio GQI ISO	DSIStudio GQI QA	DSIStudio Tensor AD	DSIStudio Tensor FA	DSIStudio Tensor HA	DSIStudio Tensor MD	DSIStudio Tensor RD1	DSIStudio Tensor RD2	DSIStudio Tensor RD	DSIStudio Tensor TXX	DSIStudio Tensor TXY	DSIStudio Tensor TXZ	DSIStudio Tensor TYY	DSIStudio Tensor TYZ	DSIStudio Tensor TZZ	NODDI ICVF Modulated	NODDI ICVF	NODDI ISOVF	NODDI NRMSE	NODDI OD Modulated	NODDI OD	NODDI RMSE	NODDI TF	TORTOISE MAPMRI NG	TORTOISE MAPMRI NG Par	TORTOISE MAPMRI NG Perp	TORTOISE MAPMRI PA	TORTOISE MAPMRI PATH	TORTOISE MAPMRI RTAP	TORTOISE MAPMRI RTOP	TORTOISE MAPMRI RTPP	TORTOISE MAPMRI AD	TORTOISE MAPMRI AM	TORTOISE MAPMRI FA	TORTOISE MAPMRI LI	TORTOISE MAPMRI RD	TORTOISE Tensor AD	TORTOISE Tensor AM	TORTOISE Tensor FA	TORTOISE Tensor LI	TORTOISE Tensor RD	ihMTw	ihMTR	MTR	ihMTsat	ihMTsat-B1c	R2	R2*-E5	R2*-E4	R2'-E5	R2'-E4	R1	R1-B1c	MPRAGE-MyelinW	SPACE-MyelinW	Scaled MPRAGE-MyelinW	Scaled SPACE-MyelinW	G-ihMTsat	G-ihMTR	Q-Ratio-E5	Q-Ratio-E5-B1c	Q-Ratio-E4	Q-Ratio-E4-B1c	QSM-SEPIA-E5	QSM-SEPIA-E4	QSM-X-R2'-E5-X	QSM-X-R2'-E4-X	QSM-X-R2'-E5-Para	QSM-X-R2'-E4-Para	QSM-X-R2'-E5-Dia	QSM-X-R2'-E4-Dia	QSM-X-R2pnet-E5-X	QSM-X-R2pnet-E4-X	QSM-X-R2pnet-E5-Para	QSM-X-R2pnet-E4-Para	QSM-X-R2pnet-E5-Dia	QSM-X-R2pnet-E4-Dia	QSM-X-R2*-E5-X	QSM-X-R2*-E4-X	QSM-X-R2*-E5-Para	QSM-X-R2*-E4-Para	QSM-X-R2*-E5-Dia	QSM-X-R2*-E4-Dia
DKI Micro AD	0.0	2.295493934259451	0.57200488280191	1.0129805726597036	0.6329334944477933	0.4627244302164224	-0.521946007620508	-0.33253775303905714	1.1434505494533327	0.46272442900472394	4.9517187756431005	-0.36266511368724186	0.6329334944477933	1.1884409700786653	0.4627244302164224	0.3490561453779656	0.20173962203213475	-0.027038596286216663	-0.521946007620508	0.6788183539406978	-0.7643614861973759	1.0476614273115574	1.271439367049554	-0.18473979510864125	1.0443901127865203	2.4304737168032813	1.0311869692491558	0.0015441063762845486	0.2851798341511465	-0.45429210785117546	-0.44875185719958977	-0.5317819947102889	-0.011521547174086606	0.04705193613979677	-0.026937779861416752	0.17253377016344	0.13956134635228484	0.09568862345813128	0.23574752165094354	0.41937107545545854	0.6943209024993305	0.14231655718132116	-1.5357424062332277	-1.2690966677733315	0.1534688960886707	-0.6943209024845226	0.6220715379153289	-0.1398463181868809	0.7945291255679084	0.9981887620608311	1.0232048904749236	0.6688384313273331	0.4000905625627846	-2.0721819501369216	2.8491026846792136	0.05569351166903805	1.043937013208117	1.0361627049299915	-0.5490780521067061	1.426867140900353	0.04355410939658562	1.163396208862002	1.1233420533533909	-0.655778817397212	0.10845281635028499	0.445179335960434	0.3312285651817522	0.4667699510602148	0.3276819339598899	-0.17458709086803956	0.19285581024112966	0.1335761135604447	0.331379821992649	0.2615677623787877	0.43286876863863477	0.36302075159834546	0.3191143622654586	0.17965937705664234	0.31911436260795534	0.17965937971245774	-0.4180236138543345	-0.5622690865614961	0.368953317723471	0.34427864189905394	0.339360339145781	0.31482651598320205	-0.2988665536062285	-0.26195829402131704	-0.42434044826409417	-0.4380070464276902	-0.07944968392924523	-0.11338833376935474	0.5233136564623633	0.5273080815790137	-0.41789687529672714	-0.4288205449041095	-0.373422082475827	-0.3838868316781615	0.42307486901952385	0.4367183719527719	-0.41800656654272667	-0.4291137370799932	-0.3763408377388319	-0.38767868467530125	0.41846695266980777	0.4306885782826994
DKI Micro ADE	2.295493934259451	0.0	0.7621010415977986	1.2015231423767512	0.7153948684419139	0.34163006037128546	-0.6222726760121683	-0.36395030458515265	1.2506782499800062	0.34163005920859263	2.295493934259451	-0.2470562213190755	0.7153948684419139	1.231951167611063	0.34163006037128546	0.505543941493666	0.3509632480329391	0.07927256778028297	-0.6222726760121683	0.8445796754998317	-0.9321352743635192	1.21669675496017	1.4833871361199016	-0.19660836506966062	1.1704187033901745	1.871297505184323	1.1885866497261979	0.0034984160871505783	0.16972825125689694	-0.4913424309899331	-0.581917831160264	-0.6350799695454811	-0.05322983130949633	0.04028353008255705	-0.024833364624924314	0.12055696796341238	0.13628857042631612	0.06440127352008221	0.3892435499238634	0.5959193383570508	0.8033404636935199	0.23845312998011162	-1.692194622360848	-1.3487150186238528	0.26437861679632074	-0.8033404630481009	0.7856925974894	-0.066580378514464	0.951345830940793	1.2273585348011653	1.2529323560727874	0.8208093941629536	0.5556736674236737	-1.5895587789520411	2.0087276629266473	-0.0039755267506504195	1.209395863197689	1.2081467685943361	-0.6585979396674152	1.1435192929656555	-0.019478212957911765	1.3425416568501545	1.3006441883380353	-0.8058824355133926	0.1672454463390535	0.5435682741272575	0.38713234259934215	0.5718757067977888	0.44127481451293293	-0.1467624166333361	0.23545640105756746	0.1654123911168077	0.36633292233223835	0.28354359397116424	0.5411057859373393	0.4704437242813649	0.3959274608232585	0.23657003274060956	0.3959274611815108	0.23657003543148744	-0.4915509249070713	-0.5787732994333157	0.4578450026051228	0.4347648619591962	0.42101639215693365	0.3981451216940397	-0.3145292025043866	-0.27371372616072975	-0.47495065620918975	-0.48778547838802006	-0.0888078197637557	-0.12832540197321646	0.5875924897527024	0.5833324206990358	-0.46999857269980244	-0.4806332850544769	-0.4195620332155354	-0.4306261066011591	0.4743579686607459	0.487043595649829	-0.4706174636449913	-0.48148489361182895	-0.42263145210926123	-0.43472817645600526	0.47031259194409547	0.4814916650007319
DKI Micro AWF	0.57200488280191	0.7621010415977986	0.0	1.063591932622758	0.9023077735413324	-0.25297319782982586	-1.1253685700282425	-0.5809900064845949	0.9898605625754832	-0.25297319885884567	0.57200488280191	0.2342888837850438	0.9023077735413324	0.8473087816620989	-0.25297319782982586	1.2665242911628996	1.0044783469660234	0.5220777079473206	-1.1253685700282425	1.584444380567384	-1.3950418784424945	1.2342844451676607	1.0929165700935883	-0.0950024840249482	1.0068897674055408	0.5153697256009354	1.217505656518273	0.004531683478298245	-0.40860516617573056	-0.6938415879439496	-1.330290850962664	-1.143861616979214	-0.31834660493987316	-0.02309257025674496	0.009899709470920276	-0.237096486031977	0.12409269522992669	-0.1707455782165762	1.2503608559868769	1.1734146772602514	0.5275530380517895	0.4701106114262226	-0.8101731349047827	-0.9114645414495688	0.6370937977269937	-0.5275530365956115	0.9471737389345772	0.07176735157099137	0.9663158157349094	1.4687175312426264	1.4497480544123607	1.6058403139218513	1.53982025963778	-0.4397848269021907	0.5369630194365344	-0.3273222708544393	1.234397960768842	1.2227898758737956	-1.2033834172828572	0.2949987225982519	-0.3492307639264707	1.163739809769793	1.148179164068322	-1.5490141896215848	0.4285935972021445	0.8141762160120931	0.5740435750312379	0.8818711055008087	0.8597269125477564	0.11378107092385249	0.3348160806165953	0.24862730710591777	0.28445893120561616	0.19355453996854402	0.8960922973459858	0.8516193308290477	0.6724653733411707	0.4887283692587689	0.6724653737883333	0.48872837174441114	-0.5264601864802808	-0.2968821555458335	0.7130014981189449	0.7104325637472308	0.6569842802120108	0.653839299799653	-0.29419315445321853	-0.25555991510250947	-0.5128114273910875	-0.5162864966292494	-0.1708986854190195	-0.2197137542485207	0.5263823418432603	0.49070124526978437	-0.5165126612725212	-0.5207517277610998	-0.4930795915404861	-0.5011504011517166	0.47957825905604323	0.48145068201601454	-0.518524697344038	-0.5229289978325466	-0.4952513993906865	-0.5043400314779364	0.4801328077233752	0.4815375636065001
DKI Micro AxonalD	1.0129805726597036	1.2015231423767512	1.063591932622758	0.0	0.9567810057998394	0.09178814370443883	-0.7306692052959441	-0.44749090258634294	1.1230705958393605	0.09178814377092666	1.0129805726597036	-0.18272743196877067	0.9567810057998394	0.9788590429255276	0.09178814370443883	0.510434802482417	0.33657289338385266	0.29601502750434666	-0.7306692052959441	0.9060017137996101	-1.1448432848256787	1.2129119693956207	1.501902560181139	-0.17664605146475332	1.1910094907340854	0.9586729613651801	1.194169008126793	0.007568196946908237	-0.03223018666175726	-0.4809283200415024	-0.7945740422707175	-0.7338085616253316	-0.13085688283698424	-0.011454913525231493	0.008225323917796916	0.004400751125014536	0.1702628223602133	-0.05177292936271327	0.4730635091285848	0.6201398257079607	0.5225853360290161	0.5362427376131836	-1.2829564662375044	-1.2210685977847577	0.587156611137493	-0.5225853350455328	0.6648397217410533	-0.23965069902664665	0.7847398717625567	1.2945929470090407	1.376616060742216	0.9370875848290571	0.6723040852710708	-0.8985311757990218	0.9893196390375977	-0.08238781896727103	1.2084000603798386	1.212985614738471	-0.7535288946204077	0.7992047665790619	-0.09282198619274395	1.343458849066405	1.3134752470773432	-0.8536986133393705	0.17352657859518347	0.4966457325431056	0.39362593527416656	0.5336625167200865	0.41434339939956605	-0.06524702417486732	0.24348033845094622	0.177725057698619	0.3204293600111266	0.2446698969718322	0.5425164639968555	0.47757171538056664	0.4240238170276017	0.2826204325055404	0.42402381820889606	0.28262043511580476	-0.37713400342139697	-0.4110292470269113	0.45982965640366125	0.43973921405876437	0.42695558510997667	0.406669281177941	-0.2873593640757463	-0.2524052169490843	-0.41536549331458406	-0.4248435896412121	-0.07464309896659763	-0.11471536155200988	0.5002955238047623	0.48701028955154774	-0.41019709330295756	-0.4176319769383021	-0.3720210973466702	-0.38101599365376126	0.4062603591863396	0.4141222492145212	-0.4104884446828504	-0.41799668988908195	-0.37418984032007346	-0.3840791724179559	0.4026626927063014	0.4091499606092256
DKI Micro KFA	0.6329334944477933	0.7153948684419139	0.9023077735413324	0.9567810057998394	0.0	-0.23350927142120614	-1.1544778011347523	-0.9961555518961355	1.2144534528546185	-0.23350927212903166	0.6329334944477933	-0.03421601941171994	4.9517187756431005	1.0038125962199484	-0.23350927142120614	0.49329767196702645	0.3734437079857463	0.2746758552408893	-1.1544778011347523	0.8059915624895186	-1.1291130905601319	1.2287468820093241	1.0386462288355451	-0.08068399424695223	0.958104861837116	0.6058177282990059	1.2021564172298778	-0.008508310547482936	-0.3096517719138918	-0.8167556707199508	-1.0180835951851515	-1.0913049223275064	-0.32413968863689474	0.018626235412107946	-0.05090269541623309	-0.11915520373179717	0.11171432684074892	-0.21029312488714316	0.6429536091375757	0.5922761684942207	0.21209276011436948	0.5065534325347957	-0.8683380315581378	-1.0075617187621053	0.635751006103466	-0.21209275951326648	0.40988640341756727	-0.26538878005098154	0.4455701763349868	0.9960891029362535	1.0379426646675305	1.1080706494637065	0.8552942547140966	-0.5482399190950559	0.6209377449581562	-0.21844656813922672	1.2097373904977082	1.1479086163466992	-1.138798689778148	0.5080962952098788	-0.22284425319162623	1.0578451655454726	1.022289891449221	-1.0434314710122936	0.1147026741405065	0.5080267956251939	0.4533245231614404	0.5433320014477425	0.4336780605877729	0.0641059026872371	0.27071751552380274	0.20739234842301518	0.2510756354553579	0.18398487152905232	0.5251324418669336	0.4635567685710315	0.48884271395515594	0.3839389554175229	0.4888427150130068	0.38393895933524697	-0.24862566072284006	-0.2178746476991785	0.4706411484139293	0.45170953689468546	0.4394080930468285	0.4201504013247419	-0.26446929208370984	-0.23564550865637696	-0.38992491024359116	-0.39258946719849663	-0.10043218698119774	-0.13721610231631715	0.42285210509149207	0.4007905618017	-0.38373217525312564	-0.3851853556854648	-0.3645496344237019	-0.3692744864843674	0.3587926167328275	0.358573032177035	-0.3834011423626053	-0.38480201959061494	-0.36828042570746994	-0.3741651479454313	0.3532814043153423	0.35180300831040084
DKI Micro MD	0.4627244302164224	0.34163006037128546	-0.25297319782982586	0.09178814370443883	-0.23350927142120614	0.0	0.48438784991785155	0.579453817223087	-0.03744269444189131	4.9517187756431005	0.4627244302164224	-0.3743607394121257	-0.23350927142120614	0.013901187382787948	4.9517187756431005	-0.30232487823081083	-0.38113218215913497	-0.3261355644245303	0.48438784991785155	-0.15702903601219112	0.1646580743462765	-0.0759901240161083	0.06173743432697258	-0.13877379263056192	0.005528851186853962	0.487368572295561	-0.07651140299018909	-0.006188264352643628	1.4262110310600329	0.3976870338433113	0.43705406070079894	0.4460514849040936	0.3401502624103722	0.05270143762278186	0.003848647025515351	0.46832135846240314	0.06377366904179428	0.23296111964986635	-0.6330310083148603	-0.36171736938090576	0.31787210168792274	-0.162470495784409	-0.173737026151554	-0.09677362666027678	-0.27260052598841517	-0.31787210287890433	0.02210942476928369	-0.0604427506577055	0.08376002492292832	-0.0398105465169373	-0.04389549453003658	-0.30935808577384516	-0.5224062081962216	-0.5080811683634553	0.47386541856201	0.2919014919053493	-0.07298772786082673	-0.060117323826029835	0.44866378881321844	0.5007132251624047	0.28676333919995795	-0.010510232285662708	-0.010922904804921064	0.3071405505089193	-0.13646191850084305	-0.11041242858327442	-0.0933000163710723	-0.10580896237770805	-0.16911454380877855	-0.2887217988958838	-0.10268364382567496	-0.09835861856017546	0.043864754668289374	0.04836602492918879	-0.10213839693477965	-0.12470117119370708	-0.16175087042348946	-0.21053439785791606	-0.16175087119278506	-0.21053439770063617	-0.11229235002749823	-0.28859540975722153	-0.12148453063381105	-0.13062310987139228	-0.12447108449178078	-0.1338554561807337	-0.06783575693293378	-0.06332299660819915	-0.018505509957234528	-0.025571035451001742	0.002971272559127821	0.010592853301406238	0.03766554175413396	0.061515145477234266	-0.0126963176297936	-0.018559130646383388	0.0004130709442005095	-0.0014717713220799911	0.03005021643869303	0.04041248129537424	-0.012057675809130995	-0.017942421785727036	-0.0007832074176357553	-0.0030442083193518814	0.027114560355057396	0.0364952780214422
DKI Micro RD	-0.521946007620508	-0.6222726760121683	-1.1253685700282425	-0.7306692052959441	-1.1544778011347523	0.48438784991785155	0.0	1.4892092066353477	-1.2456957002933213	0.4843878506200853	-0.521946007620508	-0.041496944086399576	-1.1544778011347523	-1.1178472484704087	0.48438784991785155	-0.8025513458844696	-0.6487876123281795	-0.28060922105305197	4.9517187756431005	-1.0922012371925103	1.1682568682697794	-1.321376961698303	-0.9992409848659345	0.020267647419730875	-0.9544771694828068	-0.48908520306161046	-1.3057045595188175	0.0011265161080613831	0.5912875085544044	1.3749070886424284	1.420378116018992	2.1810755388256893	0.42099043264242847	0.006467016499464848	0.02134865310729879	0.31201822477451946	-0.10572002775222668	0.2433384083038486	-1.101176325021317	-0.8353280090662552	-0.19328688426535592	-0.2407164647136519	0.7852956196340609	0.9403710573680119	-0.40565555422048905	0.19328688405775066	-0.5426951837673728	0.14199052098839926	-0.6296425166948078	-1.110990915388045	-1.1379060399267105	-1.720803945926943	-1.4582683214793342	0.4571583889510478	-0.5093454328225641	0.3200642093924754	-1.3107673783192173	-1.2179451983053131	2.8585046510908914	-0.3881251651636747	0.32748424606485876	-1.1517909640768984	-1.0960222966130877	1.7149757823392517	-0.32644811078928865	-0.6382015695463716	-0.5297336433620048	-0.6861972217477151	-0.6171320588750505	-0.19280425655790268	-0.3094351825547834	-0.2392210497185548	-0.21260880445419741	-0.14251345754025516	-0.6696471772740552	-0.6201328466023436	-0.6041659976826145	-0.49309711703502795	-0.6041659986169423	-0.49309711991976907	0.31420839343313584	0.16513340948959807	-0.574306215938584	-0.5651718059458466	-0.5364561993060188	-0.5271177845252495	0.2536295621146102	0.22334351998798846	0.41531075995299155	0.42048634077858055	0.1516320629688675	0.19374653252746127	-0.40605144313991237	-0.3800566289832985	0.4165176413473891	0.42089083683587336	0.4117123043419822	0.4194365534591787	-0.3721902096372891	-0.3739021095009327	0.41728514990139276	0.4216630631376066	0.413363532882136	0.42175826584757026	-0.37143824414771026	-0.3728930506274318
DKI Micro RDE	-0.33253775303905714	-0.36395030458515265	-0.5809900064845949	-0.44749090258634294	-0.9961555518961355	0.579453817223087	1.4892092066353477	0.0	-0.9056589984348821	0.579453816474669	-0.33253775303905714	0.1292074532181736	-0.9961555518961355	-0.8587396425452859	0.579453817223087	-0.37506366317226064	-0.2709475481384617	-0.08514016301884947	1.4892092066353477	-0.5882114410848194	0.7200912583976001	-0.849747546785011	-0.6492821048391629	-0.04860190981548736	-0.6392827622901909	-0.32430205134043777	-0.8457785420130183	0.006165026596401122	0.5823257670158112	1.3226816092827336	0.9008229765432499	1.2935248995356317	0.38218884118366553	-0.0006793087074362295	0.03714258033354822	0.3147388466229644	-0.06722163828243288	0.26452403729873003	-0.6478689140111988	-0.4433231455639868	0.10062558702975818	-0.11711028897096738	0.5327384745082612	0.6606458918259194	-0.25391568662620373	-0.10062558653369892	-0.17309665189987603	0.3459747275126629	-0.2681700497010182	-0.6320035444023161	-0.6628345093230169	-0.9520170576712327	-0.8391998273760349	0.33212878103360083	-0.33769809140057877	0.23044312386519944	-0.8410749190679542	-0.7800503216561725	1.3364335562536491	-0.35533260532500544	0.22370050028825625	-0.7451134773984335	-0.7075987008842562	0.9298358315466266	-0.1501124058197846	-0.35324867296293216	-0.36154320103628507	-0.3786791968211657	-0.29833269955833946	-0.19991782601641594	-0.2178876677676309	-0.17703476393407652	-0.11406873347950393	-0.07485462322692385	-0.3601264436425502	-0.31728987819375676	-0.39124794940817664	-0.36009190627843907	-0.3912479501778559	-0.36009190936728735	0.06641198260770946	0.013218562910956078	-0.33301136786504676	-0.32115943830378735	-0.31539648213611016	-0.30337120281759106	0.1680213747510139	0.15215150155491672	0.24575839906174562	0.25014936957532197	0.09610072265740431	0.12292446590296169	-0.2248468727832444	-0.2100832917518275	0.2441989628951469	0.24683474809552494	0.2505415401884078	0.2555923042732181	-0.20704230118946848	-0.2073481602021056	0.24382024080558523	0.24633973624822514	0.2518313205179334	0.25715117951386574	-0.20491346036632171	-0.2051315232970959
DKI Micro Tortuosity	1.1434505494533327	1.2506782499800062	0.9898605625754832	1.1230705958393605	1.2144534528546185	-0.03744269444189131	-1.2456957002933213	-0.9056589984348821	0.0	-0.03744269528703256	1.1434505494533327	-0.1619828262668371	1.2144534528546185	2.1677450180337137	-0.03744269444189131	0.6239401642126242	0.4589483050486113	0.16294744279140358	-1.2456957002933213	1.0738454193763125	-1.3172382680639256	2.214074471642035	1.8305786212774846	-0.11761402353542945	1.4543607427746428	1.077594028307126	2.075892002768551	-0.003985175690148635	-0.16506600320911738	-0.985167751105347	-0.9769872832464125	-1.212170027880618	-0.25965093229423347	0.025983779375800323	-0.03845761819709689	-0.09163692220973894	0.14803450509244964	-0.11877331947852068	0.6620945119186212	0.7259414765723498	0.42651049178626543	0.25827433412843126	-1.4443313724395013	-1.679241199676118	0.3628645776398631	-0.42651049141159825	0.680587092846265	-0.19635418854408349	0.846265202105149	1.502476142565945	1.6187709192246098	1.389481179720501	0.9178229442355886	-1.0158672240425362	1.1166145525861944	-0.16669070854128593	2.1277294943183573	1.88511374541457	-1.2712347913669575	0.8613286186796809	-0.1767282959356748	2.0063853721649667	1.7809987345334748	-1.3210970348991051	0.2447976162335433	0.636761025283283	0.5177408327884386	0.6775703591544261	0.5319441389187872	0.03804032220540723	0.31017522296415867	0.23295985898400126	0.31907783827150676	0.23659344624810655	0.6538444870842975	0.5729123193184482	0.5603890554489758	0.41109720981385467	0.5603890561718576	0.4110972131938244	-0.402825014751895	-0.39455461881690557	0.5710834452310068	0.5457402255945288	0.5302677506008164	0.5055763279785452	-0.33154162039708474	-0.29202284790829275	-0.49596342738404264	-0.5074662235365247	-0.13199333857801224	-0.17583034690258742	0.5470765475940311	0.530180582311828	-0.4919729247335678	-0.5012101148258848	-0.460303712131577	-0.47133397231823	0.4666228662149159	0.47525124293069065	-0.4923051043887314	-0.501629304023828	-0.4633835894243055	-0.4754667002436338	0.4626885697294357	0.4702267128749676
DKI Micro Trace	0.46272442900472394	0.34163005920859263	-0.25297319885884567	0.09178814377092666	-0.23350927212903166	4.9517187756431005	0.4843878506200853	0.579453816474669	-0.03744269528703256	0.0	0.46272442900472394	-0.37436074189730467	-0.23350927212903166	0.013901186454215753	4.9517187756431005	-0.3023248799550034	-0.38113218418505335	-0.32613556630289536	0.4843878506200853	-0.1570290371433067	0.16465807561103038	-0.07599012500830625	0.0617374335564612	-0.13877379359308886	0.005528849674502085	0.4873685707867916	-0.07651140400536625	-0.006188262391327192	1.4262110303457438	0.3976870337506382	0.43705406185191437	0.4460514854881312	0.340150265332171	0.052701435464616274	0.0038486455272532596	0.4683213606426712	0.06377366937204286	0.23296111492526395	-0.6330310108154261	-0.3617173713599145	0.3178721003886564	-0.16247049602438193	-0.17373702495666804	-0.09677362558280192	-0.27260052642829213	-0.31787210157963447	0.022109423278799785	-0.06044275243074524	0.08376002384809157	-0.03981054744857692	-0.043895495374921566	-0.3093580868148335	-0.5224062096635013	-0.5080811675103729	0.4738654173804939	0.29190149138955124	-0.07298772895346899	-0.06011732475071576	0.4486637897897365	0.5007132254902354	0.28676333875444854	-0.010510233018783826	-0.010922905413509033	0.30714055170725996	-0.13646192090108747	-0.1104124297792948	-0.09330001493561182	-0.1058089624723273	-0.16911454513672752	-0.2887217984587282	-0.10268364281969418	-0.09835861644742717	0.04386475609751334	0.048366027534561595	-0.10213839670446144	-0.12470117062489727	-0.16175087009238262	-0.2105343986666875	-0.16175087086168063	-0.21053439850941078	-0.11229234931911085	-0.28859540914125714	-0.12148453041639358	-0.1306231086999425	-0.12447108384408542	-0.13385545449368758	-0.06783575511372492	-0.06332299461910804	-0.01850550893680752	-0.02557103368347144	0.002971274292863638	0.01059285652254198	0.03766554127353964	0.06151514463319811	-0.012696315746449291	-0.018559128238117433	0.00041307246311990197	-0.0014717690450148076	0.030050214143871497	0.04041247872712019	-0.012057673887586879	-0.01794241933453453	-0.0007832059959700749	-0.003044206167032611	0.027114557873331693	0.03649527516206669
DKI AD	4.9517187756431005	2.295493934259451	0.57200488280191	1.0129805726597036	0.6329334944477933	0.4627244302164224	-0.521946007620508	-0.33253775303905714	1.1434505494533327	0.46272442900472394	0.0	-0.36266511368724186	0.6329334944477933	1.1884409700786653	0.4627244302164224	0.3490561453779656	0.20173962203213475	-0.027038596286216663	-0.521946007620508	0.6788183539406978	-0.7643614861973759	1.0476614273115574	1.271439367049554	-0.18473979510864125	1.0443901127865203	2.4304737168032813	1.0311869692491558	0.0015441063762845486	0.2851798341511465	-0.45429210785117546	-0.44875185719958977	-0.5317819947102889	-0.011521547174086606	0.04705193613979677	-0.026937779861416752	0.17253377016344	0.13956134635228484	0.09568862345813128	0.23574752165094354	0.41937107545545854	0.6943209024993305	0.14231655718132116	-1.5357424062332277	-1.2690966677733315	0.1534688960886707	-0.6943209024845226	0.6220715379153289	-0.1398463181868809	0.7945291255679084	0.9981887620608311	1.0232048904749236	0.6688384313273331	0.4000905625627846	-2.0721819501369216	2.8491026846792136	0.05569351166903805	1.043937013208117	1.0361627049299915	-0.5490780521067061	1.426867140900353	0.04355410939658562	1.163396208862002	1.1233420533533909	-0.655778817397212	0.10845281635028499	0.445179335960434	0.3312285651817522	0.4667699510602148	0.3276819339598899	-0.17458709086803956	0.19285581024112966	0.1335761135604447	0.331379821992649	0.2615677623787877	0.43286876863863477	0.36302075159834546	0.3191143622654586	0.17965937705664234	0.31911436260795534	0.17965937971245774	-0.4180236138543345	-0.5622690865614961	0.368953317723471	0.34427864189905394	0.339360339145781	0.31482651598320205	-0.2988665536062285	-0.26195829402131704	-0.42434044826409417	-0.4380070464276902	-0.07944968392924523	-0.11338833376935474	0.5233136564623633	0.5273080815790137	-0.41789687529672714	-0.4288205449041095	-0.373422082475827	-0.3838868316781615	0.42307486901952385	0.4367183719527719	-0.41800656654272667	-0.4291137370799932	-0.3763408377388319	-0.38767868467530125	0.41846695266980777	0.4306885782826994
DKI AK	-0.36266511368724186	-0.2470562213190755	0.2342888837850438	-0.18272743196877067	-0.03421601941171994	-0.3743607394121257	-0.041496944086399576	0.1292074532181736	-0.1619828262668371	-0.37436074189730467	-0.36266511368724186	0.0	-0.03421601941171994	-0.2281082381246544	-0.3743607394121257	0.476183723487142	0.6816989454366351	0.5148374761825915	-0.041496944086399576	0.20092093713158576	-0.04957583870537564	-0.08350411762000808	-0.18729228919127525	-0.08257030992587934	-0.15131094745540596	-0.4186109252125558	-0.09577249237276414	-0.00390641922988747	-0.43256096347945266	0.09115281951939457	-0.1739156195433764	-0.04915123055638529	-0.21189800388622293	-0.006269206063537782	-0.0202415281198262	-0.15319925846886928	-0.10689995245369309	-0.10699178823368984	0.45461282355750865	0.3359747145863465	0.09418195657417396	0.1757698165811938	0.2314112471398354	0.18708224767810586	0.23037395996078222	-0.09418195566355697	0.2616079350120282	0.5008765208122103	0.026134676425984896	-0.005992008517028693	-0.034949573803354526	0.10683061086530309	0.28399754886533385	0.5832390829398189	-0.4058183893890703	-0.39181069843302613	-0.08668262320054076	-0.08548568345226971	-0.06586038692492929	-0.7071799960245982	-0.41262371101990303	-0.1516450283878182	-0.14314513704147183	-0.1183466286174374	0.2925531408321536	0.2182314433635566	0.12270389375652717	0.22259580231304626	0.4120810355183571	0.26646868098668064	0.10929605499819613	0.09122383846278999	-0.023374901125109277	-0.041925893323234854	0.262231057054513	0.33603313798738677	0.24490157971878937	0.24251318987009177	0.24490157946746105	0.24251318875887581	-0.26696038902730057	0.05868758336021983	0.2354440095986535	0.26568929151772636	0.23044037584952873	0.2605703768279032	0.018254921323999727	0.02372824583865252	-0.06493905266715111	-0.05485434880313559	-0.08059217753249223	-0.0902742688064926	0.023370047621901743	-0.002065257194265235	-0.07371377833859333	-0.06801494391010558	-0.08730291326408471	-0.08324697584689937	0.053977645864753135	0.046410083835320734	-0.07536401286367435	-0.06968013167931865	-0.0883171434378736	-0.08494718861669334	0.056244581151198805	0.048509470698429466
DKI KFA	0.6329334944477933	0.7153948684419139	0.9023077735413324	0.9567810057998394	4.9517187756431005	-0.23350927142120614	-1.1544778011347523	-0.9961555518961355	1.2144534528546185	-0.23350927212903166	0.6329334944477933	-0.03421601941171994	0.0	1.0038125962199484	-0.23350927142120614	0.49329767196702645	0.3734437079857463	0.2746758552408893	-1.1544778011347523	0.8059915624895186	-1.1291130905601319	1.2287468820093241	1.0386462288355451	-0.08068399424695223	0.958104861837116	0.6058177282990059	1.2021564172298778	-0.008508310547482936	-0.3096517719138918	-0.8167556707199508	-1.0180835951851515	-1.0913049223275064	-0.32413968863689474	0.018626235412107946	-0.05090269541623309	-0.11915520373179717	0.11171432684074892	-0.21029312488714316	0.6429536091375757	0.5922761684942207	0.21209276011436948	0.5065534325347957	-0.8683380315581378	-1.0075617187621053	0.635751006103466	-0.21209275951326648	0.40988640341756727	-0.26538878005098154	0.4455701763349868	0.9960891029362535	1.0379426646675305	1.1080706494637065	0.8552942547140966	-0.5482399190950559	0.6209377449581562	-0.21844656813922672	1.2097373904977082	1.1479086163466992	-1.138798689778148	0.5080962952098788	-0.22284425319162623	1.0578451655454726	1.022289891449221	-1.0434314710122936	0.1147026741405065	0.5080267956251939	0.4533245231614404	0.5433320014477425	0.4336780605877729	0.0641059026872371	0.27071751552380274	0.20739234842301518	0.2510756354553579	0.18398487152905232	0.5251324418669336	0.4635567685710315	0.48884271395515594	0.3839389554175229	0.4888427150130068	0.38393895933524697	-0.24862566072284006	-0.2178746476991785	0.4706411484139293	0.45170953689468546	0.4394080930468285	0.4201504013247419	-0.26446929208370984	-0.23564550865637696	-0.38992491024359116	-0.39258946719849663	-0.10043218698119774	-0.13721610231631715	0.42285210509149207	0.4007905618017	-0.38373217525312564	-0.3851853556854648	-0.3645496344237019	-0.3692744864843674	0.3587926167328275	0.358573032177035	-0.3834011423626053	-0.38480201959061494	-0.36828042570746994	-0.3741651479454313	0.3532814043153423	0.35180300831040084
DKI Linearity	1.1884409700786653	1.231951167611063	0.8473087816620989	0.9788590429255276	1.0038125962199484	0.013901187382787948	-1.1178472484704087	-0.8587396425452859	2.1677450180337137	0.013901186454215753	1.1884409700786653	-0.2281082381246544	1.0038125962199484	0.0	0.013901187382787948	0.5744797910072857	0.4025217814771974	-0.00607354363448663	-1.1178472484704087	1.0167715918807934	-0.9886892516641965	1.6190943014738934	1.522165310187126	-0.08012029725662938	1.3364150311066811	1.1360860196513698	1.5833111339332897	-0.0005427122064491318	-0.1057056979036695	-1.0940461357915636	-0.7667421414480142	-1.0884033334192602	-0.22829419255400377	0.020543136631563177	-0.023782957573176923	-0.08892957767713318	0.13639256803137448	-0.08729182296336992	0.5787035569516719	0.6515587968703508	0.4216417031034497	0.09424566878004735	-1.459727741625972	-1.6631156158922187	0.18967605737953905	-0.42164170318161087	0.6691795959341533	-0.23947262598911756	0.8571772737052307	1.2680896822869219	1.3278694841074383	1.203708900972687	0.7958148020946093	-1.0970878497927983	1.1742240183271435	-0.11886156760855816	1.6071875562663975	1.5204909319157134	-1.1374399229244005	0.9495584848467242	-0.1286631306485573	1.6962728898475197	1.5611905292059212	-1.2036363041546514	0.23110605825195582	0.6094742520263141	0.48420937345441956	0.6411639182445835	0.49712493381883816	0.00394875270657763	0.28039654335635766	0.20823252995067776	0.30523411955794916	0.22725395621563876	0.5997313792749568	0.5206362493648607	0.4920893438244814	0.35289303069685746	0.4920893444606664	0.3528930335488799	-0.3959258878564003	-0.4119997138588875	0.5191402512959484	0.49338063630125106	0.4813911558905059	0.45635470686407753	-0.32032421992086735	-0.28272050236114354	-0.4763360400325317	-0.4879985034138868	-0.1273288158590814	-0.16894058880097532	0.5252325458456741	0.5115945413427871	-0.4714759752933104	-0.4811274494000881	-0.4373584849853761	-0.4483686573751391	0.45146163133116607	0.46085308852322493	-0.47191769231993774	-0.4817253739613343	-0.4398778209619789	-0.4515694768082931	0.4482888038329108	0.4570198542105824
DKI MD	0.4627244302164224	0.34163006037128546	-0.25297319782982586	0.09178814370443883	-0.23350927142120614	4.9517187756431005	0.48438784991785155	0.579453817223087	-0.03744269444189131	4.9517187756431005	0.4627244302164224	-0.3743607394121257	-0.23350927142120614	0.013901187382787948	0.0	-0.30232487823081083	-0.38113218215913497	-0.3261355644245303	0.48438784991785155	-0.15702903601219112	0.1646580743462765	-0.0759901240161083	0.06173743432697258	-0.13877379263056192	0.005528851186853962	0.487368572295561	-0.07651140299018909	-0.006188264352643628	1.4262110310600329	0.3976870338433113	0.43705406070079894	0.4460514849040936	0.3401502624103722	0.05270143762278186	0.003848647025515351	0.46832135846240314	0.06377366904179428	0.23296111964986635	-0.6330310083148603	-0.36171736938090576	0.31787210168792274	-0.162470495784409	-0.173737026151554	-0.09677362666027678	-0.27260052598841517	-0.31787210287890433	0.02210942476928369	-0.0604427506577055	0.08376002492292832	-0.0398105465169373	-0.04389549453003658	-0.30935808577384516	-0.5224062081962216	-0.5080811683634553	0.47386541856201	0.2919014919053493	-0.07298772786082673	-0.060117323826029835	0.44866378881321844	0.5007132251624047	0.28676333919995795	-0.010510232285662708	-0.010922904804921064	0.3071405505089193	-0.13646191850084305	-0.11041242858327442	-0.0933000163710723	-0.10580896237770805	-0.16911454380877855	-0.2887217988958838	-0.10268364382567496	-0.09835861856017546	0.043864754668289374	0.04836602492918879	-0.10213839693477965	-0.12470117119370708	-0.16175087042348946	-0.21053439785791606	-0.16175087119278506	-0.21053439770063617	-0.11229235002749823	-0.28859540975722153	-0.12148453063381105	-0.13062310987139228	-0.12447108449178078	-0.1338554561807337	-0.06783575693293378	-0.06332299660819915	-0.018505509957234528	-0.025571035451001742	0.002971272559127821	0.010592853301406238	0.03766554175413396	0.061515145477234266	-0.0126963176297936	-0.018559130646383388	0.0004130709442005095	-0.0014717713220799911	0.03005021643869303	0.04041248129537424	-0.012057675809130995	-0.017942421785727036	-0.0007832074176357553	-0.0030442083193518814	0.027114560355057396	0.0364952780214422
DKI MK	0.3490561453779656	0.505543941493666	1.2665242911628996	0.510434802482417	0.49329767196702645	-0.30232487823081083	-0.8025513458844696	-0.37506366317226064	0.6239401642126242	-0.3023248799550034	0.3490561453779656	0.476183723487142	0.49329767196702645	0.5744797910072857	-0.30232487823081083	0.0	1.8053432698777476	0.47374066463492837	-0.8025513458844696	1.3632709737509976	-0.824911281359035	0.7681793922903821	0.6468892435214486	-0.04288744647733673	0.6473295502600913	0.2931240455780452	0.7589233496034841	0.0069566970537158134	-0.46980417853971584	-0.5609617807378897	-0.8959130793640199	-0.8284574118272726	-0.34498815172389236	-0.012482125067651157	0.0015544826104445068	-0.2660328801067831	0.051896220807643334	-0.09949090281885288	1.4860040171215898	1.371084375846528	0.6472570111359253	0.23634166334715515	-0.5033942379810337	-0.5539760279890448	0.37757921984338494	-0.6472570102643247	1.1750311348997695	0.3723900060861638	1.0342041044107477	0.9322973339050423	0.8727423041070498	1.0464653389931848	1.3042289357978851	-0.20971415916269998	0.30811761136830856	-0.35399858048012894	0.7701877443604254	0.7762359788111453	-0.8714198966462857	0.021751519083075942	-0.38594550069373484	0.7169316222233377	0.7199789853258157	-1.149344256458072	0.5175855438601324	0.8645359002379169	0.5174540760676096	0.9086099877538452	1.0447833395459447	0.11474724558354045	0.2885614672587852	0.21091215532668417	0.23006948267699345	0.14655740473101084	0.8666919995617168	0.8788181119087894	0.6059651475594009	0.444815973037507	0.6059651467781142	0.4448159740394528	-0.6216928566974621	-0.28674272340183987	0.6724826634746565	0.6863422834546796	0.6218942419090895	0.6347501472818725	-0.23952916931469584	-0.20287926557071329	-0.4970105426017468	-0.4946512688933736	-0.20488458171606969	-0.24838781511723776	0.4825077820952452	0.44403277260934976	-0.5052588240075736	-0.505862244655742	-0.48468247751199894	-0.4903677200937071	0.4691952958337928	0.4664186281715993	-0.5082034865366972	-0.5090545733605671	-0.4865211854765029	-0.493235225948405	0.47198025157901347	0.469043107754214
DKI MKT	0.20173962203213475	0.3509632480329391	1.0044783469660234	0.33657289338385266	0.3734437079857463	-0.38113218215913497	-0.6487876123281795	-0.2709475481384617	0.4589483050486113	-0.38113218418505335	0.20173962203213475	0.6816989454366351	0.3734437079857463	0.4025217814771974	-0.38113218215913497	1.8053432698777476	0.0	0.5860073184943073	-0.6487876123281795	0.9525184240724826	-0.6843787637876291	0.5886770903229839	0.46368792796856	-0.05956268039086836	0.46941026974800165	0.14406199932433253	0.5790506430571732	0.00468533543677615	-0.5482738740397759	-0.42487553683454204	-0.7847174509875331	-0.6745259895181499	-0.3412868655753551	-0.003220983300923447	-0.014357612125163259	-0.27096605725725886	0.023699048564768642	-0.10494389793911703	1.473817487545618	1.2846618553676887	0.589385395516868	0.267967676828568	-0.3381567325009706	-0.38035918901074217	0.4024095371298403	-0.58938539423087	1.0377216145352468	0.5885809737278603	0.8315813085891655	0.7254274383218844	0.6672769028125324	0.8275783026598608	1.1244209675419197	-0.05400510590721443	0.15681831137587343	-0.40948158130522816	0.5881422618462335	0.5934514972802722	-0.7103588584472524	-0.15689490718476048	-0.4440967832640222	0.5222350215771224	0.5288012344703046	-0.9161552915951451	0.5216375901221734	0.8129106933469912	0.4839732687829435	0.8462955132266851	1.0499509653988466	0.16934781941891217	0.27770767039035177	0.20521999036925093	0.19339110247991032	0.11655873877864656	0.8197700250513681	0.8563608965656542	0.6074698757251893	0.4648352729866719	0.6074698745872583	0.4648352729102006	-0.6238741105416354	-0.2487890101276395	0.6509415860109863	0.6710472195627495	0.6053797374723094	0.624366639474943	-0.2037993120071434	-0.17036344935159153	-0.4453490557918974	-0.4398280667295778	-0.2015136455982489	-0.2390999198194803	0.42301978385634353	0.38493854546106043	-0.4553718743070557	-0.45374639986959325	-0.44163848687719376	-0.4447389470379012	0.421020019260543	0.4161865019437049	-0.45831008770825094	-0.45688870302488427	-0.4442424871510268	-0.44882269776400785	0.42340754476231934	0.41801042067597893
DKI Planarity	-0.027038596286216663	0.07927256778028297	0.5220777079473206	0.29601502750434666	0.2746758552408893	-0.3261355644245303	-0.28060922105305197	-0.08514016301884947	0.16294744279140358	-0.32613556630289536	-0.027038596286216663	0.5148374761825915	0.2746758552408893	-0.00607354363448663	-0.3261355644245303	0.47374066463492837	0.5860073184943073	0.0	-0.28060922105305197	0.31583370437676483	-0.633717429547569	0.30549908788635616	0.255354862756724	-0.17546597519430132	0.22363590293475416	-0.06827846854240932	0.30124036586585423	-0.010156927750993893	-0.42402298249471	0.07944872585919285	-0.6674961099319604	-0.2991971129646671	-0.2779399430928465	-0.011890515243992816	-0.0352124617169976	-0.09518144057494334	0.09650501648366694	-0.11134434408028637	0.5201144358206622	0.4364673217099373	0.1554303972322507	0.8676832024794146	-0.08250252972051066	-0.12139216643244381	0.9322695203437589	-0.15543039487394497	0.29180378501434423	0.349459579743275	0.21976748434659427	0.3733349901717848	0.36067934857944645	0.3519009008146206	0.4688627506071693	0.11357434336844775	-0.054740032749888215	-0.3343584356644827	0.29967227158646786	0.2881292797909468	-0.2998747693206744	-0.23282317134375685	-0.34789825968018	0.2284571850591347	0.2256854522591822	-0.31558809726312376	0.3199683651346988	0.31670380121324115	0.25386850744509454	0.33776978890672155	0.4038489699695239	0.2331951555095303	0.1723940073501005	0.13931904861489103	0.07144312087936629	0.035574624942967106	0.38594892458510144	0.4132302406591945	0.39356722427078183	0.3613227407130697	0.3935672235382128	0.36132274089004945	-0.2708416567333483	-0.07965317486306274	0.342661801285327	0.35585599700389775	0.3329238026881598	0.34580480728131346	-0.08520648779095434	-0.07020282253590998	-0.17104205033102943	-0.16862978529749134	-0.09073219483461573	-0.11114355882861753	0.15381870397523079	0.1327043644673355	-0.1772398827591486	-0.17575421828234003	-0.19331679097223212	-0.1945102388453344	0.14605069223746986	0.14222817564192058	-0.17780749916788513	-0.17615807766606892	-0.19578165614112936	-0.19850469247439068	0.14443492462517912	0.139166578014115
DKI RD	-0.521946007620508	-0.6222726760121683	-1.1253685700282425	-0.7306692052959441	-1.1544778011347523	0.48438784991785155	4.9517187756431005	1.4892092066353477	-1.2456957002933213	0.4843878506200853	-0.521946007620508	-0.041496944086399576	-1.1544778011347523	-1.1178472484704087	0.48438784991785155	-0.8025513458844696	-0.6487876123281795	-0.28060922105305197	0.0	-1.0922012371925103	1.1682568682697794	-1.321376961698303	-0.9992409848659345	0.020267647419730875	-0.9544771694828068	-0.48908520306161046	-1.3057045595188175	0.0011265161080613831	0.5912875085544044	1.3749070886424284	1.420378116018992	2.1810755388256893	0.42099043264242847	0.006467016499464848	0.02134865310729879	0.31201822477451946	-0.10572002775222668	0.2433384083038486	-1.101176325021317	-0.8353280090662552	-0.19328688426535592	-0.2407164647136519	0.7852956196340609	0.9403710573680119	-0.40565555422048905	0.19328688405775066	-0.5426951837673728	0.14199052098839926	-0.6296425166948078	-1.110990915388045	-1.1379060399267105	-1.720803945926943	-1.4582683214793342	0.4571583889510478	-0.5093454328225641	0.3200642093924754	-1.3107673783192173	-1.2179451983053131	2.8585046510908914	-0.3881251651636747	0.32748424606485876	-1.1517909640768984	-1.0960222966130877	1.7149757823392517	-0.32644811078928865	-0.6382015695463716	-0.5297336433620048	-0.6861972217477151	-0.6171320588750505	-0.19280425655790268	-0.3094351825547834	-0.2392210497185548	-0.21260880445419741	-0.14251345754025516	-0.6696471772740552	-0.6201328466023436	-0.6041659976826145	-0.49309711703502795	-0.6041659986169423	-0.49309711991976907	0.31420839343313584	0.16513340948959807	-0.574306215938584	-0.5651718059458466	-0.5364561993060188	-0.5271177845252495	0.2536295621146102	0.22334351998798846	0.41531075995299155	0.42048634077858055	0.1516320629688675	0.19374653252746127	-0.40605144313991237	-0.3800566289832985	0.4165176413473891	0.42089083683587336	0.4117123043419822	0.4194365534591787	-0.3721902096372891	-0.3739021095009327	0.41728514990139276	0.4216630631376066	0.413363532882136	0.42175826584757026	-0.37143824414771026	-0.3728930506274318
DKI RK	0.6788183539406978	0.8445796754998317	1.584444380567384	0.9060017137996101	0.8059915624895186	-0.15702903601219112	-1.09220123719251	-0.5882114410848194	1.0738454193763125	-0.1570290371433067	0.6788183539406978	0.20092093713158576	0.8059915624895186	1.0167715918807934	-0.15702903601219112	1.3632709737509976	0.9525184240724826	0.31583370437676483	-1.09220123719251	0.0	-1.117973493473715	1.241788082042255	1.1246672745571578	-0.06314199232321048	1.078600522972065	0.6211072322178982	1.22608712423351	0.005596168451859342	-0.31214224091998033	-0.8036511520928037	-1.0322819925085374	-1.104209130145155	-0.33041075374152146	-0.01631630899137562	0.008700280602054598	-0.19768997499732607	0.10508723872392021	-0.11215485697907096	1.073343015362678	1.0798397094191985	0.5854994413343632	0.21478638321376176	-0.9410786249603205	-1.050661363014285	0.3496440726707497	-0.5854994406777724	1.0854039915671903	-0.02320550917113945	1.1315490957080934	1.4190326856284006	1.4071555575263692	1.5791797310266402	1.3008797432373973	-0.5332592727905282	0.6479173836512183	-0.26672028199652276	1.2509907850803528	1.2389052532275764	-1.1681776082704098	0.40277534016354316	-0.2901137386193338	1.25154131629242	1.2192518588301893	-1.5864713580576202	0.45124386148542756	0.8208578942161223	0.5488453852927723	0.8753851589666026	0.854412971766607	0.06723673318561722	0.30713559933083756	0.22484353778333688	0.27946134587302407	0.1907783694914605	0.8555071980605238	0.8150587736065465	0.6026287446429794	0.4278971515148278	0.6026287454169811	0.4278971542430524	-0.5658117606358773	-0.34741403430275236	0.6691552419019744	0.6658416346825631	0.6168493119521685	0.613477950591078	-0.30771829926212596	-0.267426304034354	-0.5375752867679072	-0.5438059788967402	-0.19117273398080484	-0.24064968648429955	0.542523151412978	0.5101639720260225	-0.5410915778160486	-0.5478601052278208	-0.5141845483835638	-0.5247872125676288	0.5039854837190538	0.508092739248727	-0.5433887886399363	-0.5504348718789105	-0.515189557590879	-0.5263374888826279	0.5058288155701695	0.510065922652756
DKI Sphericity	-0.7643614861973759	-0.9321352743635192	-1.3950418784424945	-1.1448432848256787	-1.1291130905601319	0.1646580743462765	1.1682568682697794	0.7200912583976001	-1.3172382680639256	0.16465807561103038	-0.7643614861973759	-0.04957583870537564	-1.1291130905601319	-0.9886892516641965	0.1646580743462765	-0.824911281359035	-0.6843787637876291	-0.633717429547569	1.1682568682697794	-1.1179734934737147	0.0	-1.7439858830938504	-1.4685210908595465	0.16123472121641633	-1.1996939777328928	-0.7037237608394764	-1.6814551080440987	0.0053996259149512536	0.31114143484059203	0.634440706928915	1.5921249955585	1.1773114117879624	0.3029915900679899	-0.015850977603314626	0.04139658686927093	0.14137967307417218	-0.16078940364967026	0.16129097136415707	-0.9138488145731304	-0.9144690132726894	-0.44776642702138525	-0.6066429291445068	0.9885897324812016	1.105781771399998	-0.7603599431432044	0.4477664253306573	-0.7220044996129079	0.006377074763874394	-0.8180616228776281	-1.708498650402897	-1.7565471349437403	-1.469616532834558	-1.197529156630366	0.6423883282507457	-0.7305434234907825	0.2764293500335836	-1.6969268307530485	-1.5742815970292332	1.2188010322764873	-0.4919292369443063	0.29013761773417135	-1.4471589511671659	-1.3743779766612372	1.3340225438655684	-0.33970477830661333	-0.6992442218567068	-0.5531069191577761	-0.7587872263940263	-0.6618317675349887	-0.11197664245939705	-0.3353672136776282	-0.25315003083473553	-0.299943641363906	-0.21365170820189017	-0.777950673516353	-0.7138303839786305	-0.6671100215415368	-0.5004655104664418	-0.6671100221602495	-0.5004655136344167	0.44637757896430164	0.3295368462902286	-0.6556531125314455	-0.6418720521782524	-0.6087364318470092	-0.5948493489045114	0.31757042875649505	0.27745847315947364	0.5024875132126683	0.510627654919532	0.1544940557069114	0.20077320175450533	-0.5314428848951535	-0.5056268191649296	0.5039738052569226	0.5105011299319037	0.48575255864935135	0.4954190606562348	-0.4644134818688991	-0.4692023661876233	0.5047958264762753	0.5113493665104798	0.4892363263317458	0.5004293910133686	-0.4613823513855119	-0.4648282271384737
DKI Tensor FA	1.0476614273115574	1.21669675496017	1.2342844451676607	1.2129119693956207	1.2287468820093241	-0.0759901240161083	-1.321376961698303	-0.849747546785011	2.214074471642035	-0.07599012500830625	1.0476614273115574	-0.08350411762000808	1.2287468820093241	1.6190943014738934	-0.0759901240161083	0.7681793922903821	0.5886770903229839	0.30549908788635616	-1.321376961698303	1.241788082042255	-1.7439858830938504	0.0	2.0591290890831675	-0.130663088661686	1.5105248499200596	0.9755694232826921	2.805228322692565	-0.003215342574216717	-0.21776970562406592	-0.8934470494144439	-1.2108491774475045	-1.3088099535200846	-0.2885160963397326	0.02016340056539303	-0.03375106072589771	-0.11662280503622159	0.16070173174389205	-0.1314328724072325	0.8025074748230296	0.8535132276956955	0.4736090655613246	0.3554080988230366	-1.366981101589829	-1.5927122934687419	0.4766266916580855	-0.4736090647588677	0.7782232882538178	-0.12061148934196121	0.9434482599211477	1.9888340154882946	2.1318361013003697	1.6341101542898349	1.095153840823188	-0.908048184344275	1.0120541594519883	-0.21278871547675793	3.076443018284374	2.252176849945106	-1.376199595398469	0.7340874288655767	-0.2257603819034094	2.2630007133711088	1.9356570660142232	-1.538251777354725	0.3088626807234213	0.7167719165778572	0.562425734848456	0.7697887751059915	0.6334086732451706	0.06269898230400885	0.32938924567153866	0.24615938409817748	0.32203933579576854	0.23363726766945275	0.7563475565812705	0.6746711161290804	0.6299588211703006	0.4599914592856486	0.6299588220360689	0.4599914623702267	-0.45918053224718985	-0.39661337053456885	0.6391298754105437	0.616892219693864	0.5915273543680184	0.5698764413183505	-0.3430829112727936	-0.30059632296057587	-0.53202590457395	-0.5430297185726333	-0.15492112507530928	-0.2016794491490993	0.5729385075805241	0.551158139742413	-0.5302618112813258	-0.5392439185784982	-0.5020938070167482	-0.5134312141977069	0.4962617144639673	0.5041497188746468	-0.5309533305809118	-0.540024028430962	-0.5052726296708313	-0.5178803168652534	0.4929470350133236	0.4996651504291122
DSIStudio GQI GFA	1.271439367049554	1.4833871361199016	1.0929165700935883	1.501902560181139	1.0386462288355451	0.06173743432697258	-0.9992409848659345	-0.6492821048391629	1.8305786212774846	0.0617374335564612	1.271439367049554	-0.18729228919127525	1.0386462288355451	1.522165310187126	0.06173743432697258	0.6468892435214486	0.46368792796856	0.255354862756724	-0.9992409848659345	1.1246672745571578	-1.4685210908595465	2.0591290890831675	0.0	-0.15938825708248847	1.6377212685630609	1.181664181243849	1.9946452646311394	-0.0009992878577454638	-0.08241197051899023	-0.7149392380038685	-0.9717181862223124	-1.0070862942926495	-0.21065436719010003	0.020061347181282434	-0.019071461722281653	-0.0334697622976609	0.1778654276915143	-0.07057928633030054	0.6192015603666541	0.758425196288176	0.5503669099537478	0.3562389889902515	-1.6844607272946277	-1.7827781021676403	0.4391096383332234	-0.550366909106146	0.7934363422578374	-0.17683062292036206	1.0017522594601322	1.899346345157602	2.0996758683553804	1.2727185645075627	0.8614523901314278	-1.112788633514427	1.2362300229489391	-0.12753004107873053	2.039624822819605	1.9073836213235993	-1.0382805292998452	0.915645996824452	-0.1400929149210871	2.5025720048414883	2.0798959678691338	-1.1924886123874023	0.26641084401142756	0.6453870308640827	0.5048326673804538	0.6892305155085819	0.5431038018875572	-0.010432700543967244	0.29943028322789056	0.22040472166349503	0.3437166697066431	0.25587993062747266	0.6771549224716259	0.5952246806762285	0.5431281672003868	0.37883071189909856	0.5431281683895367	0.37883071482121494	-0.4600653235352599	-0.46584823218708965	0.5719753045400577	0.5470700201096428	0.5290545277364058	0.50468454032988	-0.3432268862627575	-0.3008027097768744	-0.513055707528694	-0.5266163488062239	-0.12721436731702138	-0.1734684471221548	0.5838100815609965	0.5678072395442209	-0.5096922103749147	-0.5205130562319764	-0.47344310418796165	-0.48605442313130354	0.4891161826661387	0.4996551548039145	-0.5103494175450799	-0.5213189426480083	-0.47584174843339355	-0.4894149411964919	0.4860606636453068	0.49550660993711193
DSIStudio GQI ISO	-0.18473979510864125	-0.19660836506966062	-0.0950024840249482	-0.17664605146475332	-0.08068399424695223	-0.13877379263056192	0.020267647419730875	-0.04860190981548736	-0.11761402353542945	-0.13877379359308886	-0.18473979510864125	-0.08257030992587934	-0.08068399424695223	-0.08012029725662938	-0.13877379263056192	-0.04288744647733673	-0.05956268039086836	-0.17546597519430132	0.020267647419730875	-0.06314199232321048	0.16123472121641633	-0.130663088661686	-0.15938825708248847	0.0	0.1697821837134105	-0.1799063198335957	-0.13053131320583858	0.011493131078192957	-0.08002498022526304	-0.07200399284954101	0.09859334586811014	0.027280387244045436	-0.05758139044572983	-0.052950043057165955	0.04026930439363284	-0.20402086646721254	0.05800044041507295	0.15850938504499906	-0.017025036972672318	-0.07151500964510794	-0.14067343258120413	-0.2925352529525938	0.16977552381030384	0.12931777415640444	-0.25886536081129174	0.14067343212926403	-0.11759873902238845	-0.08100113944819588	-0.10510713633703586	-0.14902907817275765	-0.15107748267170124	-0.06388354446837216	-0.04225167087381117	0.15505921830451935	-0.1734299183673026	1.1347808729214064	-0.13255278548463062	-0.14700010965027616	0.03876408718039088	-0.10890133965035056	1.1229171467342554	-0.1334982073637114	-0.14786737595568616	0.05404427014374271	0.22218684490934618	0.2113617596820038	0.12086210603670859	0.15099830752705937	-0.18389690332350347	-0.4254059656828911	-0.16016047179201606	-0.14530155118405866	0.0017378804604271097	0.003689174347511303	-0.12743393591391106	-0.2790287825477292	-0.30246616590530384	-0.3113840304771803	-0.3024661686129856	-0.3113840205817173	0.2831757340683824	-0.19243826894845076	-0.1964785318940418	-0.2583408931198644	-0.19820802162210185	-0.2589423004443908	-0.05774525896211835	-0.06039058110387512	-0.08189918120417274	-0.0851185402977462	-0.0625520292303364	-0.05916247732925414	0.03849824739798093	0.047900157609730355	-0.06539004252987855	-0.06940239277810326	-0.04371147103702047	-0.0427927956099499	0.07056878540743614	0.07892024396370749	-0.06588162345654298	-0.0705572236676186	-0.03798045734980516	-0.03385159406035049	0.07728561768535228	0.09000599734899466
DSIStudio GQI QA	1.0443901127865203	1.1704187033901745	1.0068897674055408	1.1910094907340854	0.958104861837116	0.005528851186853962	-0.9544771694828068	-0.6392827622901909	1.4543607427746428	0.005528849674502085	1.0443901127865203	-0.15131094745540596	0.958104861837116	1.3364150311066811	0.005528851186853962	0.6473295502600913	0.46941026974800165	0.22363590293475416	-0.9544771694828068	1.078600522972065	-1.1996939777328928	1.5105248499200596	1.6377212685630609	0.1697821837134105	0.0	0.9797217319463364	1.4847782707524197	0.00019215433804166857	-0.12454367205783022	-0.73189073334734	-0.8832396590699033	-0.9586285422861258	-0.23685079971076906	-0.000604300093731288	-0.011420202486864832	-0.10973505215824164	0.19042352117634953	-0.006604451243300202	0.6281465633178644	0.7378409986488744	0.5071888696619872	0.25831570721834	-1.3513174272552777	-1.4525249640328672	0.34597326611349327	-0.5071888689492581	0.7523301208299266	-0.18418415158305218	0.914686245288748	1.436674479129573	1.5018216390023342	1.1770423492697797	0.8347801874982722	-0.9262341538683955	1.0259581924810772	0.13767025467652638	1.5008966799518668	1.4269717654792375	-0.9793837104763964	0.7949590553009617	0.12244793817186189	1.6267506930162376	1.4896948483425125	-1.1186643134339567	0.36335758687607095	0.8013730787816049	0.5706307300105635	0.8107666498972195	0.4848596056524727	-0.15908804679344143	0.23803842921969398	0.16536554414573704	0.34977132522388044	0.2597983973057797	0.6315035591444996	0.4842663370735311	0.41979868135385945	0.26584831776621853	0.41979868116113556	0.2658483236955501	-0.37476632780661695	-0.5862228835990616	0.49603478414685415	0.4454882747850567	0.45608454525723185	0.40727448174154823	-0.3679713344266406	-0.32472241920423334	-0.56350066855768	-0.5783701452435033	-0.15246138736509357	-0.20010224242235886	0.6180392978571483	0.6027829249240664	-0.5525806915119532	-0.5652223017689586	-0.5017269477812204	-0.5138544836687309	0.5346155389901449	0.54877804331855	-0.5537943826304504	-0.5669830553749632	-0.50162060123834	-0.5132165469341018	0.534930049743742	0.550128603118712
DSIStudio Tensor AD	2.4304737168032813	1.871297505184323	0.5153697256009354	0.9586729613651801	0.6058177282990059	0.487368572295561	-0.48908520306161046	-0.32430205134043777	1.077594028307126	0.4873685707867916	2.4304737168032813	-0.4186109252125558	0.6058177282990059	1.1360860196513698	0.487368572295561	0.2931240455780452	0.14406199932433253	-0.06827846854240932	-0.48908520306161046	0.6211072322178982	-0.7037237608394764	0.9755694232826921	1.181664181243849	-0.1799063198335957	0.9797217319463364	0.0	0.9625163098847129	-0.0059807124476863515	0.364604396320505	-0.41935322334435976	-0.3895678706388503	-0.47508248298768874	-0.0038783601482957207	0.06418254848016423	-0.023786732714529104	0.21612935633577776	0.11287449622985692	0.11558887490796987	0.18585019493249497	0.36165276061138907	0.6355692848878826	0.11662741745803964	-1.4226809765508646	-1.200669180131844	0.12325174671818538	-0.635569285290521	0.559396552656125	-0.17218524724697581	0.7276285796097998	0.9215310638486589	0.9481582863879634	0.6192687631195458	0.3516413368705737	-2.0931705293084266	2.610433753613631	0.07147437821140346	0.9848765566745947	0.9776905383533978	-0.5160280671327167	1.5060054105413274	0.061124878038903874	1.0894502264259083	1.052514642881341	-0.6054242229458717	0.073769118659012	0.3928682007537181	0.2926929693806469	0.4125298749305509	0.2830393589074135	-0.1796283116020814	0.1638523378551687	0.11148256888462187	0.2986468209529491	0.2378399657861276	0.3824162021608815	0.3182619408789399	0.2804524138056399	0.15090747789053197	0.28045241437389845	0.15090748033443216	-0.3773848014122118	-0.5206525211317636	0.3214331606850481	0.29884954774419015	0.29559954796315485	0.27298276169892577	-0.29480196091598143	-0.26066993489581336	-0.40047814246123564	-0.4136170847685794	-0.08603412521503476	-0.11526580246964217	0.4815893838706821	0.48905084053382386	-0.39420890124588354	-0.4045223824328489	-0.3542704654100797	-0.36382073978157536	0.3975981346494993	0.4108362833390205	-0.39415270192848595	-0.4046247167921174	-0.35698845505796095	-0.3675467516033959	0.393045438567903	0.4047343185520787
DSIStudio Tensor FA	1.0311869692491558	1.1885866497261979	1.217505656518273	1.194169008126793	1.2021564172298778	-0.07651140299018909	-1.3057045595188175	-0.8457785420130183	2.075892002768551	-0.07651140400536625	1.0311869692491558	-0.09577249237276414	1.2021564172298778	1.5833111339332897	-0.07651140299018909	0.7589233496034841	0.5790506430571732	0.30124036586585423	-1.3057045595188175	1.22608712423351	-1.6814551080440987	2.805228322692565	1.9946452646311394	-0.13053131320583858	1.4847782707524197	0.9625163098847129	0.0	-0.006145457689807621	-0.23811707892039025	-0.9205014294778764	-1.2551699534114407	-1.3686838422431045	-0.3142066313485698	0.03165651179114008	-0.036728914330137176	-0.09954859798093073	0.15929528901839438	-0.1492807951161726	0.7935702593622934	0.8363097822789842	0.4615287888158353	0.35238400682291054	-1.337711725451721	-1.562604108653551	0.4737091760331481	-0.461528788288949	0.7612148036002931	-0.12312335990905861	0.9278626950046814	1.9338684265961013	2.077667104041842	1.6287886719411058	1.0911979103142289	-0.9050783509424062	1.0101443553489933	-0.21398433523728694	3.0732236131705224	2.2087653091622332	-1.3791725321997317	0.7336793048594322	-0.22668776182572775	2.1909834567246342	1.8757655164852536	-1.5152049646311183	0.3091906029383194	0.7102729482396339	0.5685942446287672	0.7645346317535141	0.6235653852480602	0.07031380592748081	0.3325845593810722	0.2489040463127888	0.3203825996947368	0.23209625480730267	0.7538608345533806	0.6705681020659062	0.6371836717701518	0.46962193676177366	0.6371836731052288	0.46962193956222503	-0.45062124148429833	-0.3925709731025705	0.6398222866602896	0.6167572620440948	0.5920030371826979	0.5695946615997188	-0.3404774608010164	-0.2986210845386581	-0.5248546176439166	-0.5359518965789142	-0.1519459463744598	-0.19866691198554895	0.5663000877445905	0.5445501994358741	-0.5230564111807124	-0.5320169144077518	-0.4971778857806165	-0.5083544894609106	0.48808618540190535	0.49600140815886273	-0.5236810259088633	-0.5327194596806897	-0.500307894755643	-0.5127699334730473	0.4847381211948897	0.49147039779498913
DSIStudio Tensor HA	0.0015441063762845486	0.0034984160871505783	0.004531683478298245	0.007568196946908237	-0.008508310547482936	-0.006188264352643628	0.0011265161080613831	0.006165026596401122	-0.003985175690148635	-0.006188262391327192	0.0015441063762845486	-0.00390641922988747	-0.008508310547482936	-0.0005427122064491318	-0.006188264352643628	0.0069566970537158134	0.00468533543677615	-0.010156927750993893	0.0011265161080613831	0.005596168451859342	0.0053996259149512536	-0.003215342574216717	-0.0009992878577454638	0.011493131078192957	0.00019215433804166857	-0.0059807124476863515	-0.006145457689807621	0.0	-0.013533727577562438	-0.0020805741821751504	0.0038231450310600382	0.0008494262434707762	0.0035109479339715585	-0.13016554387950185	-0.035990472788346835	0.010142575548141129	-0.002497114143666408	-0.016015810779440073	0.007713375253971722	0.01184454363610034	0.009783836517042498	0.0004258358605661648	-0.00402333667622693	0.0004548069915783106	0.0006515532502025318	-0.00978383408561215	0.008274248569972482	-0.00332834953429253	0.009579623418887814	-0.0004835553101256482	-0.001362646641893023	-0.001509516737741331	0.0022170444064639567	0.001023962971964155	-0.005580958459004966	0.011178176975126996	-0.007822908244926827	-0.0061924473065906255	0.004462287607548071	-0.0008472383343724154	0.010924057612994748	0.0014439478242104626	0.0038439537751865805	-0.0028583251309824125	-0.03930140656382814	-0.008279862388331937	-0.010202565693570384	-0.012370930667748949	0.001689523237569678	-0.006876162535397667	0.015483182516157504	0.010330359641985429	0.021747562325728307	0.015609101197848255	-0.030371442168205687	-0.023412738910492052	0.011941845108704914	0.029828194517390827	0.011941845674652384	0.029828194478320344	0.00114733319712415	0.00894433747604899	-0.0015511829351296954	0.001311900853092738	-0.004619870888278043	-0.001878789893075506	-0.009160586767766944	-0.00942046038739933	-0.023354863231804662	-0.018666381722311498	0.0027145350065510055	0.0026206594993962097	0.03166568492455234	0.027538301385097923	-0.021715324263160286	-0.016571913517955457	-0.028038778701076433	-0.020769907729249762	0.012601231215656292	0.010418940880773244	-0.021584596828369954	-0.0166511012841628	-0.02812769553875451	-0.020415226003633418	0.012358336800490028	0.010950635766387346
DSIStudio Tensor MD	0.2851798341511465	0.16972825125689694	-0.40860516617573056	-0.03223018666175726	-0.3096517719138918	1.4262110310600329	0.5912875085544044	0.5823257670158112	-0.16506600320911738	1.4262110303457438	0.2851798341511465	-0.43256096347945266	-0.3096517719138918	-0.1057056979036695	1.4262110310600329	-0.46980417853971584	-0.5482738740397759	-0.42402298249471	0.5912875085544044	-0.31214224091998033	0.31114143484059203	-0.21776970562406592	-0.08241197051899023	-0.08002498022526304	-0.12454367205783022	0.364604396320505	-0.23811707892039025	-0.013533727577562438	0.0	0.5348434000746686	0.6531357718605272	0.6557609124890436	0.39969176474206364	0.05999283040106442	0.021977490324890523	0.4766499605725026	-0.017215251334503013	0.28176463352741765	-0.7884061754808454	-0.4980326160179647	0.1670305348252264	-0.2174469599748538	-0.03746790360850413	0.0360714247416759	-0.3410021015816822	-0.16703053596272718	-0.13356616195108	-0.13332420033978756	-0.07738747189568372	-0.1963534126219374	-0.19635617795846685	-0.4524369742009872	-0.6778300230048874	-0.34975182796704485	0.30598727067812403	0.3420786883258757	-0.21486437196899902	-0.19745071350223195	0.5727914236510295	0.39131194447923806	0.34345377409142125	-0.14972396383074485	-0.1456696548459557	0.4508828894994234	-0.24027653631389043	-0.2585019598810994	-0.22333790951849766	-0.2638743728740739	-0.30843838688757813	-0.30149154994430466	-0.1851528290924366	-0.15994246905777554	-0.03997097876543776	-0.01357786852552286	-0.2597971636464536	-0.27071374690870026	-0.3042279684478309	-0.3233195261669049	-0.3042279691502395	-0.3233195261314712	0.026711461830908393	-0.14904909013546425	-0.26567143686280514	-0.2710554447176875	-0.2591700897933448	-0.2648609639320454	-0.020659410196971817	-0.025396961623888475	0.07034242276012896	0.06476853978437268	0.013194882460053927	0.033154976209629296	-0.07380334912560207	-0.045051892453909434	0.0752482834736224	0.07098430013275452	0.08352124771595346	0.08328367129800644	-0.055999652796319764	-0.04739526204395258	0.07606181857509801	0.07177676863897971	0.08341378205921109	0.08285416145771204	-0.05796143865402329	-0.050246491181475075
DSIStudio Tensor RD1	-0.45429210785117546	-0.4913424309899331	-0.6938415879439496	-0.4809283200415024	-0.8167556707199508	0.3976870338433113	1.3749070886424284	1.3226816092827336	-0.985167751105347	0.3976870337506382	-0.45429210785117546	0.09115281951939457	-0.8167556707199508	-1.0940461357915636	0.3976870338433113	-0.5609617807378897	-0.42487553683454204	0.07944872585919285	1.3749070886424284	-0.8036511520928037	0.634440706928915	-0.8934470494144439	-0.7149392380038685	-0.07200399284954101	-0.73189073334734	-0.41935322334435976	-0.9205014294778764	-0.0020805741821751504	0.5348434000746686	0.0	0.7903108862770885	1.438990132419378	0.35768816795382147	0.01145635352498347	0.0057479939594076495	0.3322801484151335	-0.09082747369029433	0.2616759988425765	-0.7342510180776572	-0.5713115949480243	-0.08846529382902651	0.07167889806728431	0.6533710432825376	0.785271010611772	-0.0743766809076152	0.08846529434846889	-0.40137581028493563	0.24486791928796903	-0.5063244277104141	-0.7282415324173801	-0.7444754904576776	-1.0700932188331056	-0.9063627143278769	0.43446405267097654	-0.4554844394024986	0.21657335482658563	-0.8982721168381413	-0.8502876902571231	1.3493172173069217	-0.4103202572737055	0.2196025072449862	-0.851749810331807	-0.8138118694170323	1.1315582976027412	-0.2549000465779322	-0.5212391361396737	-0.46461390248838247	-0.5522393060747034	-0.455711862824168	-0.1516202069089968	-0.2643698785442783	-0.20487347593052385	-0.18325307280399708	-0.12433840287727166	-0.5097084776331061	-0.4514434590239628	-0.4606182453322138	-0.38456421758313614	-0.4606182465976978	-0.38456421985225087	0.22512467802059116	0.15344210529229707	-0.45181322852337125	-0.43545297836409497	-0.4211414371389514	-0.4051419244979499	0.20435858744247562	0.18126660732909547	0.3283646849534743	0.3333563544790865	0.1076434827835923	0.14292352448426038	-0.32606333989315683	-0.3060150566416283	0.32566238709884493	0.3302027397410413	0.31571238719613526	0.3223489807394344	-0.29590034919916175	-0.2984320323270757	0.3261583227553847	0.33075457428920935	0.31702325052123365	0.32357740127985835	-0.2952376354780465	-0.298267676533598
DSIStudio Tensor RD2	-0.44875185719958977	-0.581917831160264	-1.330290850962664	-0.7945740422707175	-1.0180835951851515	0.43705406070079894	1.420378116018992	0.9008229765432499	-0.9769872832464125	0.43705406185191437	-0.44875185719958977	-0.1739156195433764	-1.0180835951851515	-0.7667421414480142	0.43705406070079894	-0.8959130793640199	-0.7847174509875331	-0.6674961099319604	1.420378116018992	-1.0322819925085374	1.5921249955585	-1.2108491774475045	-0.9717181862223124	0.09859334586811014	-0.8832396590699033	-0.3895678706388503	-1.2551699534114407	0.0038231450310600382	0.6531357718605272	0.7903108862770885	0.0	1.5796982146136165	0.4392913527964401	-0.004932587945191228	0.04094682895632937	0.25784851932787745	-0.13582111821191908	0.262520957557849	-1.1845772516427273	-0.9161597558253338	-0.2650981379098552	-0.5426105791180175	0.6711827304938089	0.7890790442747687	-0.7329101158616079	0.26509813693429235	-0.5797949249898987	-0.025456393808223773	-0.6277801503915746	-1.1925419743619987	-1.2004079548660807	-1.4684650660209662	-1.5014536872220496	0.360408122577042	-0.4287181815458334	0.3719627220195493	-1.2168463451114968	-1.1387220240758777	1.4759281944262197	-0.2529800563714682	0.3835997894677241	-1.028559729066393	-0.9870687489568809	1.3657555803440322	-0.38071866617593103	-0.6700256836049376	-0.5566974777508954	-0.7300236796171142	-0.67847078469506	-0.2175294059557067	-0.33297567969616937	-0.25658615581916305	-0.22843066375494672	-0.15172343215560002	-0.7476281973925936	-0.70451643282321	-0.6856858441835058	-0.5557943082146337	-0.6856858452887589	-0.5557943108387887	0.3688424677436566	0.18698337893414055	-0.6368114065290056	-0.6316769668733286	-0.5940638416379546	-0.5884538339411665	0.25396961814574376	0.22137278496492765	0.4260087675023227	0.43041392273424384	0.1542472729366891	0.1989355495801818	-0.4232367183149105	-0.39326639019833726	0.42987039673505917	0.4335062107840872	0.4309400130077256	0.43818329699752756	-0.38079351933962663	-0.38169061337368587	0.43075545941725096	0.4343405679971284	0.43346319994131544	0.4418641681847963	-0.37947860138396433	-0.3796163828564558
DSIStudio Tensor RD	-0.5317819947102889	-0.6350799695454811	-1.143861616979214	-0.7338085616253316	-1.0913049223275064	0.4460514849040936	2.1810755388256893	1.2935248995356317	-1.212170027880618	0.4460514854881312	-0.5317819947102889	-0.04915123055638529	-1.0913049223275064	-1.0884033334192602	0.4460514849040936	-0.8284574118272726	-0.6745259895181499	-0.2991971129646671	2.1810755388256893	-1.104209130145155	1.1773114117879624	-1.3088099535200846	-1.0070862942926495	0.027280387244045436	-0.9586285422861258	-0.47508248298768874	-1.3686838422431045	0.0008494262434707762	0.6557609124890436	1.438990132419378	1.5796982146136165	0.0	0.43884694792328127	0.0007887901656391398	0.027190116448466514	0.30349379153547595	-0.12577306086480433	0.2723005525438845	-1.1013689417277552	-0.8492262408274762	-0.2183173404992557	-0.2525021545981101	0.7829556622598924	0.9335343825635195	-0.4162708952735559	0.21831734030387004	-0.5686576270455098	0.10684971516413645	-0.6580674862263712	-1.1357384302171019	-1.1579289293449344	-1.6967796914006663	-1.4583668747475746	0.46382453617115443	-0.5199511807644703	0.31822365398505553	-1.3176183894670097	-1.2185271840821017	2.2668866169998645	-0.3815082951218112	0.3270333276708179	-1.1516438395514967	-1.0913959853952564	1.6799099816728187	-0.3463137174948737	-0.6698573388808298	-0.5634773006267045	-0.7229352079965587	-0.6333107503865698	-0.19073563752770262	-0.32975289470316177	-0.25388946813405394	-0.23530435110473463	-0.15955008288752057	-0.7053142076071591	-0.6451695835617095	-0.6377584923731333	-0.5169215300399851	-0.6377584939036105	-0.516921532720617	0.33513361073557385	0.1967195159333613	-0.6090198370501877	-0.5960899309729808	-0.5668885173469145	-0.554091315721353	0.2538756487985861	0.2222020306796638	0.4232196237653581	0.42864260403491367	0.14166754068627938	0.18599935321124095	-0.42764747083979543	-0.3996740312796423	0.42392045100794656	0.42854581237363976	0.41704026609340744	0.424885726242087	-0.38134477287960633	-0.3833785774006092	0.42470144112485736	0.4293371774865646	0.41902900910890706	0.42748453411069126	-0.38028546253701745	-0.3821218175943788
DSIStudio Tensor TXX	-0.011521547174086606	-0.05322983130949633	-0.31834660493987316	-0.13085688283698424	-0.32413968863689474	0.3401502624103722	0.42099043264242847	0.38218884118366553	-0.25965093229423347	0.340150265332171	-0.011521547174086606	-0.21189800388622293	-0.32413968863689474	-0.22829419255400377	0.3401502624103722	-0.34498815172389236	-0.3412868655753551	-0.2779399430928465	0.42099043264242847	-0.33041075374152146	0.3029915900679899	-0.2885160963397326	-0.21065436719010003	-0.05758139044572983	-0.23685079971076906	-0.0038783601482957207	-0.3142066313485698	0.0035109479339715585	0.39969176474206364	0.35768816795382147	0.4392913527964401	0.43884694792328127	0.0	0.04112868887684824	-0.001973927271367783	-0.14046935557833648	-0.07840451801279597	-0.18805465914347994	-0.38426727744174277	-0.26270842169068165	0.010391259158999699	-0.10662682628851469	0.12319742818510626	0.1926747532050168	-0.17907223808451564	-0.0103912577934617	-0.183675702224643	-0.015897956558080434	-0.14898717866567823	-0.2616948887313862	-0.2612484636139167	-0.3752343195717117	-0.3945093088198713	-0.019301485613360873	-0.021830772225663934	0.17444016115714456	-0.3094967238810936	-0.25702592191547174	0.42973722455269897	0.07286293556160318	0.18167655522432674	-0.22606789034271593	-0.1791245260808315	0.36310989764553736	-0.25312306877199187	-0.2899024906894511	-0.1030848791957879	-0.25874580336324	-0.3306781117807718	-0.0856126851315546	0.051384336543836714	0.04742838799648531	0.11850834547456447	0.11419352747298095	-0.1783291717365556	-0.19861363610313246	-0.1512512070948502	-0.15031044503355492	-0.15125120927327432	-0.150310445300124	0.1997309599159016	0.057946955336965325	-0.06763638671227616	-0.07527475287601562	-0.07210590806200727	-0.08068832224905523	0.17292196501093895	0.16935257045199478	0.21681632479931642	0.22246333243064131	0.2728045105693815	0.2778529454462462	-0.06118082659869413	-0.062299768197604036	0.22222554510474812	0.22788897723079907	0.27224651942377753	0.280070643092998	-0.1536191897917672	-0.15604315722410633	0.2223652923418771	0.22771977292635473	0.26673282296039075	0.27505730638002807	-0.1581497673117546	-0.16019502397937627
DSIStudio Tensor TXY	0.04705193613979677	0.04028353008255705	-0.02309257025674496	-0.011454913525231493	0.018626235412107946	0.05270143762278186	0.006467016499464848	-0.0006793087074362295	0.025983779375800323	0.052701435464616274	0.04705193613979677	-0.006269206063537782	0.018626235412107946	0.020543136631563177	0.05270143762278186	-0.012482125067651157	-0.003220983300923447	-0.011890515243992816	0.006467016499464848	-0.01631630899137562	-0.015850977603314626	0.02016340056539303	0.020061347181282434	-0.052950043057165955	-0.000604300093731288	0.06418254848016423	0.03165651179114008	-0.13016554387950185	0.05999283040106442	0.01145635352498347	-0.004932587945191228	0.0007887901656391398	0.04112868887684824	0.0	0.009428167821009109	0.017055643065141277	-0.01788337620169238	0.01630795982079209	-0.012820831858899788	0.015658123506367628	0.06605665412426186	-0.0024254164458094763	-0.021122447016399763	-0.009729981584543685	-0.009058505648841973	-0.06605665668192823	0.01974587172716841	0.05597039509401205	0.007737294177037424	0.021756975948680243	0.023306108179366472	0.007643765079620285	-0.001370989992904907	-0.048931529248724986	0.07192586404104805	-0.013860822728125373	0.04325923821326156	0.051579955366730684	-0.009060474424633745	0.047150848398048555	-0.01517743917107674	0.023607688005943584	0.027834815766654596	-0.004105521071904956	-0.023394886706458583	-0.024481070977662032	-0.030584791125449783	-0.023716684940670713	-0.013324882960384447	-0.01602796417241179	-0.0002489017992110044	0.0008640343972524849	0.009996261084091365	0.011821062623421138	9.998258915603302e-06	0.006401193086109253	-0.023419808034083743	-0.032603663639731224	-0.023419806511258637	-0.03260366769371014	0.003976586352471356	0.015289548431249314	-0.0002145503613965425	0.0029321039729126525	0.0008500363117981917	0.0037038755699928608	-0.000775074727185304	0.0009714233193479568	-0.004495367071410042	-0.007751223664701818	0.0072633170061372565	0.007576841031126388	0.010656156792816406	0.015727513363560326	-0.006794652529018674	-0.010071756435383336	0.006116917389542588	0.003464845184411929	0.016783920554806965	0.020475535501335223	-0.007128187854828494	-0.010484801035192535	0.006421551187375664	0.00455292798635733	0.01749262303669404	0.02179158722689946
DSIStudio Tensor TXZ	-0.026937779861416752	-0.024833364624924314	0.009899709470920276	0.008225323917796916	-0.05090269541623309	0.003848647025515351	0.02134865310729879	0.03714258033354822	-0.03845761819709689	0.0038486455272532596	-0.026937779861416752	-0.0202415281198262	-0.05090269541623309	-0.023782957573176923	0.003848647025515351	0.0015544826104445068	-0.014357612125163259	-0.0352124617169976	0.02134865310729879	0.008700280602054598	0.04139658686927093	-0.03375106072589771	-0.019071461722281653	0.04026930439363284	-0.011420202486864832	-0.023786732714529104	-0.036728914330137176	-0.035990472788346835	0.021977490324890523	0.0057479939594076495	0.04094682895632937	0.027190116448466514	-0.001973927271367783	0.009428167821009109	0.0	0.007529187052683118	0.025074011362559358	0.007565256946674984	-0.022423381341076812	-0.03424932254308016	-0.029692427609946462	-0.03824169505550102	0.01956975244267142	0.013964893308944041	-0.03642095191238453	0.02969242756138122	0.0022632949772075804	-0.025553466129555877	0.00495258797656924	-0.02153071154696964	-0.024150357090496958	-0.019020416013340695	-0.019197488775475748	0.022090709527938537	-0.025988645521325304	0.03000344804012385	-0.03467503777260546	-0.03561027331831968	0.021366341387558187	-0.032052303378189095	0.030506049137774317	-0.03985326981185527	-0.04189873790244298	0.023198902238385225	0.02844164212712167	0.01266808184595567	0.0032370292936367436	0.010495634316312084	-0.007494896065500381	-0.023188225790563247	-0.01315103121892742	-0.009736290282704752	-0.0026301975571509043	0.0003558632522244921	0.004672517680158037	-0.0006729706664976163	-0.04328297462023659	-0.060081047762936705	-0.04328297327726149	-0.060081045429173946	0.0019924054211671103	-0.017872436413350207	-0.008240813549324561	-0.011648469732438658	-0.0074324634582446855	-0.010627267051411248	7.798564433561651e-05	-0.000842892645428604	-0.003371229785148843	-0.006373173446922802	0.004987802371514641	0.002063886724462836	0.008091282633740622	0.009739339503093395	-0.0017522873205273095	-0.005142457760890951	0.009924801085838368	0.006425377692639915	0.010565465665968164	0.01395862234737993	-0.001675851402598709	-0.004912738922459127	0.01212950364898515	0.00903644548497936	0.012580987181607864	0.016036505833096834
DSIStudio Tensor TYY	0.17253377016344	0.12055696796341238	-0.237096486031977	0.004400751125014536	-0.11915520373179717	0.46832135846240314	0.31201822477451946	0.3147388466229644	-0.09163692220973894	0.4683213606426712	0.17253377016344	-0.15319925846886928	-0.11915520373179717	-0.08892957767713318	0.46832135846240314	-0.2660328801067831	-0.27096605725725886	-0.09518144057494334	0.31201822477451946	-0.19768997499732607	0.14137967307417218	-0.11662280503622159	-0.0334697622976609	-0.20402086646721254	-0.10973505215824164	0.21612935633577776	-0.09954859798093073	0.010142575548141129	0.4766499605725026	0.3322801484151335	0.25784851932787745	0.30349379153547595	-0.14046935557833648	0.017055643065141277	0.007529187052683118	0.0	0.03536481376898662	-0.21683303694931774	-0.3883429699424737	-0.24701872142462952	0.1527477472271779	0.0638104392290559	-0.03483108147517999	0.033620898420075714	-0.02826000789964602	-0.15274774895686008	-0.08411105976132136	0.01183045202073047	-0.10649027276550894	-0.10650406582700124	-0.09885455876964017	-0.2531919333489572	-0.3460903422741031	-0.1871965222232306	0.2036376653169867	0.08471544203526396	-0.09104997476936405	-0.0924092927712486	0.28566753239558346	0.17938378900182975	0.08391253809940116	-0.09588974743518658	-0.1070466984348643	0.2745876045098817	-0.13002987779707914	-0.20155918290845792	0.0008040119503466452	-0.16815543021164067	-0.19638549801344954	0.062354078957951	0.07029073346468542	0.060905055863129366	0.06301366922246351	0.06134288299778516	-0.08203879940251374	-0.08504363608574197	0.0030505092397206304	0.028576765558600347	0.003050508194115882	0.028576766396150546	0.02434673321132082	-0.05491324970843962	-0.0023022716306024247	-0.004453755525447273	-0.0077354019695569445	-0.010741983748689479	0.008016005940317785	-0.00047426575886890226	0.1062514111113079	0.09972098117702395	0.1401749005092738	0.13266081939563176	-0.014334063784510314	-0.005144311105406841	0.11248509713965126	0.1074430730140991	0.10384324866432763	0.10355144888815164	-0.10060810106519405	-0.09184889555916233	0.11388782477901982	0.10898305645786917	0.10483528687749293	0.10262022955656876	-0.10279564658401183	-0.09638762757175351
DSIStudio Tensor TYZ	0.13956134635228484	0.13628857042631612	0.12409269522992669	0.1702628223602133	0.11171432684074892	0.06377366904179428	-0.10572002775222668	-0.06722163828243288	0.14803450509244964	0.06377366937204286	0.13956134635228484	-0.10689995245369309	0.11171432684074892	0.13639256803137448	0.06377366904179428	0.051896220807643334	0.023699048564768642	0.09650501648366694	-0.10572002775222668	0.10508723872392021	-0.16078940364967026	0.16070173174389205	0.1778654276915143	0.05800044041507295	0.19042352117634953	0.11287449622985692	0.15929528901839438	-0.002497114143666408	-0.017215251334503013	-0.09082747369029433	-0.13582111821191908	-0.12577306086480433	-0.07840451801279597	-0.01788337620169238	0.025074011362559358	0.03536481376898662	0.0	-0.03163505404731914	0.03279759160198133	0.014103107897280172	0.004386132595983832	0.07219035032843557	-0.13501156827276475	-0.16118043668523632	0.08155265588098824	-0.004386132750886887	0.04534490405028984	-0.0653369264906274	0.09959792673028703	0.14013313022111887	0.14198234774145566	0.10661648490675724	0.06087872527544194	-0.14953628624515553	0.1246788007403158	0.07529107278729583	0.14381199160428648	0.13953490051876477	-0.09629550671141195	0.11558068336814518	0.07342105792040408	0.14096452968832518	0.13699557433480414	-0.09763598143644722	0.1994069469376692	0.16544545633528956	0.2567376475216252	0.18985920967558695	0.03952436009261786	0.030143767577254395	0.14925174503749988	0.11672819795414993	0.14389995499826685	0.10590417902641315	0.19082910249970386	0.1268760718969783	0.15736134452765388	0.13238778714459218	0.15736134400759505	0.13238778749427135	-0.043613398820959035	-0.17633025655271334	0.19626339784183655	0.1739058717564498	0.17940746340702976	0.15712661999887778	0.019234490337384173	0.023208390153282958	0.008596852877513652	-0.0007452894184657378	0.13574676810610906	0.10670640931138176	0.08625340495731673	0.07953557355748579	0.018893486773814465	0.01079219754127263	0.02044416213274209	0.015983953250440008	-0.014471111557619452	-0.003886743019729827	0.019752666463539546	0.011683348004255946	0.021230688557447114	0.017684590399133355	-0.015335557562387189	-0.00426075368334493
DSIStudio Tensor TZZ	0.09568862345813128	0.06440127352008221	-0.1707455782165762	-0.05177292936271327	-0.21029312488714316	0.23296111964986635	0.2433384083038486	0.26452403729873003	-0.11877331947852068	0.23296111492526395	0.09568862345813128	-0.10699178823368984	-0.21029312488714316	-0.08729182296336992	0.23296111964986635	-0.09949090281885288	-0.10494389793911703	-0.11134434408028637	0.2433384083038486	-0.11215485697907096	0.16129097136415707	-0.1314328724072325	-0.07057928633030054	0.15850938504499906	-0.006604451243300202	0.11558887490796987	-0.1492807951161726	-0.016015810779440073	0.28176463352741765	0.2616759988425765	0.262520957557849	0.2723005525438845	-0.18805465914347994	0.01630795982079209	0.007565256946674984	-0.21683303694931774	-0.03163505404731914	0.0	-0.2041857502622891	-0.12125854053515636	0.1017269597944797	-0.19139844152360766	-0.002104534649490249	0.06409334421410245	-0.24569798237418847	-0.10172695945421156	0.02440978332008371	0.04114229185227844	0.025274390819292433	-0.10449791624946729	-0.11107645944288906	-0.20463400071941093	-0.22279952197649946	-0.11120911598833545	0.0921414947161129	0.3375363953848423	-0.13983695270943922	-0.15084661111251155	0.24798638573278578	0.10219959442499732	0.3318573963817999	-0.10180776228284963	-0.11721830623808253	0.2067521503535577	-0.07787927328887498	-0.03369707810511484	-0.45303629745232143	-0.13186882549605408	-0.0806521259260255	-0.5461825757993486	-0.4911451528805606	-0.4043585507171259	-0.22354584989723053	-0.16019623984045325	-0.3310250159449471	-0.3105305256009547	-0.5062546132831631	-0.5416302480148394	-0.5062546110832638	-0.5416302494627122	-0.03974655029649597	-0.1541829431220701	-0.5019341258242707	-0.4998007440211203	-0.45953279730522645	-0.4549240679098959	-0.05974004430000601	-0.061879603326981364	-0.0815908688366662	-0.0836589565223216	-0.2542583237756997	-0.21202990767729343	-0.07274815713358206	-0.03909252554097678	-0.08816494303807551	-0.09014171720260922	-0.09170659262853491	-0.0962700956290377	0.07864925286242481	0.07962864359683705	-0.08894134001914497	-0.09098348935095331	-0.08636852500944638	-0.0891677279435686	0.0843024018956981	0.08667035352093089
NODDI ICVF Modulated	0.23574752165094354	0.3892435499238634	1.250360855986877	0.4730635091285848	0.6429536091375757	-0.6330310083148603	-1.101176325021317	-0.6478689140111988	0.6620945119186212	-0.6330310108154261	0.23574752165094354	0.45461282355750865	0.6429536091375757	0.5787035569516719	-0.6330310083148603	1.4860040171215898	1.4738174875456183	0.5201144358206622	-1.101176325021317	1.073343015362678	-0.9138488145731304	0.8025074748230296	0.6192015603666541	-0.01702503697267232	0.6281465633178644	0.18585019493249497	0.7935702593622935	0.007713375253971722	-0.7884061754808456	-0.7342510180776572	-1.1845772516427273	-1.1013689417277552	-0.38426727744174277	-0.012820831858899784	-0.022423381341076812	-0.3883429699424737	0.03279759160198133	-0.2041857502622891	0.0	1.5033130882003851	0.41659590499590404	0.31878355046896867	-0.4494103133973748	-0.517628519102462	0.49726898582902396	-0.41659590384515327	0.8269310429069558	0.3150301417904393	0.7474723276894728	0.8828067628783711	0.8480727767737878	1.2081793836204655	1.900505330923985	-0.11343295827414197	0.20087623390635725	-0.417637636857936	0.8004617224744709	0.7882673041684363	-1.1617838888669478	-0.039700369128414605	-0.44097670182681276	0.7082854490418362	0.7049130366728905	-1.3134178934361809	0.4379801034588094	0.7796265618369207	0.5170647462959359	0.8230265745678773	0.9104511064745928	0.1966230748090835	0.3156530887346311	0.23923753610888884	0.21674171348238389	0.13800684570214364	0.7993390883117754	0.7986386734687911	0.6422685257695071	0.5065406644788158	0.6422685258086577	0.5065406652117901	-0.4546642282326794	-0.15653534815069575	0.6601653306973817	0.670593358212743	0.6135991377240685	0.6230184622573013	-0.21412436056917006	-0.18205216302776658	-0.4429261795587989	-0.43940630015899174	-0.1732078277293557	-0.21517832759423275	0.4346398262732552	0.39508469098007964	-0.4508142983321311	-0.4495855407907305	-0.4356179082333914	-0.4397017109408079	0.414329500752138	0.40933418380789854	-0.45328471444576995	-0.4522546121665601	-0.4374336517583671	-0.44238628506182803	0.4167461902512972	0.4117491793101973
NODDI ICVF	0.41937107545545865	0.5959193383570508	1.173414677260251	0.6201398257079607	0.5922761684942207	-0.3617173693809057	-0.8353280090662554	-0.4433231455639868	0.7259414765723498	-0.36171737135991455	0.41937107545545865	0.33597471458634653	0.5922761684942207	0.6515587968703508	-0.3617173693809057	1.3710843758465279	1.2846618553676887	0.4364673217099373	-0.8353280090662554	1.0798397094191985	-0.9144690132726894	0.8535132276956954	0.758425196288176	-0.07151500964510794	0.7378409986488744	0.361652760611389	0.8363097822789842	0.011844543636100336	-0.4980326160179647	-0.5713115949480243	-0.9161597558253338	-0.8492262408274762	-0.26270842169068165	0.015658123506367628	-0.03424932254308016	-0.24701872142462955	0.014103107897280172	-0.12125854053515636	1.5033130882003851	0.0	0.7542074829483638	0.3593909400329353	-0.6141531141985402	-0.6176076539988897	0.49214075837560484	-0.7542074816352575	1.2042007983655216	0.3684196996296924	1.0497611315632975	1.0094418159428193	0.9703573128857887	1.0629110235874246	1.322239245859124	-0.2749156675862399	0.37705655713539854	-0.2984047859388387	0.8489676517130978	0.8606790887866698	-0.8899697511312251	0.09209021315960113	-0.32447887188149616	0.8139353822073879	0.8194916979597641	-1.1512422701078242	0.3767316743465421	0.7817793618052684	0.476240579592836	0.8165020160375562	0.8685610348929003	0.06787793483323902	0.31719638415108553	0.23423854893646104	0.3073684058587482	0.21744460078836422	0.7881675035448584	0.7718140038557648	0.5810757902188531	0.4203647154989287	0.5810757895624931	0.4203647164255329	-0.5163747020479719	-0.2875496179697704	0.6560224694306217	0.6590878780591259	0.6055317176072966	0.6077792441424513	-0.25030532819253404	-0.21307440581372825	-0.49826387700150426	-0.4965441319333556	-0.1404314374375526	-0.18539656825400355	0.5528286284471616	0.5130478507506284	-0.504088919978426	-0.5044601339296337	-0.4589794481142563	-0.46482326332690893	0.4936783627099514	0.49098514925036535	-0.5069381773645765	-0.5076710457048142	-0.46089573881240964	-0.4677140916113232	0.4957015124704603	0.4926407853412833
NODDI ISOVF	0.6943209024993304	0.8033404636935199	0.5275530380517895	0.522585336029016	0.21209276011436948	0.31787210168792274	-0.19328688426535592	0.10062558702975818	0.42651049178626543	0.3178721003886564	0.6943209024993304	0.09418195657417396	0.21209276011436948	0.4216417031034496	0.31787210168792274	0.6472570111359253	0.5893853955168681	0.1554303972322507	-0.19328688426535592	0.5854994413343633	-0.44776642702138525	0.4736090655613246	0.5503669099537478	-0.14067343258120413	0.5071888696619872	0.6355692848878828	0.4615287888158353	0.009783836517042498	0.16703053482522637	-0.08846529382902653	-0.2650981379098552	-0.2183173404992557	0.0103912591589997	0.06605665412426186	-0.02969242760994647	0.1527477472271779	0.004386132595983831	0.1017269597944797	0.41659590499590404	0.7542074829483636	0.0	0.2082329542502351	-0.5869501036932947	-0.4531784179375016	0.211015107871888	-4.9517187756431005	1.0337400566518236	0.4090180934269439	0.9348004361347311	0.6146038610600959	0.5895804149998388	0.40648860861415875	0.38959734378275834	-0.5324621094070214	0.6465087904878445	-0.006115246892052914	0.47412238617972907	0.5041406627625401	-0.2364131560742237	0.31343787397461176	-0.03393076703045903	0.5145072878853324	0.5285960401447578	-0.45007793116408357	0.21558193541993872	0.5013912148239675	0.26757463151455635	0.5145136310844438	0.5247520881819533	-0.19388967081210293	0.1851474343289668	0.1218938842288002	0.32868122950689277	0.25223899226184265	0.48910567688323725	0.47272027599902783	0.28279973818532256	0.14024943878037582	0.28279973635566635	0.14024943909492643	-0.55484527810575	-0.4838953780389744	0.40171151242516767	0.39956947017520744	0.36621627700318793	0.3635123091808495	-0.22286515032470217	-0.18916178420798985	-0.3975184273293933	-0.4016542019475852	-0.07048053907075245	-0.1057251123816414	0.5026015487129231	0.4893515300686981	-0.398880209314046	-0.40444626327806693	-0.34166312891489214	-0.3489714773454958	0.42167303219757507	0.42801040117452	-0.40124652527209176	-0.4072498911719878	-0.3429158028424624	-0.35125516746192803	0.42306146160956537	0.42839743343099845
NODDI NRMSE	0.14231655718132116	0.23845312998011162	0.4701106114262226	0.5362427376131836	0.5065534325347957	-0.162470495784409	-0.2407164647136519	-0.11711028897096738	0.25827433412843126	-0.16247049602438193	0.14231655718132116	0.1757698165811938	0.5065534325347957	0.09424566878004735	-0.162470495784409	0.23634166334715515	0.267967676828568	0.8676832024794146	-0.2407164647136519	0.21478638321376176	-0.6066429291445068	0.3554080988230366	0.3562389889902515	-0.2925352529525938	0.25831570721834	0.11662741745803964	0.35238400682291054	0.0004258358605661648	-0.2174469599748538	0.07167889806728431	-0.5426105791180175	-0.2525021545981101	-0.10662682628851469	-0.0024254164458094763	-0.03824169505550102	0.0638104392290559	0.07219035032843557	-0.19139844152360766	0.31878355046896867	0.3593909400329353	0.2082329542502351	0.0	-0.21705820841235698	-0.20793609332655477	2.261591222235239	-0.20823295201363468	0.20025753902639468	0.15671273854347623	0.14328443951821582	0.39273120069220635	0.39877546275495246	0.30075281546217636	0.33972929771968946	-0.07139818092934763	0.11622608703741259	-0.26554408849152816	0.34843221074619973	0.3440739622464186	-0.2546017363551192	-0.016005267974505858	-0.2705572888498526	0.29025555576342055	0.29282476882514574	-0.26038561228383544	-0.051243008447705164	0.18470708238939507	0.2237517165670669	0.2137215822233011	0.1949440040722115	0.1384727355081104	0.2096413856844675	0.17264500287188594	0.17426557820743693	0.13673605385649118	0.27376924084790055	0.2630941906518502	0.37942527513937363	0.33940829486734125	0.3794252749939436	0.33940829502621245	-0.12511310274123835	-0.08233554231720899	0.3035435150856009	0.29993760534063996	0.2917750542389469	0.2872744683318564	-0.0772832738055841	-0.06519020027870259	-0.1276077097577912	-0.12132214536033346	0.04231849612966943	0.026388215997438135	0.2114215031793731	0.19286272771953727	-0.1251515459985479	-0.11858465546642821	-0.10995072607735569	-0.10660189237743807	0.13283457081775682	0.1250274028605101	-0.1241437214970574	-0.11732427616571177	-0.11595008261653741	-0.11485985465486179	0.12403938961716639	0.11324851420290567
NODDI OD Modulated	-1.5357424062332272	-1.6921946223608477	-0.8101731349047827	-1.2829564662375046	-0.8683380315581378	-0.173737026151554	0.7852956196340609	0.5327384745082612	-1.444331372439501	-0.17373702495666804	-1.5357424062332272	0.2314112471398354	-0.8683380315581378	-1.459727741625972	-0.173737026151554	-0.5033942379810337	-0.3381567325009706	-0.08250252972051066	0.7852956196340609	-0.9410786249603205	0.9885897324812014	-1.366981101589829	-1.6844607272946277	0.16977552381030384	-1.3513174272552777	-1.4226809765508646	-1.337711725451721	-0.00402333667622693	-0.03746790360850413	0.6533710432825376	0.6711827304938089	0.7829556622598921	0.12319742818510626	-0.021122447016399756	0.01956975244267142	-0.03483108147517999	-0.13501156827276475	-0.002104534649490249	-0.4494103133973748	-0.6141531141985402	-0.5869501036932948	-0.21705820841235698	0.0	1.973211663447248	-0.2619466405758178	0.5869501023289619	-0.7392156698218609	0.25299565775170446	-0.8852032981660727	-1.3192389055030433	-1.358826292930969	-0.9633302822589738	-0.6345367000561887	1.2991807864968292	-1.501853765774298	0.04456927037688974	-1.365127947156702	-1.3493971304928847	0.8124791317607974	-1.1172639840097047	0.056803598110110334	-1.6093900153255418	-1.5197958555654763	0.9335062931284764	-0.17610170171137413	-0.5422028580362517	-0.4039289740740754	-0.5692909146616851	-0.44184157583780004	0.09018375900892737	-0.23986768201492958	-0.17157362179338445	-0.3364372077345151	-0.25786224273946345	-0.5431223622899054	-0.4747117041775079	-0.415965862415425	-0.27105571785468285	-0.4159658637823958	-0.2710557197555494	0.4556122669956672	0.5209424740549508	-0.4592574179485925	-0.4360816960429254	-0.4250929504407595	-0.40206905030273415	0.310368837445722	0.27088758154648224	0.46212958960969663	0.4741008792878541	0.09479600434557899	0.13551671320778677	-0.5535011801974351	-0.5443289864369772	0.4568802361805624	0.46661083104289747	0.41233587959239154	0.42349799316484216	-0.4543228508619444	-0.46485442907129937	0.45749120200432103	0.46745959645090984	0.41472284309922774	0.42657691887970256	-0.45079993017615017	-0.4603134157954442
NODDI OD	-1.2690966677733315	-1.3487150186238528	-0.9114645414495688	-1.2210685977847577	-1.0075617187621053	-0.09677362666027678	0.9403710573680119	0.6606458918259194	-1.6792411996761183	-0.0967736255828019	-1.2690966677733315	0.18708224767810586	-1.0075617187621053	-1.6631156158922187	-0.09677362666027678	-0.5539760279890448	-0.38035918901074217	-0.12139216643244381	0.9403710573680119	-1.050661363014285	1.105781771399998	-1.5927122934687419	-1.78277810216764	0.12931777415640444	-1.4525249640328672	-1.200669180131844	-1.5626041086535514	0.0004548069915783106	0.03607142474167589	0.7852710106117718	0.7890790442747687	0.9335343825635195	0.1926747532050168	-0.009729981584543685	0.013964893308944041	0.0336208984200757	-0.16118043668523632	0.06409334421410244	-0.5176285191024621	-0.6176076539988897	-0.4531784179375016	-0.20793609332655477	1.9732116634472483	0.0	-0.2866025813936214	0.45317841669537395	-0.695484973168369	0.2993538842386093	-0.8534830955670191	-1.4307068457445171	-1.4796043235594858	-1.129086238467827	-0.7289703770998514	1.125630699368942	-1.2556088502107148	0.10873048277806142	-1.5940194398199488	-1.5335148123702	0.9688887550418486	-1.0089148619241548	0.11974581129508878	-1.8192162537251186	-1.6617713978322366	1.0868784237415734	-0.229059740828578	-0.5924030670523667	-0.47066686143005765	-0.6264198862833635	-0.49080692893041633	0.018575544497640914	-0.27108431824960755	-0.20029275645307373	-0.31211587676822405	-0.23293194383239302	-0.6069323472529816	-0.5326436867465981	-0.48660869022987774	-0.3403595640082517	-0.48660869178150423	-0.3403595658490281	0.41741521243592294	0.4472866294179199	-0.514375101607223	-0.4895940177762278	-0.4780067207024481	-0.4536507028243677	0.32620126620815965	0.28678579447001235	0.47698128704530685	0.4889337035571876	0.1251551917320087	0.16766141715416105	-0.5350966035612454	-0.522022778303539	0.4722892261189159	0.4820110306408681	0.43903684346673894	0.4501598560856962	-0.45372613456422706	-0.46361203206184404	0.47273068472185026	0.48262407084731246	0.4416538942522014	0.45350405499882046	-0.4501764840171512	-0.4592478582243029
NODDI RMSE	0.1534688960886707	0.26437861679632074	0.6370937977269937	0.587156611137493	0.635751006103466	-0.27260052598841517	-0.40565555422048905	-0.25391568662620373	0.3628645776398631	-0.27260052642829213	0.1534688960886707	0.23037395996078222	0.635751006103466	0.18967605737953905	-0.27260052598841517	0.37757921984338494	0.4024095371298403	0.9322695203437589	-0.40565555422048905	0.34964407267074976	-0.7603599431432044	0.4766266916580855	0.4391096383332234	-0.25886536081129174	0.34597326611349327	0.12325174671818538	0.4737091760331481	0.0006515532502025318	-0.3410021015816822	-0.0743766809076152	-0.7329101158616079	-0.4162708952735559	-0.17907223808451564	-0.009058505648841973	-0.03642095191238453	-0.02826000789964602	0.08155265588098824	-0.24569798237418847	0.4972689858290241	0.4921407583756048	0.21101510787188796	2.261591222235239	-0.26194664057581785	-0.2866025813936214	0.0	-0.2110151056532554	0.27395649322243537	0.1624083282067929	0.22114562551537517	0.5100455739225308	0.5152889841972074	0.4644027393976268	0.5231183371022687	-0.07257270760758944	0.1249157545094996	-0.33860775458579107	0.4692814618750239	0.4595936440970496	-0.4216455439112828	-0.025040658822529496	-0.3453576580606221	0.3911553185569185	0.3911355324527911	-0.42476448630792574	0.027380337454612387	0.2888242916059642	0.3097484893588225	0.3240297959147364	0.3080837057022932	0.18758796724718615	0.25872659285389643	0.21084950083607754	0.19012531940931854	0.1423933479745632	0.384511609604329	0.3712279593158543	0.48136941353155005	0.42598728295377397	0.48136941354596735	0.4259872833107941	-0.1672010396550893	-0.07547667574335876	0.39983367142966725	0.3970132075095767	0.38187072801377264	0.3781084133472329	-0.11149561081209666	-0.09573254439269203	-0.18995741380238643	-0.18356479238608903	0.003273037442003573	-0.01848984060564362	0.2574512263936465	0.2332285738545664	-0.18845576056036428	-0.1821009992893251	-0.1757569689584501	-0.17314775150213094	0.18550098641476478	0.17729254027666166	-0.18771626680279405	-0.18111124172630272	-0.18186430718867166	-0.1815031554001637	0.1772944480921837	0.1663269826422055
NODDI TF	-0.6943209024845228	-0.8033404630481009	-0.5275530365956114	-0.5225853350455328	-0.21209275951326648	-0.31787210287890433	0.19328688405775066	-0.10062558653369892	-0.42651049141159825	-0.31787210157963447	-0.6943209024845228	-0.09418195566355697	-0.21209275951326648	-0.42164170318161087	-0.31787210287890433	-0.6472570102643247	-0.5893853942308699	-0.15543039487394497	0.19328688405775066	-0.5854994406777724	0.4477664253306573	-0.4736090647588677	-0.550366909106146	0.14067343212926403	-0.5071888689492581	-0.635569285290521	-0.46152878828894917	-0.00978383408561215	-0.16703053596272718	0.08846529434846888	0.2650981369342923	0.2183173403038701	-0.0103912577934617	-0.06605665668192823	0.02969242756138122	-0.15274774895686008	-0.004386132750886885	-0.10172695945421156	-0.41659590384515327	-0.7542074816352575	-4.9517187756431005	-0.20823295201363468	0.5869501023289619	0.45317841669537395	-0.2110151056532554	0.0	-1.0337400548085256	-0.40901809303667175	-0.9348004354722682	-0.6146038600457223	-0.5895804141222732	-0.4064886080120847	-0.38959734285995656	0.532462109928643	-0.6465087908486166	0.0061152464257318295	-0.47412238564396836	-0.5041406620687019	0.23641315591050802	-0.3134378744942649	0.03393076654846203	-0.5145072871574018	-0.5285960392318895	0.4500779305669154	-0.21558193589885186	-0.5013912139680959	-0.2675746313246728	-0.5145136303455342	-0.524752087710071	0.19388967038057725	-0.1851474346413525	-0.12189388488729204	-0.3286812282702271	-0.25223899203744027	-0.4891056760962869	-0.4727202753379519	-0.28279973748844667	-0.14024943778588328	-0.2827997356587905	-0.14024943810043422	0.5548452782994154	0.48389537723338083	-0.4017115126693808	-0.39956946984622116	-0.36621627768614795	-0.3635123093471504	0.22286515001301846	0.18916178384718896	0.397518426544923	0.40165420113000994	0.07048053952490448	0.10572511241772381	-0.5026015474610561	-0.4893515291469469	0.3988802084877914	0.4044462622806995	0.34166312847279884	0.34897147707451553	-0.42167303134823275	-0.42801039963927956	0.4012465244404758	0.4072498901549109	0.3429158022657044	0.3512551670925127	-0.4230614608819882	-0.42839743205170017
TORTOISE MAPMRI NG	0.6220715379153289	0.7856925974894	0.9471737389345772	0.6648397217410533	0.40988640341756727	0.02210942476928369	-0.5426951837673728	-0.17309665189987603	0.680587092846265	0.022109423278799785	0.6220715379153289	0.2616079350120282	0.40988640341756727	0.6691795959341533	0.02210942476928369	1.1750311348997695	1.0377216145352468	0.29180378501434423	-0.5426951837673728	1.0854039915671903	-0.7220044996129079	0.7782232882538178	0.7934363422578374	-0.11759873902238845	0.7523301208299266	0.559396552656125	0.7612148036002931	0.008274248569972482	-0.13356616195108	-0.40137581028493563	-0.5797949249898987	-0.5686576270455098	-0.183675702224643	0.01974587172716841	0.0022632949772075804	-0.08411105976132136	0.04534490405028984	0.02440978332008371	0.8269310429069556	1.2042007983655216	1.0337400566518236	0.20025753902639468	-0.7392156698218609	-0.6954849731683689	0.27395649322243537	-1.0337400548085256	0.0	0.3284825721430727	1.7734225942826234	1.0181453897697756	0.9550584780021141	0.811397721790209	0.8071836749755473	-0.4592772064627944	0.5722299096391691	-0.18960152094605698	0.7792331190321157	0.8060653675980544	-0.6031939026428553	0.2508376127788624	-0.2206176898446894	0.8202345785798318	0.8267578052972873	-0.8952560982173445	0.4170565512996611	0.7762363593187775	0.43139427604820285	0.7995362146149645	0.8618707733437693	-0.04549642956390094	0.25180366909271357	0.17686099680946407	0.3033029534159611	0.21773931813370667	0.7657062265027988	0.7547671749138817	0.4916533180710361	0.3220879837088155	0.4916533171844145	0.32208798400209476	-0.7054536071602596	-0.4762644164712664	0.5925208335231507	0.5929970990336114	0.5475333619852043	0.5479225279923614	-0.2720985852460635	-0.2310672363923979	-0.5257220544330391	-0.5277841989578088	-0.17371237611351228	-0.21428248167998287	0.5674555276444276	0.5394427185888027	-0.529735719532149	-0.534236142190793	-0.4807013492268726	-0.48890891566764594	0.5235124751726817	0.5265252850853294	-0.5326456482049616	-0.5375062638350394	-0.4823339483925538	-0.49182153851625865	0.5251443052418283	0.5271539526303889
TORTOISE MAPMRI NG Par	-0.1398463181868809	-0.066580378514464	0.07176735157099137	-0.23965069902664665	-0.26538878005098154	-0.0604427506577055	0.14199052098839926	0.3459747275126629	-0.19635418854408349	-0.06044275243074524	-0.1398463181868809	0.5008765208122103	-0.26538878005098154	-0.23947262598911756	-0.0604427506577055	0.3723900060861638	0.5885809737278603	0.349459579743275	0.14199052098839926	-0.02320550917113945	0.006377074763874394	-0.12061148934196121	-0.17683062292036206	-0.08100113944819588	-0.18418415158305218	-0.17218524724697581	-0.12312335990905861	-0.00332834953429253	-0.13332420033978756	0.24486791928796903	-0.025456393808223773	0.10684971516413645	-0.015897956558080434	0.05597039509401205	-0.025553466129555877	0.01183045202073047	-0.0653369264906274	0.04114229185227844	0.3150301417904393	0.3684196996296923	0.4090180934269439	0.15671273854347623	0.25299565775170446	0.2993538842386093	0.1624083282067929	-0.40901809303667175	0.3284825721430727	0.0	0.21360471505012438	-0.02556622557060926	-0.07069321781350198	-0.07230250775680797	0.13527190601014058	0.22975894126892477	-0.1787027247087884	-0.17349568227904702	-0.11921748182768382	-0.11036636832947919	0.09788435791898639	-0.5108511506402481	-0.1947087094076563	-0.1878163578488994	-0.17270406784376244	0.0046055704844825225	0.1918441466895187	0.24482584740105465	0.1082420545078899	0.24066159348179358	0.3427337992282847	0.06262784123421326	0.09288963426770726	0.06815359322098288	0.07511088759479831	0.04881353091816486	0.22232987167046717	0.253323307269633	0.18054196274981826	0.14106190563238052	0.1805419603075837	0.14106190396165486	-0.28919499942627863	-0.12593398460471428	0.20789293968690756	0.2216305186640899	0.1965437339333774	0.21013672998939964	-0.007034294208170036	0.002296587953608906	-0.1125498731497788	-0.10506247573156849	-0.0406109307793446	-0.04691711669081988	0.1305217761988684	0.11794459038724915	-0.1178527012673585	-0.113956865131729	-0.10841296458467702	-0.10541213730407166	0.12187333108895662	0.11775290704227839	-0.11925577826597233	-0.11541461626966984	-0.11116033673011663	-0.10957439145419912	0.12213825071176954	0.11683751708170112
TORTOISE MAPMRI NG Perp	0.7945291255679084	0.951345830940793	0.9663158157349094	0.7847398717625567	0.4455701763349868	0.08376002492292832	-0.6296425166948078	-0.2681700497010182	0.846265202105149	0.08376002384809157	0.7945291255679084	0.026134676425984896	0.4455701763349868	0.8571772737052307	0.08376002492292832	1.0342041044107477	0.8315813085891655	0.21976748434659427	-0.6296425166948078	1.1315490957080934	-0.8180616228776281	0.9434482599211477	1.0017522594601322	-0.10510713633703586	0.914686245288748	0.7276285796097998	0.9278626950046814	0.009579623418887814	-0.07738747189568372	-0.5063244277104141	-0.6277801503915746	-0.6580674862263712	-0.14898717866567823	0.007737294177037424	0.00495258797656924	-0.10649027276550894	0.09959792673028703	0.025274390819292433	0.7474723276894728	1.0497611315632975	0.9348004361347311	0.14328443951821582	-0.8852032981660727	-0.8534830955670188	0.22114562551537517	-0.934800435472268	1.7734225942826234	0.21360471505012438	0.0	1.194090320239407	1.1355021404589958	0.8975909064316123	0.8116605831009198	-0.6752381894920828	0.7416116667702988	-0.14130066595399465	0.9406360323128304	0.963888956246879	-0.6855709369418391	0.43808599839886786	-0.1674484314113913	1.0354532974638095	1.0293571320800532	-0.9823732491176639	0.417385937708303	0.773075347497948	0.4579940916373172	0.8031316883929518	0.7801892364500981	-0.057016178695698194	0.26023166761223654	0.18298837168179102	0.31726325581381354	0.22987205466961033	0.7663506595561405	0.7251781118649984	0.4987102185249481	0.32337610514706583	0.49871021746540745	0.3233761061120366	-0.6639713964107935	-0.51293277717495	0.5941055043095853	0.5849804027962321	0.5476782090057404	0.5389862292026859	-0.302373117905239	-0.25944664100762427	-0.5480898799795243	-0.5558154721078741	-0.17930452297141575	-0.22115944190300652	0.5862024045596178	0.565074025061852	-0.5504777684908453	-0.5590238865040392	-0.5031190971114329	-0.5143137572211435	0.5374552135220123	0.5450609000747696	-0.5529900064863341	-0.5618589363807516	-0.5049190321742794	-0.5171795646092308	0.538313599714507	0.5450800523991037
TORTOISE MAPMRI PA	0.9981887620608311	1.2273585348011653	1.4687175312426264	1.2945929470090407	0.9960891029362535	-0.0398105465169373	-1.110990915388045	-0.6320035444023161	1.502476142565945	-0.03981054744857692	0.9981887620608311	-0.005992008517028693	0.9960891029362535	1.2680896822869219	-0.0398105465169373	0.9322973339050423	0.7254274383218844	0.3733349901717848	-1.110990915388045	1.4190326856284006	-1.708498650402897	1.9888340154882946	1.899346345157602	-0.14902907817275765	1.436674479129573	0.9215310638486589	1.9338684265961013	-0.0004835553101256482	-0.1963534126219374	-0.7282415324173801	-1.1925419743619987	-1.1357384302171019	-0.2616948887313862	0.021756975948680243	-0.02153071154696964	-0.10650406582700124	0.14013313022111887	-0.10449791624946729	0.8828067628783711	1.0094418159428193	0.6146038610600959	0.39273120069220635	-1.3192389055030433	-1.4307068457445171	0.5100455739225308	-0.6146038600457223	1.0181453897697756	-0.02556622557060926	1.194090320239407	0.0	2.7906492256550552	1.5657878379428345	1.1527615721410172	-0.8349223446369723	0.95591795197714	-0.2200333670911257	2.003637710625625	1.8845635637666889	-1.1896770277579385	0.6392137945826034	-0.23809967425973622	1.977377728751028	1.8070985819735539	-1.5234365790035804	0.3677980012057268	0.7936023524709521	0.5703311270961299	0.854595531523573	0.7480624819897008	0.04039541745164182	0.32797825025292965	0.24049873145787615	0.33398513435621224	0.23958858838168692	0.8478159325947968	0.7716240573126466	0.6454213441403301	0.4532063667809418	0.6454213450365246	0.45320636932769065	-0.5615571844588856	-0.4439326755112796	0.6808225201635957	0.6634457590541372	0.6267575984659843	0.609723934476656	-0.35529325005870427	-0.3094615554769202	-0.5746790170642071	-0.5852932119729656	-0.17719001295332606	-0.22563669193561514	0.6116690216302444	0.5871174741527642	-0.575452571522642	-0.5848034764665117	-0.5426271535973903	-0.5546771221775689	0.5408639331465525	0.5490796777254869	-0.5768956829050493	-0.5864236853068843	-0.5456031749559319	-0.5590910550052625	0.5388482439406685	0.5458283332929833
TORTOISE MAPMRI PATH	1.0232048904749236	1.2529323560727874	1.4497480544123607	1.376616060742216	1.0379426646675305	-0.04389549453003658	-1.1379060399267105	-0.6628345093230169	1.6187709192246098	-0.043895495374921566	1.0232048904749236	-0.034949573803354526	1.0379426646675305	1.3278694841074383	-0.04389549453003658	0.8727423041070498	0.6672769028125324	0.36067934857944645	-1.1379060399267105	1.4071555575263692	-1.7565471349437403	2.1318361013003697	2.0996758683553804	-0.15107748267170124	1.5018216390023342	0.9481582863879634	2.077667104041842	-0.001362646641893023	-0.19635617795846685	-0.7444754904576776	-1.2004079548660807	-1.1579289293449344	-0.2612484636139167	0.023306108179366472	-0.024150357090496958	-0.09885455876964017	0.14198234774145566	-0.11107645944288906	0.8480727767737878	0.9703573128857886	0.5895804149998388	0.39877546275495246	-1.358826292930969	-1.479604323559486	0.5152889841972074	-0.5895804141222732	0.9550584780021141	-0.07069321781350198	1.1355021404589958	2.7906492256550552	0.0	1.6245806808809646	1.1419432838434325	-0.8623740079039472	0.9861524541310832	-0.2110563026953387	2.1645677421683165	1.9967953978242987	-1.211356089338458	0.6824385631370697	-0.22739566235839553	2.192333470122981	1.9400555596202538	-1.502398777406084	0.34598350685656903	0.7463427489035823	0.5526148006639653	0.8041111812076455	0.6912065004240067	0.039536945975739035	0.32810753438289647	0.242125182539744	0.33591294835892865	0.24310385211704336	0.8080232925364559	0.7319975797196354	0.6291700801979617	0.44486865649006346	0.6291700811557954	0.44486865935776865	-0.5177979769626787	-0.4205344698016515	0.6610768482080059	0.642872057881889	0.6096915189405254	0.5918708392808181	-0.3507173419311244	-0.3064592800190503	-0.5552333247892952	-0.5667455684463724	-0.16286472884242875	-0.21164675020077245	0.5999741980319471	0.5763692159554054	-0.5558237670287954	-0.5655766104362568	-0.5223093107078844	-0.534728236807327	0.5244455412745894	0.532955094893745	-0.5571573844666247	-0.5670905142500472	-0.5248651147837963	-0.5384990137717243	0.5226649235646516	0.5301390192751171
TORTOISE MAPMRI RTAP	0.6688384313273331	0.8208093941629536	1.6058403139218513	0.9370875848290571	1.1080706494637065	-0.30935808577384516	-1.720803945926943	-0.9520170576712327	1.389481179720501	-0.3093580868148335	0.6688384313273331	0.10683061086530309	1.1080706494637065	1.203708900972687	-0.30935808577384516	1.0464653389931848	0.8275783026598608	0.3519009008146206	-1.720803945926943	1.5791797310266402	-1.469616532834558	1.6341101542898349	1.2727185645075627	-0.06388354446837216	1.1770423492697797	0.6192687631195458	1.6287886719411058	-0.001509516737741331	-0.4524369742009872	-1.0700932188331056	-1.4684650660209662	-1.6967796914006663	-0.3752343195717117	0.007643765079620285	-0.019020416013340695	-0.2531919333489572	0.10661648490675724	-0.20463400071941093	1.2081793836204655	1.0629110235874246	0.40648860861415875	0.30075281546217636	-0.9633302822589738	-1.129086238467827	0.4644027393976268	-0.4064886080120847	0.811397721790209	-0.07230250775680797	0.8975909064316123	1.5657878379428345	1.6245806808809646	0.0	1.7620429184085251	-0.5515526449561589	0.6462712197168362	-0.31017095793392097	1.653953951696713	1.5463215415777858	-1.8725017213448196	0.44127713267843466	-0.32570358846708614	1.4740108873935325	1.3973110746521973	-2.336498665623598	0.38953859576966293	0.7762615249701343	0.5862115817045124	0.8381463943047742	0.76553541009845	0.13785127547655088	0.340188092123607	0.25585446253358013	0.2747103173259092	0.188591925018427	0.83284794617832	0.7714338236067023	0.6744788151849375	0.5088619696926925	0.6744788163376326	0.5088619725774728	-0.4504723955795584	-0.27135363952668035	0.6839832624669333	0.6736892305859842	0.6318916338821522	0.6216721954017903	-0.3112067848662342	-0.27268039577564174	-0.5163107881873713	-0.523385266169769	-0.1786759108888335	-0.22719645889906573	0.5178745219150146	0.4873834514917382	-0.5192330251742789	-0.5256724167907431	-0.5000883662758782	-0.5104059655044525	0.47518753198584995	0.4787098471541147	-0.5208085724199963	-0.5274038030375989	-0.5019884952577761	-0.5131147244561884	0.4752660451106446	0.4786039549250162
TORTOISE MAPMRI RTOP	0.4000905625627846	0.5556736674236737	1.53982025963778	0.6723040852710708	0.8552942547140966	-0.5224062081962216	-1.4582683214793342	-0.8391998273760349	0.9178229442355886	-0.5224062096635013	0.4000905625627846	0.28399754886533385	0.8552942547140966	0.7958148020946093	-0.5224062081962216	1.3042289357978851	1.1244209675419197	0.4688627506071693	-1.4582683214793342	1.3008797432373973	-1.197529156630366	1.095153840823188	0.8614523901314278	-0.04225167087381117	0.8347801874982722	0.3516413368705737	1.0911979103142289	0.0022170444064639567	-0.6778300230048874	-0.9063627143278769	-1.5014536872220496	-1.4583668747475746	-0.3945093088198713	-0.001370989992904907	-0.019197488775475748	-0.3460903422741031	0.06087872527544194	-0.22279952197649946	1.900505330923985	1.322239245859124	0.38959734378275834	0.33972929771968946	-0.6345367000561887	-0.7289703770998514	0.5231183371022687	-0.38959734285995656	0.8071836749755473	0.13527190601014058	0.8116605831009198	1.1527615721410172	1.1419432838434325	1.7620429184085251	0.0	-0.28631056826944795	0.3703891175883248	-0.3871726270879728	1.0998745604188302	1.0647921832491087	-1.5662556576884716	0.15644968697492442	-0.40594765936762117	0.9743276503298808	0.9548519951270549	-1.7547704703691815	0.4156787048642417	0.7815340335525905	0.5543364677569216	0.8373394225726578	0.8505657626354376	0.18368710753962264	0.335009854166946	0.25399744250491013	0.24355973243864396	0.16112449060745693	0.8295060157160816	0.8021237532112513	0.6766570853446633	0.525168262653403	0.6766570859522163	0.5251682644817905	-0.441661134956483	-0.18953784351201636	0.683294080501758	0.6854639507112598	0.6332139017078189	0.6346865576448567	-0.2549942559215331	-0.22036963686283711	-0.4767246504670664	-0.478168285370585	-0.1753058504579159	-0.22087980642581798	0.4717198253732812	0.43579376810587317	-0.48315230180695984	-0.48539165930100986	-0.46770571486627854	-0.47499639094337376	0.44112247371209684	0.43959441005374006	-0.4852259037781826	-0.48762003784043306	-0.46954227427849515	-0.4777033370013895	0.4425787342752023	0.44095918922542054
TORTOISE MAPMRI RTPP	-2.0721819501369216	-1.5895587789520411	-0.4397848269021907	-0.8985311757990218	-0.5482399190950559	-0.5080811683634553	0.4571583889510478	0.33212878103360083	-1.0158672240425362	-0.5080811675103729	-2.0721819501369216	0.5832390829398189	-0.5482399190950559	-1.0970878497927983	-0.5080811683634553	-0.20971415916269998	-0.05400510590721443	0.11357434336844775	0.4571583889510478	-0.5332592727905282	0.6423883282507457	-0.908048184344275	-1.112788633514427	0.15505921830451935	-0.9262341538683955	-2.0931705293084266	-0.9050783509424062	0.001023962971964155	-0.34975182796704485	0.43446405267097654	0.360408122577042	0.46382453617115443	-0.019301485613360873	-0.048931529248724986	0.022090709527938537	-0.1871965222232306	-0.14953628624515553	-0.11120911598833545	-0.11343295827414197	-0.27491566758624003	-0.5324621094070214	-0.07139818092934763	1.2991807864968292	1.125630699368942	-0.07257270760758944	0.532462109928643	-0.4592772064627944	0.22975894126892477	-0.6752381894920828	-0.8349223446369723	-0.8623740079039472	-0.5515526449561589	-0.28631056826944795	0.0	-2.204786205068818	-0.1138073837449665	-0.9099798065859634	-0.9004421824025054	0.47370687867289135	-1.775694009591298	-0.10679899419322965	-1.0281409072563383	-0.9910059408850181	0.5400718728142553	-0.05095618723859456	-0.33780953798960195	-0.2666093648344609	-0.3553115343483714	-0.20786315829656968	0.19218828708179772	-0.1423994545778312	-0.09557754043095612	-0.2795232612952396	-0.22502581900952437	-0.323029892214276	-0.2534975146286794	-0.23677953047920236	-0.11973380855655323	-0.236779530768544	-0.11973381073982692	0.3129519916971067	0.49784122737400455	-0.2717826920506397	-0.24621066110586698	-0.24886413075721472	-0.22339438663768552	0.2719745806067271	0.2407927719481205	0.3588738743397987	0.37314738198147834	0.06861996195657342	0.09607661243645872	-0.4382808787948409	-0.4485932255412705	0.3517910388901644	0.3625835437404119	0.3154272475769095	0.3253630723524979	-0.35591793116367165	-0.36947659770074887	0.3514476967832916	0.362356520871493	0.3176343167265389	0.328134835833632	-0.351464813215875	-0.3638766732533069
TORTOISE MAPMRI AD	2.8491026846792136	2.0087276629266473	0.5369630194365344	0.9893196390375977	0.6209377449581562	0.47386541856201	-0.5093454328225641	-0.33769809140057877	1.1166145525861944	0.4738654173804939	2.8491026846792136	-0.4058183893890703	0.6209377449581562	1.1742240183271435	0.47386541856201	0.30811761136830856	0.15681831137587343	-0.054740032749888215	-0.5093454328225641	0.6479173836512183	-0.7305434234907825	1.0120541594519883	1.2362300229489391	-0.1734299183673026	1.0259581924810772	2.610433753613631	1.0101443553489933	-0.005580958459004966	0.30598727067812403	-0.4554844394024986	-0.4287181815458334	-0.5199511807644703	-0.021830772225663934	0.07192586404104805	-0.025988645521325304	0.2036376653169867	0.1246788007403158	0.0921414947161129	0.20087623390635725	0.37705655713539854	0.6465087904878445	0.11622608703741259	-1.501853765774298	-1.255608850210715	0.1249157545094996	-0.6465087908486166	0.5722299096391691	-0.1787027247087884	0.7416116667702988	0.95591795197714	0.9861524541310832	0.6462712197168362	0.3703891175883248	-2.204786205068818	0.0	0.07474945229314736	1.0241897433281018	1.0147401020366988	-0.5363019959015634	1.5535846715153765	0.06403437834319559	1.137750507882005	1.0956327866763276	-0.6263560810595783	0.09362261697127568	0.4086815480977049	0.30937562757226944	0.42971770488750866	0.29131578829605614	-0.18019090076290623	0.1767822621122106	0.12125563820283033	0.31434193368901264	0.24927934452289965	0.39934380449379125	0.3308361698548047	0.290660946207745	0.15870075027789413	0.29066094677893983	0.15870075299409114	-0.38354365221819414	-0.5347626443468849	0.33760793198808187	0.3132876638309343	0.31001622907720217	0.28577131347307	-0.296367408241053	-0.2612415314741714	-0.4051474429570455	-0.41927729329536784	-0.07822181622680288	-0.11061977100787408	0.49638632110993813	0.502424858583816	-0.3989758400715133	-0.41011030494504974	-0.3582655012307076	-0.36873587808286773	0.40256262476729826	0.41644305777623736	-0.3990531629617453	-0.4103781160742775	-0.36052176856782736	-0.37169104005947484	0.3986396297476721	0.4113303046799708
TORTOISE MAPMRI AM	0.05569351166903805	-0.0039755267506504195	-0.3273222708544393	-0.08238781896727103	-0.21844656813922672	0.2919014919053493	0.3200642093924754	0.23044312386519944	-0.16669070854128593	0.29190149138955124	0.05569351166903805	-0.39181069843302613	-0.21844656813922672	-0.11886156760855816	0.2919014919053493	-0.35399858048012894	-0.40948158130522816	-0.3343584356644827	0.3200642093924754	-0.26672028199652276	0.2764293500335836	-0.21278871547675793	-0.12753004107873053	1.1347808729214064	0.13767025467652638	0.07147437821140346	-0.21398433523728694	0.011178176975126996	0.3420786883258757	0.21657335482658563	0.3719627220195493	0.31822365398505553	0.17444016115714456	-0.013860822728125373	0.03000344804012385	0.08471544203526396	0.07529107278729583	0.3375363953848423	-0.417637636857936	-0.2984047859388387	-0.006115246892052914	-0.26554408849152816	0.044569270376889736	0.10873048277806142	-0.33860775458579107	0.006115246425731832	-0.18960152094605698	-0.17349568227904702	-0.14130066595399465	-0.2200333670911257	-0.2110563026953387	-0.31017095793392097	-0.3871726270879728	-0.1138073837449665	0.07474945229314736	0.0	-0.21569742996129673	-0.2176870088512395	0.3380353131023611	0.18379125787112605	3.89869295140492	-0.16132571552314237	-0.17141690798599205	0.32536150147389925	0.003955219469102817	0.005516679716317313	-0.05466151793513345	-0.056420047593835766	-0.44526322834816423	-0.6708350126826912	-0.2359201325551967	-0.20751526661266123	0.04848767359606691	0.06292215311872737	-0.3259421726636959	-0.5032127833871697	-0.5101657177713753	-0.5295212569203267	-0.5101657208683644	-0.5295212454276856	0.31811336586580946	-0.3161091305703425	-0.3636513238085124	-0.4376055599574328	-0.35769703075990555	-0.43018236727273146	-0.03495631626902572	-0.039589584594418616	-0.0026476686289601463	-0.010214413396796965	0.03861852609066699	0.04877131043511741	0.0324641312957999	0.05777335774800527	0.016066597913679346	0.00958651432199786	0.054725155348179136	0.05434245205429161	0.019802568222508726	0.03271084086635386	0.01619070280779798	0.009027953377980402	0.06041945991489302	0.06317577031499193	0.024436453538968134	0.040912451090586145
TORTOISE MAPMRI FA	1.043937013208117	1.209395863197689	1.234397960768842	1.2084000603798386	1.2097373904977082	-0.07298772786082673	-1.3107673783192173	-0.8410749190679542	2.1277294943183573	-0.07298772895346899	1.043937013208117	-0.08668262320054076	1.2097373904977082	1.6071875562663975	-0.07298772786082673	0.7701877443604254	0.5881422618462335	0.29967227158646786	-1.3107673783192173	1.2509907850803528	-1.6969268307530485	3.076443018284374	2.039624822819605	-0.13255278548463062	1.5008966799518668	0.9848765566745947	3.0732236131705224	-0.007822908244926827	-0.21486437196899902	-0.8982721168381413	-1.2168463451114968	-1.3176183894670097	-0.3094967238810936	0.04325923821326156	-0.03467503777260546	-0.09104997476936405	0.14381199160428648	-0.13983695270943922	0.8004617224744709	0.8489676517130978	0.47412238617972907	0.34843221074619973	-1.365127947156702	-1.5940194398199488	0.4692814618750239	-0.47412238564396836	0.7792331190321157	-0.11921748182768382	0.9406360323128304	2.003637710625625	2.1645677421683165	1.653953951696713	1.0998745604188302	-0.9099798065859634	1.0241897433281018	-0.21569742996129673	0.0	2.3400163293505822	-1.3905089136462003	0.7378662701718514	-0.2287324181621736	2.275037675873539	1.9300768241754513	-1.5408781858446483	0.3092836149866157	0.7137402133865526	0.5629249034938552	0.7671812283042942	0.6348121891253713	0.06650217147887173	0.32826006337769065	0.2450612406474484	0.3179278986204728	0.22997760552011007	0.7558813242966121	0.6758057412017859	0.630730981895115	0.4620845436728158	0.6307309830541868	0.4620845466722798	-0.46028121897125046	-0.39340854092427213	0.6377454126592395	0.6161413229156839	0.5900424471743977	0.5689803022672113	-0.34594736300475787	-0.3037205268549173	-0.5322616120656687	-0.5436154120955623	-0.15879258305709554	-0.20548419858476624	0.5693530173608479	0.5481669617920326	-0.5308636558162328	-0.5401400600054468	-0.5043457004468256	-0.5160126291009051	0.49533532047332446	0.5034154001555895	-0.5315819829765681	-0.5409563283945966	-0.5073218010856477	-0.5203195272712932	0.4922721261431237	0.49915968858806725
TORTOISE MAPMRI LI	1.0361627049299915	1.2081467685943361	1.2227898758737956	1.212985614738471	1.1479086163466992	-0.060117323826029835	-1.2179451983053131	-0.7800503216561725	1.88511374541457	-0.06011732475071576	1.0361627049299915	-0.08548568345226971	1.1479086163466992	1.5204909319157134	-0.060117323826029835	0.7762359788111453	0.5934514972802722	0.2881292797909468	-1.2179451983053131	1.2389052532275764	-1.5742815970292332	2.252176849945106	1.9073836213235993	-0.14700010965027616	1.4269717654792375	0.9776905383533978	2.2087653091622332	-0.0061924473065906255	-0.19745071350223195	-0.8502876902571231	-1.1387220240758777	-1.2185271840821017	-0.25702592191547174	0.051579955366730684	-0.03561027331831968	-0.0924092927712486	0.13953490051876477	-0.15084661111251155	0.788267304168436	0.8606790887866698	0.5041406627625401	0.3440739622464186	-1.3493971304928842	-1.5335148123702	0.4595936440970496	-0.5041406620687019	0.8060653675980544	-0.11036636832947919	0.963888956246879	1.8845635637666889	1.9967953978242987	1.5463215415777858	1.0647921832491087	-0.9004421824025054	1.0147401020366988	-0.2176870088512395	2.3400163293505822	0.0	-1.2863258808680618	0.7287734111049471	-0.2311802599371645	2.077067449762576	2.3600833781228667	-1.4590305951401066	0.28629341518703705	0.7082685723309097	0.557103823737215	0.7617282441524419	0.6399357025399394	0.053540541161250885	0.33333293681242904	0.24818664748536193	0.3324811857510445	0.24171887648272877	0.750460989368899	0.6737359236842778	0.6225654274234919	0.4584059201014199	0.6225654290116506	0.45840592277960224	-0.4686666317445697	-0.39599301571943124	0.6403968862700764	0.6191974832468382	0.5904731650508103	0.5699012695168724	-0.3292647650192153	-0.2865034232851243	-0.5198661842979377	-0.5301698739834736	-0.1386013161365826	-0.184838409463392	0.5763122556593093	0.553645234429107	-0.5182037867856868	-0.5268139223000236	-0.4819640391054167	-0.4931098503271737	0.49401355511806533	0.5015134422642842	-0.5189794598508379	-0.5277133373489905	-0.48512492859436257	-0.4976536779636587	0.4908299172094394	0.4970587418338266
TORTOISE MAPMRI RD	-0.5490780521067061	-0.6585979396674152	-1.2033834172828572	-0.7535288946204077	-1.138798689778148	0.44866378881321844	2.8585046510908914	1.3364335562536491	-1.2712347913669575	0.4486637897897365	-0.5490780521067061	-0.06586038692492929	-1.138798689778148	-1.1374399229244005	0.44866378881321844	-0.8714198966462857	-0.7103588584472524	-0.2998747693206744	2.8585046510908914	-1.1681776082704098	1.2188010322764873	-1.376199595398469	-1.0382805292998452	0.03876408718039088	-0.9793837104763964	-0.5160280671327167	-1.3791725321997317	0.004462287607548071	0.5727914236510295	1.3493172173069217	1.4759281944262197	2.2668866169998645	0.42973722455269897	-0.009060474424633745	0.021366341387558187	0.28566753239558346	-0.09629550671141195	0.24798638573278578	-1.1617838888669478	-0.8899697511312251	-0.2364131560742237	-0.2546017363551192	0.8124791317607974	0.9688887550418488	-0.4216455439112828	0.23641315591050802	-0.6031939026428553	0.09788435791898639	-0.6855709369418391	-1.1896770277579385	-1.211356089338458	-1.8725017213448196	-1.5662556576884716	0.47370687867289135	-0.5363019959015634	0.3380353131023611	-1.3905089136462003	-1.2863258808680618	0.0	-0.38683058677780535	0.34774406009553743	-1.1997863516879181	-1.1394894960057376	1.888744760761437	-0.3409449626441762	-0.6834509107513113	-0.5592806335299999	-0.7366562806479997	-0.6690679142553067	-0.19535012312767328	-0.32427334620735493	-0.24922034426405287	-0.22657948231804806	-0.15203527375345155	-0.7208280765479951	-0.6692070967239238	-0.6450828476551869	-0.5193397939694193	-0.6450828489716008	-0.5193397966333267	0.3566810354610115	0.19293210165934419	-0.6152487436645644	-0.6061930575331976	-0.5731151798340337	-0.5638664622222653	0.26531155546892443	0.2330931228949422	0.4399282889000074	0.4450644321963518	0.1601453408227611	0.20345850129356272	-0.43219313042265706	-0.40498205046765373	0.44135715140637255	0.4459270867834006	0.4343151193684217	0.44250836526200876	-0.39652808961450003	-0.3982455286196848	0.4422266364893835	0.4468065449152017	0.43642832412741894	0.44557486875698116	-0.3954836973741221	-0.3967077845146206
TORTOISE Tensor AD	1.426867140900353	1.1435192929656555	0.2949987225982519	0.7992047665790619	0.5080962952098788	0.5007132251624047	-0.3881251651636747	-0.35533260532500544	0.8613286186796809	0.5007132254902354	1.426867140900353	-0.7071799960245982	0.5080962952098788	0.9495584848467242	0.5007132251624047	0.021751519083075942	-0.15689490718476048	-0.23282317134375685	-0.3881251651636747	0.40277534016354316	-0.4919292369443063	0.7340874288655767	0.915645996824452	-0.10890133965035056	0.7949590553009617	1.5060054105413274	0.7336793048594322	-0.0008472383343724154	0.39131194447923806	-0.4103202572737055	-0.2529800563714682	-0.3815082951218112	0.07286293556160318	0.047150848398048555	-0.032052303378189095	0.17938378900182975	0.11558068336814518	0.10219959442499732	-0.039700369128414605	0.09209021315960113	0.31343787397461176	-0.016005267974505858	-1.1172639840097045	-1.0089148619241548	-0.025040658822529496	-0.3134378744942649	0.2508376127788624	-0.5108511506402481	0.43808599839886786	0.6392137945826034	0.6824385631370697	0.44127713267843466	0.15644968697492442	-1.775694009591298	1.5535846715153765	0.18379125787112605	0.7378662701718514	0.7287734111049471	-0.38683058677780535	0.0	0.18512333168345207	0.8661117130921624	0.8341149470747784	-0.4035621138221144	-0.0381933210259776	0.17111358482208155	0.15819889233146886	0.18408662977984347	0.032729128034858876	-0.20870247015791102	0.08004735573393539	0.05082870893545198	0.21473655744829476	0.18085492907351264	0.1638707586319648	0.09700675956026357	0.10955702693950915	0.023927810716630728	0.10955702789879941	0.023927813286188003	-0.145414402798893	-0.36333913156888975	0.13611242211285177	0.11022253779085851	0.12223622251536606	0.09631032267576713	-0.22615828693901938	-0.20395721602998146	-0.25166772973615287	-0.2662730942414087	-0.03469912037368831	-0.05500168180854209	0.3162576988299759	0.33173160597507223	-0.24454236540279475	-0.25495167335693414	-0.2177981910702375	-0.22701070147476599	0.24935884988504137	0.2623714241386865	-0.2438119763178614	-0.2543117105352086	-0.21862457606957642	-0.2277206950561729	0.24588129700974526	0.2584642362714332
TORTOISE Tensor AM	0.04355410939658562	-0.019478212957911765	-0.3492307639264707	-0.09282198619274395	-0.22284425319162623	0.28676333919995795	0.32748424606485876	0.22370050028825625	-0.1767282959356748	0.28676333875444854	0.04355410939658562	-0.41262371101990303	-0.22284425319162623	-0.1286631306485573	0.28676333919995795	-0.38594550069373484	-0.4440967832640222	-0.34789825968018	0.32748424606485876	-0.2901137386193338	0.29013761773417135	-0.2257603819034094	-0.1400929149210871	1.1229171467342554	0.12244793817186189	0.061124878038903874	-0.22668776182572775	0.010924057612994748	0.34345377409142125	0.2196025072449862	0.3835997894677241	0.3270333276708179	0.18167655522432674	-0.01517743917107674	0.030506049137774317	0.08391253809940116	0.07342105792040408	0.3318573963817999	-0.44097670182681276	-0.32447887188149616	-0.033930767030459046	-0.2705572888498526	0.056803598110110334	0.11974581129508878	-0.3453576580606221	0.03393076654846203	-0.2206176898446894	-0.1947087094076563	-0.1674484314113913	-0.23809967425973622	-0.22739566235839553	-0.32570358846708614	-0.40594765936762117	-0.10679899419322965	0.06403437834319559	3.89869295140492	-0.2287324181621736	-0.2311802599371645	0.34774406009553743	0.18512333168345207	0.0	-0.17412964560744346	-0.18434487239446054	0.3435500417368852	-0.012792925024958449	-0.018135489010551554	-0.06903129200247625	-0.07987195797631208	-0.4733007878889503	-0.6631340236236631	-0.24202517575737398	-0.2113268409236705	0.03979252526706002	0.056763456908733245	-0.34814614090315243	-0.5277161443964556	-0.5255129647079646	-0.5385648339678244	-0.5255129677633952	-0.5385648224036245	0.34191740565739853	-0.29570483508950424	-0.3816135706678022	-0.4562888622837741	-0.3743379919554764	-0.44745519041590354	-0.027024620976098916	-0.03283108307700975	0.012715790398347178	0.0051147476369318955	0.04472942603763931	0.05600760151611778	0.016351483312280524	0.04227190926127181	0.03135377613557603	0.024977770184554375	0.06884694618243417	0.06856958954595174	0.004575964701433614	0.017318761072392566	0.03156133484975129	0.024516757986123888	0.07454399457039287	0.07742455643528089	0.009100232041974587	0.02540043407467469
TORTOISE Tensor FA	1.163396208862002	1.3425416568501545	1.163739809769793	1.343458849066405	1.0578451655454726	-0.010510232285662708	-1.1517909640768984	-0.7451134773984335	2.0063853721649667	-0.010510233018783826	1.163396208862002	-0.1516450283878182	1.0578451655454726	1.6962728898475197	-0.010510232285662708	0.7169316222233377	0.5222350215771224	0.2284571850591347	-1.1517909640768984	1.25154131629242	-1.4471589511671659	2.2630007133711088	2.5025720048414883	-0.1334982073637114	1.6267506930162376	1.0894502264259083	2.1909834567246342	0.0014439478242104626	-0.14972396383074485	-0.851749810331807	-1.028559729066393	-1.1516438395514967	-0.22606789034271593	0.023607688005943584	-0.03985326981185527	-0.09588974743518658	0.14096452968832518	-0.10180776228284963	0.7082854490418363	0.8139353822073879	0.5145072878853324	0.29025555576342055	-1.6093900153255414	-1.8192162537251186	0.3911553185569185	-0.5145072871574018	0.8202345785798318	-0.1878163578488994	1.0354532974638095	1.977377728751028	2.192333470122981	1.4740108873935325	0.9743276503298808	-1.0281409072563383	1.137750507882005	-0.16132571552314237	2.275037675873539	2.077067449762576	-1.1997863516879181	0.8661117130921624	-0.17412964560744346	0.0	2.376066419863894	-1.3925877437777068	0.29252074451520416	0.672036473084361	0.5201717358554839	0.7186169202772885	0.5837174984483923	0.021010213646119165	0.3107398815895922	0.23034505108429887	0.3314685672201695	0.24418688052107465	0.7085479718655069	0.6292808911168575	0.5699777747610558	0.4050848577945984	0.5699777759331595	0.4050848603109426	-0.4576067428666768	-0.4235083173531743	0.597877751665532	0.5750210158029729	0.5532767596859693	0.5310346242670806	-0.3425802477858311	-0.30014891509427644	-0.5225688197633348	-0.534843927053604	-0.14127432743495685	-0.18761696458262045	0.5773499260465601	0.5582830281864427	-0.5205488076025061	-0.5304694886143246	-0.4858989975289899	-0.4979562496275845	0.49501045838539653	0.5041353891621058	-0.5214077689819057	-0.5314953113800917	-0.4883813999952682	-0.5013069687427958	0.492473305175032	0.5008097288078923
TORTOISE Tensor LI	1.1233420533533909	1.3006441883380353	1.148179164068322	1.3134752470773432	1.022289891449221	-0.010922904804921064	-1.0960222966130877	-0.7075987008842562	1.7809987345334748	-0.010922905413509033	1.1233420533533909	-0.14314513704147183	1.022289891449221	1.5611905292059212	-0.010922904804921064	0.7199789853258157	0.5288012344703046	0.2256854522591822	-1.0960222966130877	1.2192518588301893	-1.3743779766612372	1.9356570660142232	2.0798959678691338	-0.14786737595568616	1.4896948483425125	1.052514642881341	1.8757655164852536	0.0038439537751865805	-0.1456696548459557	-0.8138118694170323	-0.9870687489568809	-1.0913959853952564	-0.1791245260808315	0.027834815766654596	-0.04189873790244298	-0.1070466984348643	0.13699557433480414	-0.11721830623808253	0.7049130366728906	0.8194916979597641	0.5285960401447578	0.29282476882514574	-1.5197958555654763	-1.661771397832237	0.3911355324527911	-0.5285960392318895	0.8267578052972873	-0.17270406784376244	1.0293571320800532	1.8070985819735539	1.9400555596202538	1.3973110746521973	0.9548519951270549	-0.9910059408850181	1.0956327866763276	-0.17141690798599205	1.9300768241754513	2.3600833781228667	-1.1394894960057376	0.8341149470747784	-0.18434487239446054	2.376066419863894	0.0	-1.3302750200910411	0.2676575092699604	0.66286688781686	0.5143800080672725	0.709621174346745	0.5862688526756562	0.016008253970966172	0.31647649271655826	0.23472275692473973	0.3417577210084361	0.25254471557325486	0.7002344343222503	0.6250698598190432	0.565210787508401	0.40557490827854287	0.5652107889332675	0.4055749106112151	-0.4582103390585105	-0.41572074426376615	0.5997520457405512	0.577641007136885	0.5536553444669672	0.5322063525795255	-0.3236876469803783	-0.2810882170761535	-0.506597911788717	-0.5176663650525695	-0.12152433449617	-0.16724510330760722	0.5784592367304434	0.557882682225508	-0.5044294861633295	-0.5135298223512311	-0.4614081737469633	-0.47278541228028537	0.48971444771625494	0.4981329523931578	-0.5052892642786218	-0.5145668564023514	-0.4641648764451286	-0.47652241931832845	0.48686755040561647	0.49434227136143977
TORTOISE Tensor RD	-0.655778817397212	-0.8058824355133926	-1.5490141896215848	-0.8536986133393705	-1.0434314710122936	0.3071405505089193	1.7149757823392517	0.9298358315466266	-1.3210970348991051	0.30714055170725996	-0.655778817397212	-0.1183466286174374	-1.0434314710122936	-1.2036363041546514	0.3071405505089193	-1.149344256458072	-0.9161552915951451	-0.31558809726312376	1.7149757823392517	-1.5864713580576202	1.3340225438655684	-1.538251777354725	-1.1924886123874023	0.05404427014374271	-1.1186643134339567	-0.6054242229458717	-1.5152049646311183	-0.0028583251309824125	0.4508828894994234	1.1315582976027412	1.3657555803440322	1.6799099816728187	0.36310989764553736	-0.004105521071904956	0.023198902238385225	0.2745876045098817	-0.09763598143644722	0.2067521503535577	-1.3134178934361809	-1.1512422701078242	-0.4500779311640835	-0.26038561228383544	0.9335062931284764	1.0868784237415734	-0.42476448630792574	0.4500779305669154	-0.8952560982173445	0.0046055704844825225	-0.9823732491176639	-1.5234365790035804	-1.502398777406084	-2.336498665623598	-1.7547704703691815	0.5400718728142553	-0.6263560810595783	0.32536150147389925	-1.5408781858446483	-1.4590305951401066	1.888744760761437	-0.4035621138221144	0.3435500417368852	-1.3925877437777068	-1.3302750200910411	0.0	-0.4024108974006303	-0.839843104585972	-0.6141266977644819	-0.906107781850584	-0.839879451128208	-0.1358765304682944	-0.3478589372554202	-0.2599548391862663	-0.2807535723519659	-0.19122241557759184	-0.8829562086515775	-0.8192009744162225	-0.6993198188218971	-0.5218530193289782	-0.6993198193570942	-0.5218530217991308	0.49399901739631535	0.2927756645508539	-0.7190434721407124	-0.7093589977168248	-0.6620275458713987	-0.6523488428492775	0.3118489819270812	0.2719775061136521	0.5366282977052779	0.5416145743961103	0.18603909831288323	0.23460860780286788	-0.5384575896845486	-0.5051764430439727	0.5388375630239194	0.5440134691891318	0.5166853425022812	0.5258471703640943	-0.49547908858822204	-0.4978944559187288	0.540548628040767	0.5458920091322069	0.5192006476080097	0.5294087493423735	-0.4951794853415817	-0.4971891278676419
ihMTw	0.10845281635028496	0.1672454463390535	0.4285935972021445	0.17352657859518347	0.1147026741405065	-0.136461918500843	-0.32644811078928865	-0.1501124058197846	0.2447976162335433	-0.13646192090108747	0.10845281635028496	0.29255314083215356	0.1147026741405065	0.23110605825195582	-0.136461918500843	0.5175855438601324	0.5216375901221734	0.3199683651346988	-0.32644811078928865	0.45124386148542744	-0.3397047783066134	0.3088626807234213	0.26641084401142756	0.22218684490934618	0.36335758687607095	0.073769118659012	0.3091906029383194	-0.03930140656382814	-0.24027653631389043	-0.2549000465779322	-0.38071866617593103	-0.3463137174948737	-0.25312306877199187	-0.023394886706458583	0.02844164212712167	-0.13002987779707914	0.1994069469376692	-0.07787927328887498	0.4379801034588093	0.37673167434654203	0.21558193541993872	-0.05124300844770517	-0.17610170171137413	-0.229059740828578	0.02738033745461239	-0.21558193589885186	0.4170565512996611	0.1918441466895187	0.41738593770830307	0.36779800120572687	0.34598350685656903	0.3895385957696629	0.4156787048642417	-0.05095618723859456	0.09362261697127568	0.003955219469102817	0.3092836149866157	0.286293415187037	-0.3409449626441762	-0.03819332102597759	-0.012792925024958445	0.2925207445152042	0.2676575092699604	-0.40241089740063024	0.0	0.7590323433248024	0.5417104942558678	0.7641830191970485	0.6999914687852574	0.20958329404909706	0.23264021473424362	0.1753586044941861	0.12703360666903385	0.06683183734784232	0.6163432970740299	0.5626860784198792	0.3781098066963559	0.2935704985914876	0.3781098046607313	0.2935705004920503	-0.6294833281941583	-0.5138916192166656	0.4725638770866155	0.4573752806977255	0.44244778052821176	0.42710410742095134	-0.196280304093506	-0.17360630067255017	-0.30530643699390947	-0.3178492095223191	-0.182438345291912	-0.2245457167444409	0.23681808321840844	0.22253120548781405	-0.3039651465817406	-0.3201276327065743	-0.33351915405407867	-0.3413761329160961	0.24757512632234233	0.26845900510862114	-0.3056131223801568	-0.321808120698006	-0.3315008840062384	-0.33889921670792755	0.25211054112219644	0.27377334233507156
ihMTR	0.44517933596043396	0.5435682741272574	0.8141762160120931	0.4966457325431056	0.5080267956251939	-0.11041242858327442	-0.6382015695463716	-0.35324867296293216	0.636761025283283	-0.11041242977929482	0.44517933596043396	0.2182314433635566	0.5080267956251939	0.6094742520263141	-0.11041242858327442	0.8645359002379168	0.8129106933469912	0.31670380121324115	-0.6382015695463716	0.8208578942161223	-0.6992442218567068	0.7167719165778572	0.6453870308640827	0.2113617596820038	0.8013730787816049	0.3928682007537181	0.7102729482396339	-0.008279862388331937	-0.2585019598810994	-0.5212391361396737	-0.6700256836049376	-0.6698573388808298	-0.2899024906894511	-0.024481070977662032	0.012668081845955668	-0.20155918290845792	0.16544545633528954	-0.03369707810511484	0.7796265618369207	0.7817793618052684	0.5013912148239676	0.18470708238939507	-0.5422028580362517	-0.5924030670523667	0.2888242916059642	-0.5013912139680959	0.7762363593187775	0.24482584740105465	0.773075347497948	0.7936023524709521	0.7463427489035823	0.7762615249701343	0.7815340335525905	-0.3378095379896019	0.4086815480977048	0.005516679716317316	0.7137402133865526	0.7082685723309097	-0.6834509107513114	0.17111358482208155	-0.018135489010551554	0.6720364730843611	0.66286688781686	-0.8398431045859722	0.7590323433248024	0.0	0.9472575178044732	2.411510581300712	1.0900701631813767	-0.006897675350812221	0.28742273642192384	0.19859503945318152	0.3008977775828434	0.20072629607181028	0.919478586833087	0.7153650260267473	0.6305598457048358	0.4415266413074548	0.6305598440472364	0.44152664388513524	-0.8808284340531541	-1.062993345107023	0.6728589742486474	0.617423424564959	0.613390008185432	0.5609995920314187	-0.36558320847355896	-0.3235154050957326	-0.6238227678261649	-0.630552120990815	-0.2485943705331472	-0.29394242882738064	0.5865718621044633	0.5623450579641363	-0.6141630235365237	-0.6241269868454806	-0.5782762565291978	-0.5897231503341385	0.5727643485250229	0.5816639077456711	-0.6159484339268312	-0.6262485729056508	-0.582375930385886	-0.5949186075905243	0.5707642287099755	0.5794407482908497
MTR	0.3312285651817522	0.38713234259934215	0.5740435750312379	0.39362593527416656	0.4533245231614405	-0.0933000163710723	-0.5297336433620048	-0.36154320103628507	0.5177408327884386	-0.09330001493561182	0.3312285651817522	0.12270389375652717	0.4533245231614405	0.48420937345441956	-0.0933000163710723	0.5174540760676096	0.4839732687829435	0.25386850744509454	-0.5297336433620048	0.5488453852927723	-0.5531069191577762	0.562425734848456	0.5048326673804538	0.12086210603670859	0.5706307300105635	0.2926929693806469	0.5685942446287672	-0.010202565693570382	-0.22333790951849766	-0.46461390248838247	-0.5566974777508954	-0.5634773006267045	-0.10308487919578793	-0.030584791125449783	0.0032370292936367436	0.0008040119503466439	0.2567376475216252	-0.45303629745232143	0.5170647462959359	0.4762405795928359	0.26757463151455635	0.2237517165670669	-0.4039289740740754	-0.47066686143005765	0.3097484893588225	-0.26757463132467285	0.43139427604820285	0.1082420545078899	0.4579940916373172	0.5703311270961301	0.5526148006639653	0.5862115817045124	0.5543364677569216	-0.2666093648344609	0.3093756275722695	-0.05466151793513346	0.5629249034938552	0.557103823737215	-0.5592806335299999	0.15819889233146886	-0.06903129200247625	0.5201717358554839	0.5143800080672725	-0.6141266977644819	0.5417104942558678	0.9472575178044729	0.0	1.0941695346139768	0.5863295929862978	0.3116240377136182	0.4733689557887599	0.36058173398994364	0.31077373869401775	0.20852951174508255	0.8363449483686173	0.6130032416644443	0.8980201783248131	0.7617178095936097	0.8980201741950016	0.7617178115398724	-0.4703213349448496	-0.6487466741106649	0.7910763566118912	0.7045850844326137	0.7145863725416773	0.6343179614478511	-0.22260414262598757	-0.19557148160840107	-0.3399986136789864	-0.34833714617750366	-0.04902115960534053	-0.09415884371030551	0.4036355875117188	0.3814462736760894	-0.3235689547058215	-0.3328228104525782	-0.30942344797399757	-0.314947923617461	0.30409744470982375	0.3158373063440788	-0.3232296557868498	-0.3325699966431589	-0.31664286587558277	-0.3243688794297019	0.2967009610369716	0.30692607825312684
ihMTsat	0.4667699510602149	0.5718757067977888	0.8818711055008087	0.5336625167200865	0.5433320014477425	-0.10580896237770808	-0.6861972217477151	-0.3786791968211657	0.6775703591544261	-0.1058089624723273	0.4667699510602149	0.22259580231304626	0.5433320014477425	0.6411639182445835	-0.10580896237770808	0.9086099877538452	0.8462955132266851	0.33776978890672166	-0.6861972217477151	0.8753851589666024	-0.7587872263940262	0.7697887751059915	0.6892305155085819	0.15099830752705937	0.8107666498972194	0.4125298749305509	0.7645346317535141	-0.012370930667748949	-0.2638743728740739	-0.5522393060747034	-0.7300236796171142	-0.7229352079965587	-0.25874580336324	-0.023716684940670713	0.010495634316312086	-0.16815543021164067	0.18985920967558698	-0.13186882549605405	0.8230265745678773	0.8165020160375562	0.5145136310844438	0.2137215822233011	-0.5692909146616851	-0.6264198862833635	0.3240297959147364	-0.5145136303455342	0.7995362146149645	0.24066159348179358	0.8031316883929518	0.8545955315235729	0.8041111812076454	0.8381463943047741	0.8373394225726578	-0.3553115343483714	0.42971770488750866	-0.05642004759383576	0.7671812283042941	0.7617282441524419	-0.7366562806479997	0.18408662977984347	-0.07987195797631208	0.7186169202772886	0.709621174346745	-0.906107781850584	0.7641830191970483	2.4115105813007123	1.0941695346139768	0.0	1.156511947432754	0.06809718877316297	0.35447393163979224	0.25209288292313714	0.3271309621114032	0.21792955112707735	1.1367288125605788	0.877618828515882	0.7680142351241874	0.5439326755546112	0.7680142331922326	0.5439326780941546	-0.9015659090304429	-0.9563074817615397	0.8103903924754945	0.7488953321037135	0.7314493554198389	0.6754760354205218	-0.35415964337344374	-0.3117829274182961	-0.5999426322440831	-0.6070242147584868	-0.2156093353293743	-0.2651404046088858	0.5884424373983904	0.5598032865706875	-0.5899938808983916	-0.6003063755769866	-0.558625676474335	-0.5691941171660053	0.5495812002260275	0.559778053031507	-0.5916792728061511	-0.60229826574989	-0.5632304751371864	-0.5753342875316777	0.5471830917811719	0.5567459544243767
ihMTsat-B1c	0.3276819339598899	0.44127481451293293	0.8597269125477564	0.41434339939956605	0.4336780605877729	-0.16911454380877855	-0.6171320588750505	-0.2983326995583395	0.5319441389187872	-0.16911454513672752	0.3276819339598899	0.4120810355183571	0.4336780605877729	0.49712493381883816	-0.16911454380877855	1.0447833395459447	1.0499509653988466	0.4038489699695239	-0.6171320588750505	0.854412971766607	-0.6618317675349886	0.6334086732451706	0.5431038018875572	-0.18389690332350347	0.4848596056524727	0.2830393589074135	0.6235653852480602	0.0016895232375696782	-0.30843838688757813	-0.455711862824168	-0.6784707846950601	-0.6333107503865697	-0.3306781117807718	-0.013324882960384447	-0.007494896065500381	-0.19638549801344948	0.03952436009261786	-0.0806521259260255	0.9104511064745928	0.8685610348929004	0.5247520881819533	0.1949440040722115	-0.44184157583780004	-0.49080692893041633	0.3080837057022932	-0.524752087710071	0.861870773343769	0.34273379922828473	0.7801892364500981	0.7480624819897007	0.6912065004240067	0.7655354100984502	0.8505657626354376	-0.20786315829656968	0.29131578829605614	-0.4452632283481641	0.6348121891253713	0.6399357025399393	-0.6690679142553068	0.032729128034858876	-0.4733007878889503	0.5837174984483923	0.5862688526756561	-0.839879451128208	0.6999914687852574	1.0900701631813767	0.5863295929862979	1.1565119474327543	0.0	0.20865719307662806	0.2875844297699828	0.20413258652314917	0.18239261085598	0.09953961605240572	1.0394930120510535	1.160143326096413	0.6952586053613412	0.5098159759178719	0.6952586069139531	0.5098159748705878	-1.436579298593772	-0.5297351097321269	0.7157831020247569	0.7564695342292227	0.6578825583767143	0.6939634687324392	-0.32697464403490156	-0.28890393583414914	-0.5553201666211715	-0.5545804146545169	-0.31059061942141414	-0.3518209286242281	0.4471575504097743	0.4180129785076346	-0.5678700973121934	-0.5716436072225196	-0.5787580131800047	-0.5866990301577909	0.49698571815957493	0.4979554060073247	-0.570696585466967	-0.5744034819000607	-0.5834218775338127	-0.5941339148928181	0.49698485798806064	0.4959906764927238
R2	-0.17458709086803956	-0.14676241663333614	0.11378107092385249	-0.06524702417486732	0.0641059026872371	-0.2887217988958838	-0.19280425655790268	-0.19991782601641594	0.03804032220540722	-0.28872179845872825	-0.17458709086803956	0.26646868098668064	0.0641059026872371	0.00394875270657763	-0.2887217988958838	0.11474724558354046	0.16934781941891217	0.2331951555095303	-0.19280425655790268	0.06723673318561722	-0.11197664245939705	0.06269898230400885	-0.010432700543967242	-0.4254059656828911	-0.15908804679344146	-0.17962831160208137	0.07031380592748081	-0.006876162535397667	-0.30149154994430466	-0.1516202069089968	-0.2175294059557067	-0.19073563752770262	-0.0856126851315546	-0.01602796417241179	-0.023188225790563247	0.06235407895795098	0.0301437675772544	-0.5461825757993486	0.1966230748090836	0.06787793483323902	-0.1938896708121029	0.13847273550811043	0.09018375900892737	0.01857554449764091	0.18758796724718615	0.19388967038057728	-0.04549642956390094	0.06262784123421326	-0.057016178695698194	0.04039541745164182	0.039536945975739035	0.13785127547655088	0.18368710753962264	0.19218828708179772	-0.18019090076290623	-0.6708350126826912	0.06650217147887173	0.053540541161250885	-0.1953501231276733	-0.20870247015791102	-0.6631340236236631	0.021010213646119172	0.016008253970966165	-0.1358765304682944	0.2095832940490971	-0.006897675350812224	0.31162403771361813	0.06809718877316297	0.20865719307662806	0.0	0.3698701363990639	0.33998040636400234	-0.09760704791022654	-0.10364316027604074	0.2601922601220324	0.3305532275770826	0.6132956266710393	0.753844589364956	0.6132956273028624	0.7538445861515576	-0.1299949988991304	0.19249231610163925	0.38503448111558436	0.41377224438368404	0.3819637907516264	0.40887964607660016	0.09251013069805317	0.08585441600767003	0.15578266996712223	0.15853544050605003	0.04671841931085039	0.044985484574448016	-0.17752557062433202	-0.19103963728453918	0.1495774626255406	0.15187314017760634	0.09693361900808703	0.10099471842036489	-0.18455478897440591	-0.18769316080132292	0.15018562228183668	0.15300311511642614	0.08991966132916215	0.09069823469238611	-0.19130757460216247	-0.19778218578687654
R2*-E5	0.19285581024112966	0.23545640105756746	0.3348160806165953	0.24348033845094622	0.27071751552380274	-0.10268364382567496	-0.3094351825547834	-0.2178876677676309	0.31017522296415867	-0.10268364281969418	0.19285581024112966	0.10929605499819613	0.27071751552380274	0.28039654335635766	-0.10268364382567496	0.2885614672587852	0.27770767039035177	0.17239400735010055	-0.3094351825547834	0.30713559933083756	-0.3353672136776282	0.32938924567153866	0.29943028322789056	-0.16016047179201606	0.23803842921969398	0.16385233785516867	0.3325845593810721	0.015483182516157504	-0.1851528290924366	-0.2643698785442783	-0.33297567969616937	-0.32975289470316177	0.051384336543836714	-0.0002489017992110044	-0.01315103121892742	0.07029073346468542	0.14925174503749988	-0.4911451528805606	0.3156530887346311	0.31719638415108553	0.18514743432896677	0.2096413856844675	-0.23986768201492958	-0.27108431824960755	0.25872659285389643	-0.1851474346413525	0.25180366909271357	0.09288963426770726	0.2602316676122366	0.32797825025292965	0.3281075343828966	0.34018809212360696	0.33500985416694595	-0.1423994545778312	0.1767822621122106	-0.23592013255519667	0.32826006337769065	0.33333293681242904	-0.32427334620735493	0.08004735573393539	-0.24202517575737398	0.31073988158959215	0.31647649271655826	-0.3478589372554202	0.23264021473424362	0.2874227364219238	0.4733689557887599	0.35447393163979224	0.2875844297699828	0.3698701363990639	0.0	1.5514435971248666	1.2733753694641066	1.0138501748978552	0.4402199467635424	0.41058642451496963	0.5354742633521823	0.4918301337530455	0.5354742625313036	0.4918301327729392	-0.2102991027893547	-0.1461400120755455	1.184068007305979	1.1639790166561519	1.1680924093643175	1.1436950174908826	-0.04052755805888468	-0.019773728728350003	-0.11266221076760517	-0.11646821698851027	0.47467731136563984	0.40900305713262564	0.583850900058835	0.5576113349199389	-0.10554846839326337	-0.10973431865630093	-0.07579543233094946	-0.07741398152311864	0.13526246837212264	0.1426382378281388	-0.10531742601827764	-0.10959281513629836	-0.08020217912267326	-0.08321943389940262	0.13000564889145544	0.13563862266634696
R2*-E4	0.1335761135604447	0.1654123911168077	0.24862730710591777	0.177725057698619	0.20739234842301518	-0.09835861856017544	-0.2392210497185548	-0.17703476393407652	0.23295985898400126	-0.0983586164474272	0.1335761135604447	0.09122383846278999	0.20739234842301518	0.20823252995067776	-0.09835861856017544	0.21091215532668417	0.20521999036925093	0.13931904861489103	-0.2392210497185548	0.22484353778333682	-0.25315003083473553	0.24615938409817748	0.22040472166349503	-0.14530155118405866	0.16536554414573704	0.11148256888462187	0.24890404631278887	0.010330359641985426	-0.15994246905777554	-0.20487347593052385	-0.2565861558191631	-0.25388946813405394	0.04742838799648531	0.000864034397252485	-0.009736290282704752	0.060905055863129366	0.11672819795414996	-0.40435855071712595	0.23923753610888884	0.23423854893646104	0.1218938842288002	0.17264500287188594	-0.17157362179338445	-0.20029275645307373	0.21084950083607754	-0.12189388488729204	0.17686099680946407	0.06815359322098287	0.18298837168179102	0.24049873145787615	0.242125182539744	0.25585446253358013	0.25399744250491013	-0.09557754043095612	0.12125563820283032	-0.20751526661266123	0.2450612406474484	0.24818664748536193	-0.24922034426405287	0.05082870893545198	-0.2113268409236705	0.23034505108429887	0.23472275692473973	-0.2599548391862662	0.1753586044941861	0.19859503945318152	0.36058173398994364	0.25209288292313714	0.20413258652314917	0.33998040636400234	1.5514435971248663	0.0	1.0514479608109106	1.3162636212552887	0.325681114595055	0.3083158075081015	0.426421292963747	0.4076003147000818	0.4264212919925822	0.40760031224632387	-0.13852501576291967	-0.08578238737902198	0.9025114013942873	0.8967720125776962	1.1083465738040348	1.095129014406783	-0.007651913308738787	0.0051900927075867725	-0.0514565011038485	-0.05379948100679699	0.4700551520793872	0.5018499565828739	0.4730488762815351	0.5270315466437575	-0.04551528243543814	-0.04836233759006802	-0.02215558101703121	-0.022698701480081733	0.07486598226336921	0.08048081125813313	-0.0451829402341867	-0.048089595502757834	-0.025995339967074756	-0.0277881240355079	0.07021924125218676	0.0742737823137326
R2'-E5	0.331379821992649	0.36633292233223835	0.28445893120561616	0.3204293600111266	0.2510756354553579	0.043864754668289374	-0.21260880445419741	-0.11406873347950393	0.31907783827150676	0.04386475609751334	0.331379821992649	-0.023374901125109277	0.2510756354553579	0.30523411955794916	0.043864754668289374	0.23006948267699345	0.19339110247991032	0.07144312087936629	-0.21260880445419741	0.27946134587302407	-0.299943641363906	0.32203933579576854	0.3437166697066431	0.001737880460427109	0.34977132522388044	0.2986468209529491	0.3203825996947368	0.021747562325728307	-0.03997097876543776	-0.18325307280399702	-0.22843066375494672	-0.23530435110473463	0.11850834547456447	0.009996261084091365	-0.002630197557150905	0.06301366922246351	0.14389995499826688	-0.22354584989723053	0.21674171348238389	0.3073684058587482	0.3286812295068927	0.17426557820743693	-0.3364372077345151	-0.312115876768224	0.19012531940931854	-0.3286812282702271	0.3033029534159611	0.07511088759479831	0.31726325581381354	0.3339851343562123	0.33591294835892865	0.2747103173259092	0.24355973243864396	-0.2795232612952396	0.31434193368901264	0.04848767359606691	0.3179278986204728	0.3324811857510445	-0.22657948231804806	0.21473655744829476	0.03979252526706002	0.3314685672201695	0.34175772100843604	-0.2807535723519659	0.12703360666903385	0.3008977775828434	0.31077373869401775	0.3271309621114031	0.18239261085597996	-0.09760704791022654	1.273375369464107	1.0514479608109104	0.0	1.5091790196870016	0.313787519517319	0.24820095521724056	0.2555012631735822	0.17534708889250308	0.2555012617878572	0.1753470886661223	-0.16642980224249157	-0.2846559464477003	0.8167147727430559	0.7820585886371516	0.808167400864775	0.7722981965930736	-0.07971166503934238	-0.05309914228672517	-0.19281098704920344	-0.19779381156811	0.5139570518378476	0.4424430417451914	0.793982596067872	0.7686982013781487	-0.1817499629943208	-0.18695321279610566	-0.1187653168870957	-0.12242291077553154	0.23314392873685963	0.24189639334276883	-0.18172089201558417	-0.18725305849301868	-0.12018814900602515	-0.12379180257910642	0.2306176708055686	0.23911232699227758
R2'-E4	0.2615677623787877	0.28354359397116424	0.19355453996854402	0.2446698969718321	0.18398487152905232	0.04836602492918879	-0.14251345754025516	-0.07485462322692385	0.23659344624810655	0.048366027534561595	0.2615677623787877	-0.04192589332323485	0.18398487152905232	0.22725395621563876	0.04836602492918879	0.14655740473101084	0.11655873877864652	0.035574624942967106	-0.14251345754025516	0.1907783694914605	-0.2136517082018901	0.23363726766945275	0.2558799306274727	0.003689174347511303	0.2597983973057797	0.2378399657861276	0.23209625480730267	0.015609101197848257	-0.01357786852552286	-0.12433840287727166	-0.15172343215560002	-0.15955008288752057	0.11419352747298095	0.011821062623421138	0.0003558632522244915	0.061342882997785154	0.10590417902641315	-0.16019623984045328	0.13800684570214364	0.21744460078836422	0.25223899226184265	0.13673605385649118	-0.25786224273946345	-0.23293194383239302	0.14239334797456318	-0.25223899203744027	0.21773931813370667	0.04881353091816486	0.22987205466961033	0.23958858838168692	0.24310385211704336	0.188591925018427	0.16112449060745693	-0.22502581900952437	0.24927934452289965	0.06292215311872737	0.22997760552011007	0.24171887648272877	-0.15203527375345155	0.1808549290735127	0.05676345690873323	0.24418688052107465	0.25254471557325486	-0.19122241557759184	0.0668318373478423	0.20072629607181028	0.20852951174508255	0.21792955112707735	0.09953961605240572	-0.10364316027604077	1.0138501748978554	1.3162636212552887	1.5091790196870016	0.0	0.20637070152710732	0.1557479562410892	0.1721688328015969	0.11485550779326223	0.17216883182821366	0.11485550615978538	-0.0946726322917857	-0.21033971846059263	0.6385186642414824	0.6171823665134859	0.7724081290819033	0.7455905354371333	-0.0471043996138087	-0.029107545737398224	-0.1250639531118732	-0.12881475016754992	0.5018862306975633	0.5368450189755973	0.6329669221719859	0.7129912896215006	-0.11550704231398853	-0.11946187467383533	-0.06159028183413588	-0.06435211935378614	0.1640952175249113	0.17091827776768947	-0.1152975502171771	-0.1195058379294029	-0.06262841607405893	-0.06535442789120907	0.16189780095317635	0.16844818911705803
R1	0.43286876863863477	0.5411057859373393	0.8960922973459858	0.5425164639968555	0.5251324418669336	-0.10213839693477965	-0.6696471772740553	-0.3601264436425502	0.6538444870842975	-0.10213839670446144	0.43286876863863477	0.26223105705451305	0.5251324418669336	0.5997313792749568	-0.10213839693477965	0.8666919995617168	0.8197700250513681	0.38594892458510144	-0.6696471772740553	0.8555071980605238	-0.7779506735163533	0.7563475565812705	0.6771549224716259	-0.12743393591391106	0.6315035591444996	0.3824162021608815	0.7538608345533806	-0.030371442168205687	-0.2597971636464536	-0.5097084776331061	-0.7476281973925936	-0.7053142076071591	-0.1783291717365556	9.998258915603617e-06	0.004672517680158038	-0.08203879940251374	0.19082910249970386	-0.3310250159449471	0.7993390883117755	0.7881675035448584	0.48910567688323725	0.27376924084790055	-0.5431223622899054	-0.6069323472529816	0.384511609604329	-0.4891056760962869	0.7657062265027988	0.22232987167046717	0.7663506595561405	0.8478159325947968	0.8080232925364559	0.8328479461783199	0.8295060157160815	-0.323029892214276	0.39934380449379125	-0.3259421726636959	0.7558813242966121	0.7504609893688993	-0.7208280765479951	0.16387075863196476	-0.34814614090315243	0.7085479718655067	0.7002344343222504	-0.8829562086515775	0.6163432970740298	0.919478586833087	0.8363449483686173	1.136728812560579	1.0394930120510533	0.26019226012203245	0.4402199467635424	0.325681114595055	0.313787519517319	0.2063707015271073	0.0	1.958291502230083	1.00298577730602	0.7031485004837665	1.0029857729957117	0.7031485034362267	-0.8047546539094421	-0.47711045943701996	1.063785756728751	1.052269372793463	0.9487568015219991	0.9362978877769962	-0.27403388212928675	-0.2357495004655082	-0.46243691433587936	-0.46868098160246374	-0.13453468961894913	-0.18823174189129088	0.49135357136324453	0.4563023872284175	-0.4595733634702212	-0.4685672801718172	-0.446540987969163	-0.45484903591028697	0.4231480297949967	0.43223991778159	-0.46116317172957644	-0.4701767971827455	-0.45159690396684704	-0.46202100038725263	0.4206253703274484	0.42796991076449925
R1-B1c	0.36302075159834546	0.4704437242813649	0.851619330829048	0.4775717153805667	0.4635567685710315	-0.12470117119370708	-0.6201328466023436	-0.3172898781937568	0.5729123193184482	-0.12470117062489727	0.36302075159834546	0.3360331379873869	0.4635567685710315	0.5206362493648607	-0.12470117119370708	0.8788181119087893	0.8563608965656542	0.4132302406591945	-0.6201328466023436	0.8150587736065463	-0.7138303839786305	0.6746711161290804	0.5952246806762285	-0.2790287825477292	0.4842663370735312	0.3182619408789399	0.6705681020659062	-0.023412738910492045	-0.27071374690870026	-0.4514434590239628	-0.70451643282321	-0.6451695835617095	-0.19861363610313246	0.006401193086109253	-0.0006729706664976162	-0.08504363608574197	0.1268760718969783	-0.3105305256009547	0.7986386734687911	0.7718140038557648	0.47272027599902783	0.2630941906518502	-0.4747117041775079	-0.5326436867465981	0.3712279593158543	-0.47272027533795197	0.7547671749138817	0.253323307269633	0.7251781118649984	0.7716240573126465	0.7319975797196355	0.771433823606702	0.8021237532112512	-0.2534975146286794	0.3308361698548047	-0.5032127833871697	0.6758057412017858	0.6737359236842778	-0.6692070967239238	0.09700675956026357	-0.5277161443964558	0.6292808911168575	0.6250698598190433	-0.8192009744162227	0.5626860784198792	0.7153650260267473	0.6130032416644443	0.877618828515882	1.1601433260964131	0.33055322757708266	0.41058642451496963	0.3083158075081015	0.24820095521724056	0.1557479562410892	1.9582915022300837	0.0	0.9337541796041959	0.675994117377268	0.9337541776405816	0.675994115352972	-0.8940747585209683	-0.32094209863620976	0.9777906282236746	1.0307232409009561	0.8872973489275493	0.9293364139793056	-0.250726299956182	-0.21554839974222575	-0.4245462947456676	-0.4279092430685784	-0.15872891678060377	-0.2081282509599338	0.41887991588473017	0.38466253855719346	-0.43187840322347437	-0.43831123003037337	-0.43574130691351876	-0.44288402661837223	0.38528689309976033	0.39071229801861257	-0.43377850098948967	-0.4400942857041805	-0.4403642362957208	-0.4500110301462488	0.3838820443587298	0.3871450845104909
MPRAGE-MyelinW	0.31911436226545864	0.3959274608232585	0.6724653733411707	0.42402381702760183	0.48884271395515594	-0.16175087042348943	-0.6041659976826145	-0.39124794940817664	0.5603890554489758	-0.16175087009238262	0.31911436226545864	0.24490157971878937	0.48884271395515594	0.4920893438244814	-0.16175087042348943	0.6059651475594009	0.6074698757251893	0.39356722427078183	-0.6041659976826145	0.6026287446429794	-0.6671100215415366	0.6299588211703007	0.5431281672003868	-0.30246616590530373	0.41979868135385945	0.2804524138056399	0.6371836717701518	0.011941845108704913	-0.3042279684478309	-0.4606182453322138	-0.6856858441835058	-0.6377584923731333	-0.1512512070948502	-0.023419808034083743	-0.04328297462023659	0.0030505092397206304	0.15736134452765388	-0.5062546132831631	0.6422685257695071	0.5810757902188531	0.2827997381853226	0.37942527513937363	-0.415965862415425	-0.4866086902298777	0.4813694135315501	-0.2827997374884466	0.4916533180710361	0.1805419627498183	0.4987102185249482	0.6454213441403301	0.6291700801979617	0.6744788151849375	0.6766570853446633	-0.23677953047920236	0.290660946207745	-0.5101657177713751	0.630730981895115	0.6225654274234919	-0.645082847655187	0.10955702693950915	-0.5255129647079646	0.5699777747610558	0.565210787508401	-0.6993198188218971	0.3781098066963559	0.6305598457048358	0.8980201783248131	0.7680142351241874	0.6952586053613411	0.6132956266710393	0.5354742633521823	0.426421292963747	0.2555012631735822	0.1721688328015969	1.00298577730602	0.9337541796041959	0.0	1.7254145025748449	4.9517187756431005	1.7254145015836875	-0.5365443073142877	-0.3138331950252998	0.9763809051534218	0.9609159896872279	0.9013961171296421	0.8852875213902645	-0.15141492228401884	-0.12540983626285845	-0.2568552531609179	-0.25477407133934793	-0.02764713454704201	-0.06112835707853758	0.31529799924697494	0.2854680064156838	-0.2551712594613845	-0.2535389236583247	-0.2602179213168843	-0.25897938648111973	0.22685869461689462	0.22476979534804892	-0.25512627841287105	-0.25333882206970904	-0.26928533711639685	-0.2722941891220256	0.2186421827879158	0.21297832693996388
SPACE-MyelinW	0.17965937705664234	0.23657003274060948	0.4887283692587689	0.2826204325055404	0.3839389554175229	-0.21053439785791606	-0.49309711703502807	-0.3600919062784391	0.41109720981385467	-0.2105343986666875	0.17965937705664234	0.24251318987009168	0.3839389554175229	0.3528930306968575	-0.21053439785791606	0.444815973037507	0.4648352729866719	0.36132274071306963	-0.49309711703502807	0.42789715151482777	-0.5004655104664418	0.4599914592856486	0.37883071189909856	-0.3113840304771803	0.26584831776621853	0.15090747789053197	0.46962193676177366	0.029828194517390827	-0.3233195261669049	-0.38456421758313614	-0.5557943082146337	-0.5169215300399851	-0.15031044503355492	-0.032603663639731224	-0.060081047762936705	0.028576765558600347	0.13238778714459218	-0.5416302480148394	0.5065406644788158	0.42036471549892873	0.14024943878037582	0.33940829486734125	-0.27105571785468285	-0.3403595640082517	0.42598728295377397	-0.14024943778588328	0.3220879837088155	0.14106190563238052	0.32337610514706583	0.4532063667809418	0.44486865649006346	0.5088619696926925	0.525168262653403	-0.11973380855655326	0.15870075027789413	-0.5295212569203267	0.4620845436728158	0.4584059201014199	-0.5193397939694193	0.023927810716630728	-0.5385648339678244	0.4050848577945984	0.40557490827854287	-0.5218530193289782	0.2935704985914876	0.4415266413074548	0.7617178095936097	0.5439326755546114	0.5098159759178718	0.7538445893649562	0.4918301337530455	0.4076003147000818	0.17534708889250308	0.1148555077932622	0.7031485004837665	0.675994117377268	1.7254145025748444	0.0	1.7254145088334973	4.9517187756431005	-0.37968287006996404	-0.1851647424406559	0.7579232768589333	0.7496098101410797	0.7182081701520558	0.7084892383658337	-0.05487539212475469	-0.03772073812997216	-0.1240907458365978	-0.11846905009828067	0.015677728228879483	-0.0033540850638512634	0.17270438924926118	0.14781148846897052	-0.12196592956983994	-0.11652171471050736	-0.13660262135972645	-0.13105307699022634	0.09711496873554423	0.09135493014963776	-0.12149732404204276	-0.1158827353821785	-0.1455626971205634	-0.1442111058688224	0.08855460399210531	0.07931773708440627
Scaled MPRAGE-MyelinW	0.31911436260795534	0.39592746118151073	0.6724653737883332	0.42402381820889606	0.4888427150130068	-0.16175087119278506	-0.6041659986169423	-0.3912479501778559	0.5603890561718574	-0.16175087086168063	0.31911436260795534	0.24490157946746105	0.4888427150130068	0.49208934446066627	-0.16175087119278506	0.6059651467781142	0.6074698745872583	0.3935672235382128	-0.6041659986169423	0.6026287454169811	-0.6671100221602495	0.6299588220360689	0.5431281683895367	-0.3024661686129856	0.41979868116113556	0.28045241437389845	0.637183673105229	0.011941845674652384	-0.3042279691502395	-0.4606182465976978	-0.6856858452887589	-0.6377584939036105	-0.15125120927327432	-0.023419806511258637	-0.04328297327726149	0.003050508194115882	0.15736134400759505	-0.5062546110832638	0.6422685258086577	0.5810757895624931	0.28279973635566635	0.3794252749939436	-0.4159658637823959	-0.48660869178150423	0.48136941354596735	-0.2827997356587905	0.4916533171844145	0.18054196030758368	0.49871021746540745	0.6454213450365246	0.6291700811557956	0.6744788163376326	0.6766570859522163	-0.236779530768544	0.29066094677893983	-0.5101657208683644	0.6307309830541868	0.6225654290116506	-0.6450828489716008	0.10955702789879941	-0.5255129677633952	0.5699777759331595	0.5652107889332675	-0.6993198193570942	0.3781098046607312	0.6305598440472364	0.8980201741950016	0.7680142331922327	0.6952586069139531	0.6132956273028624	0.5354742625313036	0.4264212919925822	0.2555012617878572	0.17216883182821366	1.0029857729957117	0.9337541776405813	4.9517187756431005	1.7254145088334973	0.0	1.725414507842502	-0.536544308824389	-0.3138331935989488	0.9763809011669182	0.9609159861034875	0.9013961135986797	0.8852875181569677	-0.1514149200461909	-0.1254098333216855	-0.2568552519564342	-0.2547740695928613	-0.02764713380880373	-0.06112835599399553	0.31529799801508507	0.28546800464897876	-0.2551712582510738	-0.25353892191272775	-0.2602179203993474	-0.2589793850399927	0.2268586929738736	0.2247697931910506	-0.2551262771893399	-0.25333882029412247	-0.2692853363916442	-0.27229418797827815	0.2186421809719683	0.2129783245592382
Scaled SPACE-MyelinW	0.17965937971245774	0.23657003543148747	0.48872837174441114	0.28262043511580476	0.38393895933524697	-0.21053439770063614	-0.4930971199197691	-0.36009190936728735	0.4110972131938244	-0.21053439850941078	0.17965937971245774	0.24251318875887581	0.38393895933524697	0.35289303354887996	-0.21053439770063614	0.4448159740394528	0.4648352729102006	0.36132274089004945	-0.4930971199197691	0.4278971542430524	-0.5004655136344167	0.4599914623702268	0.37883071482121494	-0.3113840205817173	0.2658483236955501	0.15090748033443216	0.46962193956222503	0.029828194478320344	-0.3233195261314712	-0.38456421985225087	-0.5557943108387887	-0.5169215327206169	-0.150310445300124	-0.03260366769371014	-0.060081045429173946	0.028576766396150546	0.13238778749427135	-0.5416302494627122	0.50654066521179	0.4203647164255329	0.14024943909492643	0.33940829502621245	-0.2710557197555494	-0.3403595658490281	0.4259872833107941	-0.14024943810043422	0.32208798400209476	0.14106190396165486	0.3233761061120366	0.45320636932769065	0.44486865935776865	0.5088619725774728	0.5251682644817905	-0.11973381073982692	0.15870075299409117	-0.5295212454276856	0.46208454667227983	0.45840592277960224	-0.5193397966333267	0.023927813286188013	-0.5385648224036244	0.4050848603109426	0.4055749106112151	-0.5218530217991308	0.2935705004920504	0.44152664388513524	0.7617178115398724	0.5439326780941546	0.5098159748705878	0.7538445861515577	0.4918301327729392	0.40760031224632387	0.1753470886661223	0.11485550615978538	0.7031485034362267	0.6759941153529722	1.7254145015836875	4.9517187756431005	1.7254145078425018	0.0	-0.37968286910953786	-0.18516474485839035	0.757923278180283	0.7496098093644382	0.7182081693151555	0.7084892356101543	-0.05487539466020513	-0.037720740367794756	-0.1240907485028427	-0.1184690529372738	0.01567772522831066	-0.0033540887609288614	0.172704391449325	0.14781149022297194	-0.12196593205147939	-0.11652171734391462	-0.1366026233734636	-0.1310530790061526	0.09711497200473744	0.0913549336782124	-0.12149732659690701	-0.11588273808291907	-0.14556269924471876	-0.144211108118601	0.08855460731791605	0.0793177404894169
G-ihMTsat	-0.4180236138543345	-0.4915509249070713	-0.5264601864802808	-0.37713400342139697	-0.24862566072284006	-0.11229235002749823	0.31420839343313584	0.06641198260770946	-0.402825014751895	-0.11229234931911085	-0.4180236138543345	-0.2669603890273006	-0.24862566072284006	-0.39592588785640026	-0.11229235002749823	-0.6216928566974621	-0.6238741105416354	-0.2708416567333483	0.31420839343313584	-0.5658117606358773	0.44637757896430164	-0.45918053224718985	-0.46006532353525986	0.2831757340683824	-0.37476632780661695	-0.3773848014122118	-0.45062124148429833	0.0011473331971241496	0.026711461830908386	0.22512467802059116	0.3688424677436566	0.33513361073557385	0.19973095991590165	0.003976586352471356	0.0019924054211671095	0.024346733211320824	-0.043613398820959035	-0.039746550296495965	-0.4546642282326795	-0.5163747020479719	-0.55484527810575	-0.12511310274123835	0.4556122669956672	0.41741521243592294	-0.1672010396550893	0.5548452782994154	-0.7054536071602596	-0.28919499942627863	-0.6639713964107935	-0.5615571844588856	-0.5177979769626787	-0.4504723955795584	-0.441661134956483	0.3129519916971067	-0.38354365221819414	0.31811336586580946	-0.46028121897125046	-0.4686666317445697	0.3566810354610115	-0.145414402798893	0.34191740565739853	-0.4576067428666768	-0.4582103390585105	0.49399901739631535	-0.6294833281941582	-0.8808284340531544	-0.4703213349448496	-0.9015659090304429	-1.436579298593772	-0.12999499889913038	-0.21029910278935474	-0.13852501576291967	-0.16642980224249157	-0.0946726322917857	-0.8047546539094421	-0.8940747585209683	-0.5365443073142878	-0.37968287006996404	-0.536544308824389	-0.37968286910953786	0.0	0.7691412448273481	-0.5558583638277264	-0.5890309125444242	-0.5126802570517593	-0.542841623833867	0.3129078450821409	0.27741719287705024	0.49686178142563525	0.49977615083836807	0.2913254906711708	0.32374728365138805	-0.39918510474491603	-0.38409078952651277	0.5059466324847977	0.512646224834219	0.5140970906268685	0.5231173726741282	-0.4478914206726349	-0.45329693914497626	0.5080904498103523	0.5146401455589078	0.5192207569248307	0.5308367024898427	-0.4456879864673368	-0.44873395249116116
G-ihMTR	-0.5622690865614962	-0.5787732994333157	-0.2968821555458335	-0.41102924702691135	-0.2178746476991785	-0.28859540975722153	0.16513340948959807	0.013218562910956078	-0.39455461881690557	-0.28859540914125714	-0.5622690865614962	0.05868758336021983	-0.2178746476991785	-0.4119997138588876	-0.28859540975722153	-0.28674272340183987	-0.2487890101276395	-0.07965317486306274	0.16513340948959807	-0.34741403430275236	0.3295368462902286	-0.3966133705345688	-0.46584823218708965	-0.19243826894845076	-0.5862228835990616	-0.5206525211317636	-0.3925709731025705	0.008944337476048992	-0.14904909013546427	0.15344210529229707	0.18698337893414055	0.1967195159333613	0.057946955336965325	0.015289548431249314	-0.017872436413350203	-0.05491324970843962	-0.17633025655271334	-0.1541829431220701	-0.15653534815069575	-0.2875496179697704	-0.4838953780389745	-0.08233554231720898	0.5209424740549508	0.4472866294179199	-0.07547667574335877	0.48389537723338083	-0.47626441647126627	-0.12593398460471428	-0.5129327771749501	-0.4439326755112796	-0.42053446980165143	-0.27135363952668035	-0.18953784351201636	0.4978412273740046	-0.5347626443468849	-0.3161091305703425	-0.39340854092427213	-0.39599301571943124	0.19293210165934419	-0.36333913156888975	-0.29570483508950424	-0.42350831735317424	-0.4157207442637662	0.2927756645508539	-0.5138916192166656	-1.062993345107023	-0.6487466741106648	-0.9563074817615397	-0.529735109732127	0.19249231610163925	-0.1461400120755455	-0.085782387379022	-0.2846559464477003	-0.21033971846059263	-0.47711045943701996	-0.32094209863620976	-0.3138331950252998	-0.1851647424406559	-0.3138331935989488	-0.18516474485839035	0.7691412448273481	0.0	-0.351944626277323	-0.29425880321359155	-0.3207475390689725	-0.2643024169779668	0.30365137110147855	0.2705092417606977	0.4544530914562633	0.4656146319239826	0.15482791560054138	0.18428261633719423	-0.47313304193340705	-0.4758648131121691	0.4381249730386088	0.4503590588654881	0.39480084977032043	0.40573288447869105	-0.435583139305317	-0.4498024602193749	0.43848699920460144	0.45098053519774706	0.39848107554187945	0.4101057346890157	-0.4306750515681447	-0.444234980052688
Q-Ratio-E5	0.36895331772347106	0.4578450026051228	0.7130014981189448	0.45982965640366125	0.4706411484139293	-0.12148453063381105	-0.574306215938584	-0.3330113678650468	0.5710834452310068	-0.12148453041639358	0.36895331772347106	0.2354440095986535	0.4706411484139293	0.5191402512959484	-0.12148453063381105	0.6724826634746565	0.6509415860109863	0.3426618012853269	-0.574306215938584	0.6691552419019744	-0.6556531125314455	0.6391298754105437	0.5719753045400577	-0.1964785318940418	0.49603478414685415	0.32143316068504807	0.6398222866602896	-0.0015511829351296954	-0.26567143686280514	-0.45181322852337125	-0.6368114065290057	-0.6090198370501877	-0.06763638671227616	-0.00021455036139654185	-0.008240813549324563	-0.0023022716306024212	0.1962633978418365	-0.5019341258242707	0.6601653306973817	0.6560224694306216	0.40171151242516767	0.3035435150856009	-0.4592574179485925	-0.514375101607223	0.39983367142966725	-0.4017115126693808	0.5925208335231505	0.20789293968690756	0.5941055043095853	0.6808225201635957	0.6610768482080058	0.6839832624669335	0.683294080501758	-0.2717826920506397	0.33760793198808187	-0.3636513238085124	0.6377454126592395	0.6403968862700764	-0.6152487436645642	0.13611242211285177	-0.3816135706678022	0.5978777516655323	0.5997520457405512	-0.7190434721407124	0.4725638770866155	0.6728589742486474	0.7910763566118912	0.8103903924754944	0.7157831020247569	0.38503448111558436	1.184068007305979	0.9025114013942873	0.8167147727430561	0.6385186642414825	1.063785756728751	0.9777906282236746	0.9763809051534218	0.7579232768589333	0.9763809011669183	0.7579232781802832	-0.5558583638277264	-0.3519446262773229	0.0	2.8862051314235915	2.042464445384823	1.9326255970118311	-0.18314315544437876	-0.1480736104961375	-0.33014168718265724	-0.3353669115317895	0.18308073742177786	0.12156686643939868	0.6650406530367398	0.6223887198429277	-0.32358307737754605	-0.33045914691088113	-0.2964154444248346	-0.30151432213998763	0.32595216750285394	0.33516015671622124	-0.3241524623082356	-0.3310889685450468	-0.30229026214294225	-0.30955831845119247	0.3202069901050918	0.3269052403607837
Q-Ratio-E5-B1c	0.344278641899054	0.4347648619591962	0.7104325637472311	0.43973921405876437	0.45170953689468546	-0.13062310987139228	-0.5651718059458467	-0.3211594383037874	0.5457402255945288	-0.1306231086999425	0.344278641899054	0.26568929151772636	0.45170953689468546	0.49338063630125106	-0.13062310987139228	0.6863422834546796	0.6710472195627495	0.35585599700389775	-0.5651718059458467	0.6658416346825631	-0.6418720521782524	0.616892219693864	0.5470700201096428	-0.2583408931198644	0.4454882747850567	0.29884954774419015	0.6167572620440948	0.0013119008530927381	-0.2710554447176875	-0.4354529783640951	-0.6316769668733284	-0.5960899309729808	-0.07527475287601562	0.0029321039729126534	-0.011648469732438662	-0.004453755525447275	0.17390587175644975	-0.4998007440211203	0.670593358212743	0.6590878780591259	0.39956947017520744	0.29993760534063996	-0.4360816960429254	-0.48959401777622774	0.3970132075095767	-0.39956946984622116	0.5929970990336114	0.2216305186640899	0.5849804027962321	0.6634457590541372	0.642872057881889	0.6736892305859841	0.6854639507112597	-0.24621066110586698	0.3132876638309343	-0.4376055599574328	0.6161413229156839	0.6191974832468382	-0.6061930575331976	0.11022253779085851	-0.4562888622837741	0.575021015802973	0.5776410071368852	-0.7093589977168248	0.4573752806977255	0.617423424564959	0.7045850844326138	0.7488953321037135	0.7564695342292227	0.41377224438368404	1.1639790166561519	0.8967720125776963	0.7820585886371516	0.617182366513486	1.052269372793463	1.0307232409009561	0.9609159896872281	0.7496098101410797	0.9609159861034874	0.7496098093644382	-0.5890309125444242	-0.29425880321359155	2.8862051314235915	0.0	1.9741582895454013	2.0380248502561633	-0.18019567590116947	-0.14612853467081832	-0.32232025461533215	-0.3262430044700145	0.17417613072960247	0.11432067325841153	0.6391083611136888	0.5963087578903625	-0.32069174946064216	-0.3265892809657549	-0.2994401924155742	-0.30420929576201694	0.31802733960232005	0.32564649689030656	-0.3214049184749074	-0.3273109200978288	-0.30517018887888553	-0.3122741995454864	0.31279486468437306	0.3177494858782774
Q-Ratio-E4	0.339360339145781	0.42101639215693365	0.6569842802120106	0.42695558510997667	0.4394080930468285	-0.12447108449178078	-0.5364561993060188	-0.3153964821361101	0.5302677506008164	-0.12447108384408542	0.339360339145781	0.2304403758495287	0.4394080930468285	0.4813911558905059	-0.12447108449178078	0.6218942419090894	0.6053797374723094	0.3329238026881598	-0.5364561993060188	0.6168493119521685	-0.6087364318470092	0.5915273543680184	0.5290545277364058	-0.1982080216221019	0.45608454525723185	0.29559954796315485	0.5920030371826979	-0.004619870888278042	-0.2591700897933448	-0.4211414371389514	-0.5940638416379546	-0.5668885173469145	-0.07210590806200726	0.0008500363117981914	-0.0074324634582446855	-0.0077354019695569445	0.17940746340702973	-0.45953279730522645	0.6135991377240685	0.6055317176072966	0.36621627700318793	0.29177505423894684	-0.4250929504407595	-0.4780067207024481	0.3818707280137727	-0.36621627768614795	0.5475333619852043	0.1965437339333774	0.5476782090057404	0.6267575984659844	0.6096915189405253	0.6318916338821522	0.6332139017078189	-0.24886413075721478	0.31001622907720217	-0.35769703075990555	0.5900424471743977	0.5904731650508103	-0.5731151798340337	0.12223622251536606	-0.3743379919554764	0.5532767596859693	0.5536553444669672	-0.6620275458713986	0.44244778052821176	0.613390008185432	0.7145863725416773	0.7314493554198388	0.6578825583767143	0.3819637907516265	1.1680924093643175	1.1083465738040346	0.8081674008647749	0.7724081290819031	0.9487568015219994	0.8872973489275493	0.9013961171296421	0.718208170152056	0.9013961135986797	0.7182081693151556	-0.5126802570517595	-0.3207475390689726	2.0424644453848235	1.9741582895454008	0.0	2.906291354732394	-0.1642646734843318	-0.13394388348876227	-0.2953284915340796	-0.2994193929207309	0.197547359571055	0.18170941544362523	0.6238130829719966	0.6347331147203217	-0.2892996242867528	-0.2949596574597758	-0.2654118058748872	-0.26948275790924797	0.293481316243646	0.30144190368633134	-0.289778564569722	-0.295481406110031	-0.2711035104984972	-0.2772918886822122	0.28778047428745973	0.29320084608346325
Q-Ratio-E4-B1c	0.314826515983202	0.3981451216940397	0.6538392997996529	0.4066692811779409	0.4201504013247419	-0.13385545618073372	-0.5271177845252495	-0.30337120281759106	0.5055763279785452	-0.13385545449368758	0.314826515983202	0.2605703768279032	0.4201504013247419	0.45635470686407753	-0.13385545618073372	0.6347501472818725	0.624366639474943	0.34580480728131346	-0.5271177845252495	0.613477950591078	-0.5948493489045116	0.5698764413183504	0.50468454032988	-0.2589423004443908	0.40727448174154823	0.27298276169892577	0.5695946615997188	-0.0018787898930755053	-0.2648609639320454	-0.4051419244979499	-0.5884538339411665	-0.554091315721353	-0.08068832224905523	0.0037038755699928608	-0.010627267051411248	-0.010741983748689475	0.15712661999887775	-0.4549240679098959	0.6230184622573013	0.6077792441424513	0.3635123091808495	0.28727446833185644	-0.40206905030273415	-0.4536507028243677	0.3781084133472329	-0.3635123093471504	0.5479225279923614	0.2101367299893997	0.5389862292026859	0.609723934476656	0.5918708392808181	0.6216721954017903	0.6346865576448567	-0.22339438663768552	0.28577131347307	-0.43018236727273146	0.5689803022672113	0.5699012695168724	-0.5638664622222653	0.09631032267576713	-0.44745519041590354	0.5310346242670808	0.5322063525795255	-0.6523488428492775	0.4271041074209514	0.5609995920314187	0.6343179614478511	0.675476035420522	0.6939634687324392	0.40887964607660016	1.1436950174908826	1.095129014406783	0.7722981965930736	0.7455905354371333	0.9362978877769962	0.9293364139793056	0.8852875213902642	0.7084892383658338	0.8852875181569677	0.7084892356101544	-0.542841623833867	-0.2643024169779668	1.9326255970118307	2.0380248502561633	2.9062913547323967	0.0	-0.16123968958856968	-0.13204539826866174	-0.2873233129052605	-0.2900903399870767	0.18824970974809757	0.17443986383801108	0.5984931745008141	0.6078988541101104	-0.2862394585856216	-0.2908732711077879	-0.26799694003282626	-0.2716822506704794	0.2856739446467468	0.2920201157416804	-0.28685562367629697	-0.2914827572294004	-0.2735377694738745	-0.2794981579855353	0.28046010819566947	0.2841055110415812
QSM-SEPIA-E5	-0.2988665536062285	-0.3145292025043866	-0.29419315445321853	-0.28735936407574636	-0.26446929208370984	-0.06783575693293378	0.2536295621146102	0.1680213747510139	-0.33154162039708474	-0.06783575511372492	-0.2988665536062285	0.018254921323999727	-0.26446929208370984	-0.32032421992086735	-0.06783575693293378	-0.23952916931469584	-0.2037993120071434	-0.08520648779095433	0.2536295621146102	-0.30771829926212596	0.31757042875649505	-0.3430829112727937	-0.3432268862627575	-0.05774525896211835	-0.3679713344266406	-0.29480196091598143	-0.3404774608010164	-0.009160586767766944	-0.020659410196971817	0.20435858744247562	0.25396961814574376	0.2538756487985861	0.17292196501093895	-0.000775074727185304	7.798564433561651e-05	0.008016005940317785	0.01923449033738417	-0.05974004430000601	-0.21412436056917006	-0.25030532819253404	-0.22286515032470217	-0.0772832738055841	0.3103688374457221	0.32620126620815965	-0.11149561081209669	0.22286515001301846	-0.2720985852460635	-0.007034294208170036	-0.302373117905239	-0.35529325005870427	-0.3507173419311244	-0.3112067848662342	-0.2549942559215331	0.2719745806067271	-0.296367408241053	-0.034956316269025726	-0.3459473630047579	-0.3292647650192153	0.26531155546892443	-0.22615828693901938	-0.027024620976098916	-0.3425802477858311	-0.3236876469803783	0.3118489819270812	-0.19628030409350594	-0.36558320847355896	-0.22260414262598757	-0.35415964337344374	-0.32697464403490156	0.09251013069805315	-0.04052755805888467	-0.007651913308738787	-0.07971166503934238	-0.0471043996138087	-0.27403388212928675	-0.25072629995618206	-0.15141492228401884	-0.054875392124754695	-0.15141492004619087	-0.05487539466020513	0.3129078450821409	0.30365137110147855	-0.18314315544437876	-0.18019567590116947	-0.16426467348433177	-0.16123968958856966	0.0	1.5530218848117505	0.8512963139305887	0.8887562608640988	0.5595752284021347	0.5917462990129982	-0.5410534360674436	-0.5586102434601891	0.8658674707240376	0.9011974234784068	0.8135023302021521	0.8459175221710739	-0.7716913762336576	-0.8032550462945414	0.8662599283036607	0.9014376524777141	0.8061343032803944	0.8385598356095543	-0.7757529848259731	-0.8072135934154423
QSM-SEPIA-E4	-0.261958294021317	-0.27371372616072975	-0.25555991510250947	-0.2524052169490843	-0.23564550865637696	-0.06332299660819915	0.22334351998798846	0.15215150155491675	-0.29202284790829275	-0.06332299461910804	-0.261958294021317	0.02372824583865252	-0.23564550865637696	-0.28272050236114354	-0.06332299660819915	-0.20287926557071317	-0.17036344935159153	-0.07020282253590998	0.22334351998798846	-0.26742630403435397	0.27745847315947364	-0.30059632296057587	-0.3008027097768744	-0.06039058110387512	-0.32472241920423334	-0.26066993489581336	-0.2986210845386581	-0.00942046038739933	-0.025396961623888475	0.18126660732909547	0.22137278496492763	0.2222020306796638	0.16935257045199478	0.0009714233193479568	-0.0008428926454286048	-0.00047426575886890194	0.023208390153282958	-0.061879603326981364	-0.18205216302776658	-0.21307440581372825	-0.18916178420798985	-0.06519020027870259	0.2708875815464823	0.28678579447001235	-0.09573254439269203	0.18916178384718896	-0.2310672363923979	0.002296587953608906	-0.2594466410076243	-0.3094615554769202	-0.3064592800190503	-0.27268039577564174	-0.22036963686283717	0.24079277194812052	-0.2612415314741714	-0.0395895845944186	-0.3037205268549173	-0.2865034232851243	0.2330931228949422	-0.20395721602998146	-0.03283108307700974	-0.30014891509427644	-0.28108821707615356	0.2719775061136521	-0.17360630067255017	-0.3235154050957326	-0.19557148160840107	-0.3117829274182961	-0.28890393583414914	0.08585441600767003	-0.019773728728350003	0.0051900927075867725	-0.05309914228672517	-0.029107545737398224	-0.2357495004655082	-0.21554839974222575	-0.12540983626285845	-0.03772073812997216	-0.1254098333216855	-0.03772074036779476	0.27741719287705024	0.2705092417606977	-0.1480736104961375	-0.14612853467081835	-0.13394388348876227	-0.13204539826866174	1.553021884811751	0.0	0.7543626823911024	0.78468296228186	0.530157532836486	0.554155397851587	-0.4741413135161955	-0.49332536497238605	0.7663262603716466	0.7945449601143094	0.727902825798708	0.754402070182748	-0.6860185371051841	-0.7121032976565912	0.766622021543399	0.7946720361241957	0.7215966708808763	0.7480836356629366	-0.6895303876792527	-0.715580527732369
QSM-X-R2'-E5-X	-0.4243404482640943	-0.47495065620918975	-0.5128114273910875	-0.41536549331458406	-0.38992491024359116	-0.018505509957234528	0.41531075995299155	0.24575839906174562	-0.49596342738404264	-0.01850550893680752	-0.4243404482640943	-0.06493905266715112	-0.38992491024359116	-0.4763360400325317	-0.018505509957234528	-0.4970105426017468	-0.4453490557918974	-0.17104205033102943	0.41531075995299155	-0.5375752867679072	0.5024875132126683	-0.53202590457395	-0.513055707528694	-0.08189918120417274	-0.56350066855768	-0.40047814246123564	-0.5248546176439166	-0.023354863231804662	0.07034242276012896	0.3283646849534743	0.4260087675023227	0.4232196237653581	0.21681632479931642	-0.004495367071410043	-0.003371229785148842	0.1062514111113079	0.008596852877513652	-0.0815908688366662	-0.4429261795587989	-0.49826387700150415	-0.3975184273293933	-0.1276077097577912	0.46212958960969663	0.47698128704530685	-0.18995741380238643	0.397518426544923	-0.5257220544330392	-0.1125498731497788	-0.5480898799795243	-0.5746790170642071	-0.5552333247892952	-0.5163107881873712	-0.4767246504670664	0.3588738743397987	-0.4051474429570455	-0.002647668628960149	-0.5322616120656687	-0.5198661842979377	0.4399282889000074	-0.25166772973615287	0.012715790398347178	-0.5225688197633348	-0.506597911788717	0.5366282977052779	-0.30530643699390947	-0.6238227678261649	-0.3399986136789864	-0.5999426322440831	-0.5553201666211715	0.15578266996712223	-0.11266221076760517	-0.0514565011038485	-0.19281098704920344	-0.1250639531118732	-0.46243691433587936	-0.4245462947456676	-0.2568552531609179	-0.1240907458365978	-0.2568552519564342	-0.12409074850284271	0.49686178142563525	0.4544530914562633	-0.33014168718265724	-0.32232025461533215	-0.2953284915340796	-0.2873233129052605	0.8512963139305887	0.7543626823911024	0.0	2.0598473146855527	0.7888767046735032	0.7921151897841984	-1.0134545105575608	-0.935331135818562	3.1015388132745776	2.0115215654739322	1.6905432332655959	1.513760805025424	-1.7187911586904316	-1.51717004766192	3.0453152938384744	2.0067416340238933	1.6802246279442419	1.5068110753652233	-1.7007189952463437	-1.505461851080322
QSM-X-R2'-E4-X	-0.4380070464276902	-0.48778547838802006	-0.5162864966292494	-0.4248435896412121	-0.39258946719849663	-0.025571035451001742	0.42048634077858055	0.25014936957532197	-0.5074662235365246	-0.02557103368347144	-0.4380070464276902	-0.05485434880313559	-0.39258946719849663	-0.4879985034138868	-0.025571035451001742	-0.4946512688933736	-0.4398280667295778	-0.16862978529749134	0.42048634077858055	-0.5438059788967402	0.510627654919532	-0.5430297185726333	-0.5266163488062239	-0.0851185402977462	-0.5783701452435033	-0.4136170847685794	-0.5359518965789144	-0.018666381722311498	0.06476853978437268	0.33335635447908657	0.43041392273424384	0.42864260403491367	0.22246333243064131	-0.007751223664701818	-0.006373173446922802	0.09972098117702395	-0.0007452894184657358	-0.0836589565223216	-0.43940630015899174	-0.4965441319333556	-0.4016542019475853	-0.12132214536033346	0.4741008792878541	0.4889337035571876	-0.18356479238608903	0.40165420113000994	-0.5277841989578088	-0.10506247573156849	-0.5558154721078741	-0.5852932119729656	-0.5667455684463724	-0.523385266169769	-0.478168285370585	0.37314738198147834	-0.41927729329536784	-0.010214413396796965	-0.5436154120955623	-0.5301698739834736	0.44506443219635183	-0.2662730942414087	0.0051147476369318955	-0.534843927053604	-0.5176663650525695	0.5416145743961104	-0.3178492095223191	-0.6305521209908151	-0.34833714617750366	-0.6070242147584868	-0.5545804146545169	0.1585354405060501	-0.11646821698851027	-0.05379948100679699	-0.19779381156811	-0.12881475016754992	-0.46868098160246374	-0.4279092430685784	-0.25477407133934793	-0.11846905009828064	-0.2547740695928613	-0.1184690529372738	0.49977615083836807	0.4656146319239827	-0.3353669115317895	-0.3262430044700145	-0.2994193929207309	-0.2900903399870766	0.8887562608640988	0.78468296228186	2.059847314685553	0.0	0.7388000546368956	0.832637286678067	-0.9664950137954158	-0.9913336382827577	2.0194704207157566	3.1054291783573054	1.5077079202681687	1.713509821846855	-1.5148452250880973	-1.723408813639134	2.016161282775902	3.0477908735964183	1.4971080486210742	1.6968983761818364	-1.5073656442261776	-1.712197127518069
QSM-X-R2'-E5-Para	-0.07944968392924523	-0.0888078197637557	-0.1708986854190195	-0.07464309896659763	-0.10043218698119774	0.002971272559127821	0.15163206296886753	0.09610072265740431	-0.13199333857801224	0.002971274292863638	-0.07944968392924523	-0.08059217753249223	-0.10043218698119774	-0.1273288158590814	0.002971272559127821	-0.20488458171606969	-0.2015136455982489	-0.09073219483461573	0.15163206296886753	-0.19117273398080478	0.1544940557069114	-0.15492112507530928	-0.12721436731702138	-0.06255202923033638	-0.15246138736509354	-0.08603412521503474	-0.1519459463744598	0.002714535006551006	0.013194882460053927	0.1076434827835923	0.1542472729366891	0.14166754068627935	0.2728045105693815	0.007263317006137259	0.004987802371514641	0.1401749005092738	0.13574676810610906	-0.2542583237756997	-0.17320782772935567	-0.1404314374375526	-0.07048053907075244	0.04231849612966943	0.094796004345579	0.12515519173200876	0.0032730374420035717	0.07048053952490448	-0.17371237611351228	-0.0406109307793446	-0.17930452297141572	-0.17719001295332604	-0.16286472884242875	-0.1786759108888335	-0.1753058504579159	0.06861996195657342	-0.07822181622680285	0.03861852609066699	-0.15879258305709557	-0.1386013161365826	0.1601453408227611	-0.03469912037368831	0.044729426037639304	-0.14127432743495683	-0.12152433449617	0.18603909831288323	-0.182438345291912	-0.2485943705331472	-0.049021159605340536	-0.2156093353293743	-0.3105906194214141	0.0467184193108504	0.47467731136563984	0.4700551520793872	0.5139570518378476	0.5018862306975633	-0.13453468961894913	-0.1587289167806038	-0.027647134547042002	0.015677728228879483	-0.02764713380880373	0.01567772522831065	0.2913254906711708	0.15482791560054138	0.18308073742177786	0.17417613072960247	0.197547359571055	0.18824970974809757	0.5595752284021347	0.530157532836486	0.7888767046735031	0.7388000546368956	0.0	1.6807084447099763	-0.09848312620168984	-0.09683715975958779	0.8029029523987843	0.7546288475971454	0.8498175833600524	0.8015241235956658	-0.6459576490542605	-0.6091541311314169	0.8028432986297263	0.7543289931934699	0.8435671899168605	0.7962042039527575	-0.6490284697788894	-0.6118260329011634
QSM-X-R2'-E4-Para	-0.11338833376935475	-0.12832540197321646	-0.2197137542485207	-0.11471536155200988	-0.13721610231631715	0.010592853301406238	0.19374653252746127	0.12292446590296169	-0.17583034690258742	0.010592856522541976	-0.11338833376935475	-0.09027426880649259	-0.13721610231631715	-0.16894058880097532	0.010592853301406238	-0.24838781511723776	-0.2390999198194803	-0.11114355882861753	0.19374653252746127	-0.24064968648429955	0.20077320175450533	-0.2016794491490993	-0.1734684471221548	-0.05916247732925414	-0.20010224242235886	-0.11526580246964217	-0.19866691198554895	0.0026206594993962097	0.033154976209629296	0.14292352448426038	0.19893554958018175	0.18599935321124095	0.2778529454462462	0.007576841031126385	0.0020638867244628357	0.13266081939563176	0.10670640931138176	-0.21202990767729343	-0.21517832759423275	-0.18539656825400355	-0.1057251123816414	0.026388215997438142	0.13551671320778677	0.16766141715416105	-0.01848984060564362	0.10572511241772381	-0.21428248167998287	-0.046917116690819875	-0.22115944190300652	-0.22563669193561514	-0.21164675020077253	-0.22719645889906573	-0.22087980642581803	0.09607661243645872	-0.11061977100787408	0.04877131043511741	-0.20548419858476624	-0.184838409463392	0.20345850129356272	-0.055001681808542105	0.05600760151611778	-0.18761696458262045	-0.16724510330760722	0.23460860780286788	-0.2245457167444409	-0.29394242882738064	-0.0941588437103055	-0.2651404046088858	-0.3518209286242281	0.04498548457444802	0.40900305713262564	0.5018499565828738	0.4424430417451914	0.5368450189755973	-0.18823174189129088	-0.2081282509599338	-0.06112835707853758	-0.0033540850638512634	-0.06112835599399554	-0.0033540887609288606	0.32374728365138805	0.18428261633719423	0.12156686643939868	0.11432067325841153	0.18170941544362523	0.17443986383801108	0.5917462990129982	0.554155397851587	0.7921151897841984	0.832637286678067	1.6807084447099765	0.0	-0.1463711903635416	-0.12038596276509118	0.8077105489428336	0.8488914284685627	0.8419216044005176	0.8887063100584918	-0.6595815333301843	-0.6894123301196908	0.8082970229063394	0.848584696060139	0.8354782098674062	0.8811991731157165	-0.6633866429464799	-0.6933642964118928
QSM-X-R2'-E5-Dia	0.5233136564623633	0.5875924897527024	0.5263823418432603	0.5002955238047623	0.42285210509149207	0.03766554175413396	-0.40605144313991237	-0.2248468727832444	0.5470765475940311	0.037665541273539646	0.5233136564623633	0.023370047621901747	0.42285210509149207	0.5252325458456741	0.03766554175413396	0.4825077820952452	0.4230197838563434	0.15381870397523079	-0.40605144313991237	0.542523151412978	-0.5314428848951535	0.5729385075805242	0.5838100815609965	0.03849824739798093	0.6180392978571483	0.4815893838706821	0.5663000877445907	0.03166568492455234	-0.07380334912560207	-0.32606333989315683	-0.4232367183149105	-0.42764747083979543	-0.06118082659869413	0.010656156792816406	0.008091282633740622	-0.014334063784510312	0.08625340495731673	-0.07274815713358206	0.4346398262732552	0.5528286284471616	0.5026015487129231	0.2114215031793731	-0.5535011801974351	-0.5350966035612456	0.2574512263936465	-0.5026015474610561	0.5674555276444275	0.13052177619886837	0.5862024045596177	0.6116690216302445	0.5999741980319471	0.5178745219150146	0.47171982537328117	-0.4382808787948409	0.49638632110993824	0.03246413129579989	0.5693530173608479	0.5763122556593093	-0.43219313042265695	0.3162576988299759	0.016351483312280524	0.57734992604656	0.5784592367304434	-0.5384575896845485	0.23681808321840844	0.5865718621044633	0.4036355875117188	0.5884424373983904	0.4471575504097743	-0.177525570624332	0.583850900058835	0.4730488762815351	0.793982596067872	0.6329669221719859	0.49135357136324453	0.41887991588473017	0.31529799924697494	0.17270438924926118	0.31529799801508507	0.172704391449325	-0.3991851047449161	-0.47313304193340705	0.6650406530367398	0.6391083611136888	0.6238130829719966	0.5984931745008142	-0.5410534360674436	-0.4741413135161955	-1.0134545105575608	-0.9664950137954159	-0.09848312620168984	-0.1463711903635416	0.0	1.871401099964223	-0.9863523057523226	-0.941454703201421	-0.7924203139567494	-0.7657276259566023	1.0487896558594534	1.0045738926336232	-0.9850142931519689	-0.9408620917482805	-0.7944942111299342	-0.7675215507754171	1.0358562835934468	0.9915412929359374
QSM-X-R2'-E4-Dia	0.5273080815790138	0.5833324206990358	0.49070124526978437	0.48701028955154774	0.4007905618017	0.061515145477234266	-0.3800566289832985	-0.2100832917518275	0.530180582311828	0.06151514463319811	0.5273080815790138	-0.002065257194265235	0.4007905618017	0.5115945413427871	0.061515145477234266	0.44403277260934976	0.3849385454610604	0.13270436446733547	-0.3800566289832985	0.5101639720260225	-0.5056268191649297	0.551158139742413	0.5678072395442209	0.047900157609730355	0.6027829249240664	0.48905084053382386	0.544550199435874	0.027538301385097923	-0.045051892453909434	-0.3060150566416283	-0.39326639019833726	-0.3996740312796423	-0.062299768197604036	0.015727513363560333	0.009739339503093395	-0.005144311105406839	0.07953557355748579	-0.03909252554097679	0.39508469098007964	0.5130478507506284	0.4893515300686981	0.19286272771953727	-0.5443289864369772	-0.522022778303539	0.2332285738545664	-0.4893515291469469	0.5394427185888028	0.11794459038724915	0.565074025061852	0.5871174741527644	0.5763692159554054	0.4873834514917382	0.43579376810587317	-0.44859322554127057	0.502424858583816	0.05777335774800527	0.5481669617920326	0.553645234429107	-0.4049820504676537	0.33173160597507223	0.04227190926127181	0.5582830281864427	0.5578826822255079	-0.5051764430439727	0.22253120548781405	0.5623450579641363	0.38144627367608935	0.5598032865706875	0.4180129785076347	-0.19103963728453918	0.5576113349199389	0.5270315466437575	0.7686982013781489	0.7129912896215006	0.4563023872284175	0.38466253855719346	0.2854680064156838	0.14781148846897052	0.2854680046489787	0.14781149022297194	-0.38409078952651277	-0.4758648131121691	0.6223887198429277	0.5963087578903625	0.6347331147203217	0.6078988541101104	-0.558610243460189	-0.49332536497238605	-0.935331135818562	-0.9913336382827577	-0.09683715975958779	-0.12038596276509118	1.871401099964223	0.0	-0.9138229015773337	-0.9638826537825529	-0.7485131391578251	-0.7845954525730472	0.9630819394349119	1.0266268957930706	-0.9127242882719069	-0.9627898973018861	-0.7494819307148565	-0.7855735869680365	0.9530298502566643	1.0135191761627007
QSM-X-R2pnet-E5-X	-0.41789687529672725	-0.46999857269980244	-0.5165126612725212	-0.41019709330295745	-0.38373217525312564	-0.0126963176297936	0.4165176413473891	0.2441989628951469	-0.4919729247335678	-0.012696315746449291	-0.41789687529672725	-0.0737137783385933	-0.38373217525312564	-0.47147597529331053	-0.0126963176297936	-0.5052588240075736	-0.4553718743070557	-0.17723988275914856	0.4165176413473891	-0.5410915778160486	0.5039738052569226	-0.5302618112813258	-0.5096922103749147	-0.06539004252987855	-0.5525806915119532	-0.39420890124588354	-0.5230564111807124	-0.021715324263160286	0.0752482834736224	0.32566238709884493	0.42987039673505917	0.42392045100794656	0.22222554510474812	-0.006794652529018672	-0.0017522873205273101	0.11248509713965126	0.018893486773814465	-0.08816494303807551	-0.4508142983321311	-0.504088919978426	-0.398880209314046	-0.1251515459985479	0.4568802361805624	0.4722892261189159	-0.18845576056036428	0.3988802084877914	-0.5297357195321488	-0.1178527012673585	-0.5504777684908453	-0.575452571522642	-0.5558237670287954	-0.5192330251742789	-0.48315230180695984	0.35179103889016444	-0.3989758400715133	0.016066597913679346	-0.5308636558162328	-0.5182037867856868	0.44135715140637255	-0.24454236540279475	0.03135377613557603	-0.5205488076025061	-0.5044294861633294	0.5388375630239194	-0.30396514658174056	-0.6141630235365237	-0.3235689547058215	-0.5899938808983916	-0.5678700973121934	0.1495774626255406	-0.10554846839326337	-0.04551528243543814	-0.1817499629943208	-0.11550704231398853	-0.4595733634702212	-0.43187840322347437	-0.2551712594613845	-0.12196592956983994	-0.2551712582510738	-0.12196593205147939	0.5059466324847977	0.43812497303860887	-0.32358307737754605	-0.32069174946064216	-0.2892996242867528	-0.2862394585856216	0.8658674707240376	0.7663262603716466	3.1015388132745754	2.0194704207157566	0.8029029523987842	0.8077105489428336	-0.9863523057523225	-0.9138229015773337	0.0	2.0733601973821356	1.7323060215711445	1.5478840853327616	-1.7355833500518263	-1.5262220979551533	4.879826258659384	2.0740600214973974	1.715404255840743	1.5369611366969522	-1.72786675635197	-1.5216213937961236
QSM-X-R2pnet-E4-X	-0.4288205449041095	-0.48063328505447683	-0.5207517277610998	-0.4176319769383021	-0.3851853556854647	-0.018559130646383388	0.42089083683587336	0.24683474809552494	-0.5012101148258848	-0.01855912823811743	-0.4288205449041095	-0.06801494391010558	-0.3851853556854647	-0.4811274494000881	-0.018559130646383388	-0.505862244655742	-0.45374639986959325	-0.17575421828234003	0.42089083683587336	-0.5478601052278208	0.5105011299319037	-0.5392439185784982	-0.5205130562319763	-0.06940239277810326	-0.5652223017689586	-0.4045223824328489	-0.5320169144077518	-0.016571913517955457	0.0709843001327545	0.3302027397410413	0.4335062107840872	0.42854581237363976	0.22788897723079907	-0.010071756435383336	-0.0051424577608909505	0.10744307301409908	0.010792197541272627	-0.09014171720260922	-0.44958554079073043	-0.5044601339296337	-0.40444626327806704	-0.11858465546642821	0.46661083104289747	0.4820110306408681	-0.1821009992893251	0.4044462622806996	-0.534236142190793	-0.113956865131729	-0.5590238865040392	-0.5848034764665117	-0.5655766104362568	-0.5256724167907431	-0.48539165930100986	0.36258354374041185	-0.41011030494504974	0.00958651432199786	-0.5401400600054468	-0.5268139223000236	0.4459270867834006	-0.2549516733569341	0.024977770184554375	-0.5304694886143246	-0.5135298223512311	0.5440134691891318	-0.32012763270657424	-0.6241269868454806	-0.3328228104525782	-0.6003063755769866	-0.5716436072225196	0.15187314017760634	-0.10973431865630094	-0.048362337590068034	-0.1869532127961057	-0.11946187467383533	-0.4685672801718172	-0.43831123003037337	-0.2535389236583247	-0.11652171471050739	-0.25353892191272775	-0.11652171734391462	0.512646224834219	0.4503590588654881	-0.3304591469108811	-0.3265892809657549	-0.2949596574597758	-0.2908732711077879	0.9011974234784068	0.7945449601143092	2.0115215654739322	3.1054291783573054	0.7546288475971457	0.8488914284685627	-0.941454703201421	-0.9638826537825529	2.0733601973821356	0.0	1.5328734554954824	1.7578792805057164	-1.5236779979061335	-1.7425627170681885	2.075187785160775	4.754720625925082	1.5185369257620605	1.7356180284392129	-1.5225451557697587	-1.7406269634944576
QSM-X-R2pnet-E5-Para	-0.373422082475827	-0.4195620332155354	-0.4930795915404861	-0.3720210973466702	-0.3645496344237019	0.0004130709442005098	0.4117123043419822	0.2505415401884078	-0.460303712131577	0.00041307246311990116	-0.373422082475827	-0.08730291326408471	-0.3645496344237019	-0.43735848498537616	0.0004130709442005098	-0.48468247751199894	-0.44163848687719376	-0.19331679097223212	0.4117123043419822	-0.5141845483835638	0.48575255864935135	-0.5020938070167482	-0.47344310418796165	-0.04371147103702047	-0.5017269477812204	-0.3542704654100797	-0.4971778857806165	-0.028038778701076433	0.08352124771595346	0.31571238719613526	0.4309400130077256	0.41704026609340744	0.2722465194237776	0.0061169173895425895	0.009924801085838368	0.10384324866432762	0.020444162132742087	-0.09170659262853491	-0.4356179082333914	-0.4589794481142563	-0.34166312891489214	-0.10995072607735569	0.41233587959239143	0.43903684346673894	-0.1757569689584501	0.34166312847279884	-0.4807013492268725	-0.10841296458467702	-0.5031190971114329	-0.5426271535973904	-0.5223093107078844	-0.500088366275878	-0.46770571486627854	0.3154272475769095	-0.3582655012307076	0.054725155348179136	-0.5043457004468256	-0.4819640391054167	0.4343151193684217	-0.21779819107023746	0.06884694618243417	-0.4858989975289899	-0.4614081737469633	0.5166853425022812	-0.3335191540540787	-0.5782762565291978	-0.30942344797399757	-0.558625676474335	-0.5787580131800047	0.09693361900808703	-0.07579543233094946	-0.02215558101703121	-0.1187653168870957	-0.061590281834135896	-0.446540987969163	-0.43574130691351876	-0.2602179213168843	-0.13660262135972645	-0.2602179203993474	-0.1366026233734636	0.5140970906268685	0.39480084977032043	-0.2964154444248346	-0.2994401924155742	-0.2654118058748872	-0.26799694003282626	0.8135023302021519	0.727902825798708	1.6905432332655959	1.5077079202681685	0.8498175833600524	0.8419216044005176	-0.7924203139567494	-0.748513139157825	1.7323060215711445	1.5328734554954824	0.0	2.020785796279994	-1.0509123216151104	-1.0093727891476671	1.72550828723127	1.5283472879846474	3.221367327693053	1.9934540210595937	-1.0520953731798395	-1.0089774293290381
QSM-X-R2pnet-E4-Para	-0.3838868316781615	-0.4306261066011591	-0.5011504011517166	-0.38101599365376126	-0.3692744864843674	-0.0014717713220799905	0.4194365534591788	0.2555923042732181	-0.47133397231823	-0.0014717690450148078	-0.3838868316781615	-0.08324697584689937	-0.3692744864843674	-0.4483686573751391	-0.0014717713220799905	-0.4903677200937071	-0.4447389470379012	-0.1945102388453344	0.4194365534591788	-0.5247872125676288	0.4954190606562347	-0.5134312141977069	-0.4860544231313034	-0.0427927956099499	-0.5138544836687308	-0.36382073978157536	-0.5083544894609104	-0.020769907729249762	0.08328367129800644	0.3223489807394344	0.43818329699752756	0.424885726242087	0.28007064309299806	0.003464845184411929	0.006425377692639915	0.10355144888815164	0.015983953250440008	-0.0962700956290377	-0.4397017109408078	-0.46482326332690893	-0.3489714773454957	-0.10660189237743807	0.42349799316484216	0.4501598560856962	-0.17314775150213094	0.34897147707451553	-0.48890891566764594	-0.10541213730407166	-0.5143137572211435	-0.5546771221775687	-0.5347282368073268	-0.5104059655044525	-0.47499639094337376	0.3253630723524979	-0.36873587808286773	0.05434245205429161	-0.5160126291009051	-0.4931098503271737	0.4425083652620086	-0.22701070147476599	0.06856958954595174	-0.4979562496275845	-0.47278541228028537	0.5258471703640943	-0.3413761329160961	-0.5897231503341385	-0.314947923617461	-0.5691941171660053	-0.586699030157791	0.10099471842036489	-0.07741398152311862	-0.022698701480081733	-0.12242291077553154	-0.06435211935378614	-0.45484903591028697	-0.44288402661837223	-0.25897938648111973	-0.13105307699022634	-0.2589793850399926	-0.1310530790061526	0.5231173726741281	0.40573288447869105	-0.30151432213998763	-0.30420929576201694	-0.26948275790924797	-0.2716822506704794	0.8459175221710739	0.754402070182748	1.513760805025424	1.713509821846855	0.8015241235956658	0.8887063100584918	-0.7657276259566023	-0.7845954525730473	1.5478840853327618	1.757879280505717	2.020785796279993	0.0	-1.014855910181085	-1.071980207590989	1.544697420052665	1.7498388565660326	1.9690124471331898	3.0692939082354824	-1.0172656742892854	-1.077277161819304
QSM-X-R2pnet-E5-Dia	0.42307486901952385	0.4743579686607459	0.47957825905604323	0.4062603591863396	0.3587926167328275	0.03005021643869303	-0.3721902096372891	-0.20704230118946848	0.4666228662149159	0.030050214143871493	0.42307486901952385	0.053977645864753135	0.3587926167328275	0.45146163133116607	0.03005021643869303	0.4691952958337928	0.421020019260543	0.14605069223746986	-0.3721902096372891	0.5039854837190538	-0.4644134818688991	0.49626171446396716	0.4891161826661387	0.07056878540743614	0.5346155389901449	0.3975981346494993	0.48808618540190546	0.012601231215656292	-0.055999652796319764	-0.2959003491991617	-0.38079351933962663	-0.38134477287960633	-0.15361918979176717	0.016783920554806965	0.010565465665968164	-0.10060810106519405	-0.014471111557619452	0.07864925286242481	0.41432950075213815	0.4936783627099514	0.42167303219757507	0.13283457081775682	-0.45432285086194435	-0.45372613456422706	0.18550098641476478	-0.42167303134823275	0.5235124751726817	0.12187333108895662	0.5374552135220123	0.5408639331465525	0.5244455412745894	0.47518753198584995	0.44112247371209684	-0.3559179311636716	0.40256262476729826	0.019802568222508726	0.49533532047332446	0.49401355511806533	-0.39652808961450003	0.24935884988504137	0.004575964701433615	0.4950104583853965	0.48971444771625494	-0.49547908858822204	0.2475751263223423	0.5727643485250229	0.30409744470982375	0.5495812002260275	0.4969857181595748	-0.18455478897440591	0.13526246837212264	0.07486598226336921	0.23314392873685963	0.1640952175249113	0.4231480297949967	0.3852868930997604	0.22685869461689467	0.09711496873554423	0.2268586929738736	0.09711497200473744	-0.4478914206726349	-0.435583139305317	0.325952167502854	0.31802733960232005	0.293481316243646	0.2856739446467468	-0.7716913762336575	-0.686018537105184	-1.7187911586904316	-1.514845225088097	-0.6459576490542605	-0.6595815333301843	1.0487896558594536	0.9630819394349119	-1.7355833500518258	-1.523677997906133	-1.0509123216151104	-1.014855910181085	0.0	1.96942502151597	-1.7396863191109186	-1.5278001037901052	-1.0497353446438917	-1.01171315924124	3.1660621537883964	1.9305726355059283
QSM-X-R2pnet-E4-Dia	0.4367183719527719	0.487043595649829	0.48145068201601454	0.4141222492145212	0.35857303217703507	0.04041248129537424	-0.3739021095009327	-0.2073481602021056	0.47525124293069065	0.04041247872712019	0.4367183719527719	0.046410083835320734	0.35857303217703507	0.46085308852322493	0.04041248129537424	0.4664186281715993	0.4161865019437049	0.14222817564192058	-0.3739021095009327	0.508092739248727	-0.4692023661876233	0.5041497188746467	0.4996551548039145	0.07892024396370748	0.54877804331855	0.4108362833390205	0.49600140815886273	0.010418940880773244	-0.04739526204395258	-0.2984320323270757	-0.38169061337368587	-0.3833785774006092	-0.15604315722410633	0.020475535501335226	0.01395862234737993	-0.09184889555916233	-0.003886743019729828	0.07962864359683705	0.40933418380789854	0.49098514925036546	0.42801040117452	0.1250274028605101	-0.46485442907129937	-0.46361203206184404	0.17729254027666166	-0.4280103996392795	0.5265252850853294	0.11775290704227837	0.5450609000747696	0.5490796777254869	0.532955094893745	0.4787098471541147	0.43959441005374006	-0.3694765977007489	0.4164430577762373	0.03271084086635386	0.5034154001555895	0.5015134422642842	-0.3982455286196848	0.26237142413868647	0.01731876107239256	0.5041353891621058	0.4981329523931578	-0.4978944559187288	0.2684590051086211	0.5816639077456711	0.3158373063440788	0.559778053031507	0.4979554060073247	-0.18769316080132295	0.14263823782813884	0.08048081125813314	0.24189639334276883	0.17091827776768947	0.43223991778159	0.39071229801861257	0.22476979534804892	0.09135493014963776	0.22476979319105062	0.0913549336782124	-0.45329693914497626	-0.4498024602193749	0.33516015671622124	0.32564649689030656	0.30144190368633134	0.2920201157416804	-0.8032550462945416	-0.7121032976565912	-1.5171700476619203	-1.7234088136391335	-0.6091541311314168	-0.6894123301196908	1.0045738926336232	1.0266268957930702	-1.5262220979551533	-1.742562717068188	-1.009372789147667	-1.0719802075909892	1.9694250215159703	0.0	-1.530096178304312	-1.7471803222659457	-1.0072640930358763	-1.0705971098997258	1.9283482688436493	2.9694950987121276
QSM-X-R2*-E5-X	-0.41800656654272667	-0.47061746364499124	-0.518524697344038	-0.4104884446828504	-0.3834011423626053	-0.012057675809130995	0.41728514990139276	0.24382024080558523	-0.4923051043887314	-0.012057673887586879	-0.41800656654272667	-0.07536401286367435	-0.3834011423626053	-0.47191769231993774	-0.012057675809130995	-0.5082034865366972	-0.45831008770825094	-0.17780749916788513	0.41728514990139276	-0.5433887886399363	0.5047958264762753	-0.5309533305809117	-0.5103494175450799	-0.06588162345654298	-0.5537943826304504	-0.39415270192848584	-0.5236810259088633	-0.021584596828369957	0.07606181857509801	0.3261583227553847	0.43075545941725096	0.42470144112485736	0.2223652923418771	-0.007128187854828492	-0.0016758514025987093	0.11388782477901978	0.019752666463539546	-0.08894134001914497	-0.45328471444576995	-0.5069381773645764	-0.40124652527209176	-0.1241437214970574	0.45749120200432103	0.47273068472185026	-0.18771626680279413	0.4012465244404758	-0.5326456482049616	-0.11925577826597233	-0.5529900064863341	-0.5768956829050493	-0.5571573844666247	-0.5208085724199965	-0.4852259037781826	0.3514476967832916	-0.3990531629617453	0.01619070280779798	-0.5315819829765681	-0.5189794598508379	0.4422266364893835	-0.2438119763178614	0.03156133484975129	-0.5214077689819057	-0.5052892642786219	0.5405486280407671	-0.3056131223801568	-0.6159484339268312	-0.3232296557868498	-0.5916792728061511	-0.570696585466967	0.1501856222818367	-0.10531742601827764	-0.0451829402341867	-0.18172089201558417	-0.1152975502171771	-0.46116317172957644	-0.43377850098948956	-0.25512627841287105	-0.12149732404204275	-0.2551262771893399	-0.12149732659690701	0.5080904498103523	0.43848699920460144	-0.32415246230823563	-0.3214049184749074	-0.289778564569722	-0.28685562367629697	0.8662599283036607	0.766622021543399	3.0453152938384753	2.0161612827759017	0.8028432986297263	0.8082970229063394	-0.9850142931519686	-0.9127242882719069	4.8798262586593735	2.075187785160775	1.7255082872312695	1.544697420052665	-1.7396863191109186	-1.5300961783043125	0.0	2.0794299344697404	1.7092267795359566	1.5339172962622967	-1.7346934528250946	-1.5273582237646206
QSM-X-R2*-E4-X	-0.4291137370799932	-0.48148489361182895	-0.5229289978325466	-0.41799668988908195	-0.38480201959061494	-0.017942421785727036	0.4216630631376066	0.24633973624822514	-0.501629304023828	-0.01794241933453453	-0.4291137370799932	-0.06968013167931865	-0.38480201959061494	-0.4817253739613342	-0.017942421785727036	-0.5090545733605671	-0.45688870302488427	-0.17615807766606892	0.4216630631376066	-0.5504348718789105	0.5113493665104798	-0.540024028430962	-0.5213189426480083	-0.0705572236676186	-0.5669830553749632	-0.4046247167921174	-0.5327194596806898	-0.0166511012841628	0.07177676863897971	0.33075457428920935	0.4343405679971283	0.4293371774865646	0.22771977292635473	-0.010484801035192533	-0.004912738922459127	0.10898305645786917	0.011683348004255946	-0.09098348935095331	-0.4522546121665601	-0.5076710457048142	-0.4072498911719878	-0.11732427616571174	0.46745959645090984	0.4826240708473125	-0.18111124172630272	0.4072498901549109	-0.5375062638350395	-0.11541461626966984	-0.5618589363807516	-0.5864236853068843	-0.5670905142500472	-0.5274038030375989	-0.48762003784043306	0.362356520871493	-0.4103781160742775	0.009027953377980402	-0.5409563283945966	-0.5277133373489905	0.4468065449152017	-0.2543117105352086	0.024516757986123888	-0.5314953113800915	-0.5145668564023512	0.5458920091322069	-0.321808120698006	-0.6262485729056508	-0.3325699966431589	-0.6022982657498901	-0.5744034819000607	0.15300311511642614	-0.10959281513629836	-0.048089595502757834	-0.18725305849301868	-0.1195058379294029	-0.4701767971827455	-0.4400942857041805	-0.25333882206970904	-0.1158827353821785	-0.25333882029412247	-0.11588273808291906	0.5146401455589078	0.45098053519774706	-0.3310889685450468	-0.32731092009782886	-0.295481406110031	-0.2914827572294004	0.9014376524777141	0.7946720361241959	2.0067416340238933	3.0477908735964174	0.75432899319347	0.8485846960601388	-0.9408620917482806	-0.9627898973018861	2.0740600214973974	4.754720625925062	1.5283472879846476	1.7498388565660326	-1.527800103790105	-1.747180322265946	2.0794299344697413	0.0	1.5143297942477163	1.7278606844701476	-1.5284941127731206	-1.7495115345879932
QSM-X-R2*-E5-Para	-0.37634083773883187	-0.42263145210926123	-0.4952513993906865	-0.37418984032007346	-0.36828042570747	-0.0007832074176357581	0.413363532882136	0.25183132051793333	-0.4633835894243055	-0.0007832059959700736	-0.37634083773883187	-0.0883171434378736	-0.36828042570747	-0.4398778209619789	-0.0007832074176357581	-0.4865211854765029	-0.4442424871510268	-0.19578165614112936	0.413363532882136	-0.5151895575908789	0.4892363263317458	-0.5052726296708313	-0.47584174843339355	-0.03798045734980516	-0.50162060123834	-0.35698845505796095	-0.5003078947556431	-0.02812769553875451	0.08341378205921109	0.31702325052123365	0.43346319994131544	0.41902900910890706	0.26673282296039075	0.006421551187375664	0.01212950364898515	0.10483528687749293	0.021230688557447114	-0.08636852500944638	-0.43743365175836707	-0.4608957388124096	-0.3429158028424624	-0.11595008261653741	0.41472284309922774	0.4416538942522014	-0.18186430718867164	0.34291580226570445	-0.4823339483925538	-0.11116033673011663	-0.5049190321742794	-0.5456031749559319	-0.5248651147837963	-0.501988495257776	-0.4695422742784953	0.31763431672653897	-0.36052176856782736	0.060419459914893024	-0.5073218010856477	-0.48512492859436257	0.43642832412741894	-0.21862457606957642	0.07454399457039285	-0.4883813999952682	-0.4641648764451286	0.5192006476080097	-0.3315008840062384	-0.582375930385886	-0.31664286587558277	-0.5632304751371863	-0.5834218775338127	0.08991966132916215	-0.08020217912267326	-0.025995339967074756	-0.12018814900602515	-0.06262841607405893	-0.45159690396684704	-0.4403642362957208	-0.26928533711639685	-0.1455626971205634	-0.2692853363916442	-0.14556269924471876	0.5192207569248307	0.39848107554187945	-0.30229026214294225	-0.30517018887888553	-0.2711035104984972	-0.2735377694738745	0.8061343032803944	0.7215966708808763	1.6802246279442414	1.497108048621074	0.8435671899168604	0.8354782098674063	-0.7944942111299342	-0.7494819307148564	1.715404255840743	1.5185369257620605	3.2213673276930566	1.9690124471331898	-1.0497353446438917	-1.0072640930358763	1.709226779535957	1.5143297942477163	0.0	2.0237465062325386	-1.0369498988288022	-0.995244370713627
QSM-X-R2*-E4-Para	-0.38767868467530125	-0.43472817645600526	-0.5043400314779364	-0.3840791724179559	-0.3741651479454313	-0.003044208319351881	0.42175826584757026	0.25715117951386574	-0.4754667002436338	-0.0030442061670326137	-0.38767868467530125	-0.08494718861669333	-0.3741651479454313	-0.4515694768082931	-0.003044208319351881	-0.493235225948405	-0.44882269776400785	-0.19850469247439068	0.42175826584757026	-0.5263374888826278	0.5004293910133686	-0.5178803168652534	-0.4894149411964919	-0.03385159406035049	-0.5132165469341018	-0.3675467516033959	-0.5127699334730473	-0.020415226003633418	0.08285416145771204	0.32357740127985835	0.4418641681847963	0.42748453411069126	0.27505730638002807	0.00455292798635733	0.00903644548497936	0.10262022955656876	0.017684590399133355	-0.08916772794356861	-0.44238628506182803	-0.4677140916113232	-0.35125516746192803	-0.11485985465486179	0.42657691887970256	0.45350405499882046	-0.18150315540016373	0.3512551670925127	-0.49182153851625865	-0.10957439145419912	-0.5171795646092308	-0.5590910550052625	-0.5384990137717243	-0.5131147244561884	-0.4777033370013895	0.328134835833632	-0.37169104005947495	0.06317577031499193	-0.5203195272712932	-0.4976536779636587	0.44557486875698116	-0.2277206950561729	0.07742455643528089	-0.5013069687427958	-0.47652241931832845	0.5294087493423735	-0.33889921670792755	-0.5949186075905243	-0.3243688794297019	-0.5753342875316776	-0.5941339148928181	0.09069823469238611	-0.08321943389940263	-0.0277881240355079	-0.12379180257910642	-0.06535442789120907	-0.46202100038725274	-0.4500110301462488	-0.2722941891220256	-0.1442111058688224	-0.27229418797827804	-0.144211108118601	0.5308367024898427	0.4101057346890157	-0.30955831845119247	-0.3122741995454864	-0.2772918886822122	-0.2794981579855353	0.8385598356095543	0.7480836356629366	1.5068110753652233	1.6968983761818364	0.7962042039527575	0.8811991731157165	-0.7675215507754171	-0.7855735869680365	1.5369611366969522	1.7356180284392129	1.9934540210595937	3.0692939082354833	-1.0117131592412403	-1.070597109899726	1.5339172962622967	1.7278606844701476	2.023746506232539	0.0	-1.002363346160659	-1.0560806294362146
QSM-X-R2*-E5-Dia	0.41846695266980777	0.47031259194409547	0.4801328077233752	0.4026626927063014	0.3532814043153423	0.027114560355057396	-0.37143824414771026	-0.20491346036632171	0.4626885697294357	0.027114557873331693	0.41846695266980777	0.056244581151198805	0.3532814043153423	0.4482888038329108	0.027114560355057396	0.47198025157901347	0.42340754476231934	0.14443492462517912	-0.37143824414771026	0.5058288155701695	-0.4613823513855119	0.4929470350133236	0.4860606636453068	0.07728561768535228	0.534930049743742	0.3930454385679029	0.48473812119488957	0.012358336800490028	-0.05796143865402329	-0.2952376354780465	-0.37947860138396433	-0.38028546253701745	-0.1581497673117546	0.01749262303669404	0.012580987181607864	-0.10279564658401183	-0.015335557562387189	0.0843024018956981	0.41674619025129733	0.4957015124704603	0.42306146160956537	0.12403938961716639	-0.45079993017615017	-0.4501764840171512	0.17729444809218373	-0.4230614608819882	0.5251443052418283	0.12213825071176954	0.538313599714507	0.5388482439406685	0.5226649235646516	0.4752660451106446	0.4425787342752023	-0.35146481321587497	0.3986396297476721	0.024436453538968134	0.4922721261431237	0.4908299172094394	-0.3954836973741221	0.24588129700974526	0.00910023204197459	0.492473305175032	0.48686755040561647	-0.4951794853415817	0.25211054112219644	0.5707642287099755	0.29670096103697147	0.5471830917811719	0.49698485798806064	-0.19130757460216247	0.13000564889145544	0.07021924125218676	0.2306176708055686	0.16189780095317635	0.4206253703274484	0.3838820443587298	0.2186421827879158	0.08855460399210531	0.2186421809719683	0.08855460731791605	-0.4456879864673368	-0.4306750515681447	0.3202069901050918	0.31279486468437306	0.28778047428745973	0.28046010819566947	-0.7757529848259731	-0.6895303876792526	-1.7007189952463433	-1.5073656442261776	-0.6490284697788894	-0.6633866429464799	1.0358562835934468	0.9530298502566645	-1.72786675635197	-1.522545155769759	-1.0520953731798395	-1.0172656742892852	3.1660621537883973	1.9283482688436493	-1.7346934528250952	-1.5284941127731206	-1.0369498988288022	-1.002363346160659	0.0	1.9777580208953374
QSM-X-R2*-E4-Dia	0.43068857828269946	0.4814916650007319	0.4815375636065001	0.4091499606092256	0.35180300831040096	0.0364952780214422	-0.3728930506274318	-0.2051315232970959	0.4702267128749676	0.03649527516206669	0.43068857828269946	0.048509470698429466	0.35180300831040096	0.4570198542105824	0.0364952780214422	0.469043107754214	0.41801042067597893	0.139166578014115	-0.3728930506274318	0.510065922652756	-0.4648282271384737	0.4996651504291122	0.49550660993711193	0.09000599734899466	0.550128603118712	0.4047343185520787	0.49147039779498913	0.010950635766387346	-0.050246491181475075	-0.298267676533598	-0.3796163828564558	-0.3821218175943788	-0.16019502397937627	0.02179158722689946	0.016036505833096834	-0.09638762757175351	-0.00426075368334493	0.08667035352093089	0.4117491793101974	0.4926407853412833	0.42839743343099856	0.11324851420290567	-0.4603134157954442	-0.4592478582243029	0.16632698264220552	-0.42839743205170017	0.5271539526303889	0.11683751708170112	0.545080052399104	0.5458283332929833	0.5301390192751171	0.4786039549250162	0.44095918922542054	-0.363876673253307	0.4113303046799708	0.040912451090586145	0.49915968858806725	0.4970587418338266	-0.3967077845146206	0.2584642362714332	0.025400434074674686	0.5008097288078923	0.49434227136143977	-0.4971891278676419	0.27377334233507156	0.5794407482908497	0.30692607825312684	0.5567459544243767	0.4959906764927238	-0.19778218578687654	0.13563862266634696	0.0742737823137326	0.23911232699227758	0.16844818911705803	0.42796991076449914	0.3871450845104909	0.21297832693996388	0.07931773708440627	0.2129783245592382	0.0793177404894169	-0.44873395249116116	-0.444234980052688	0.3269052403607837	0.3177494858782774	0.29320084608346325	0.2841055110415812	-0.8072135934154423	-0.715580527732369	-1.505461851080322	-1.7121971275180683	-0.6118260329011634	-0.6933642964118929	0.9915412929359375	1.0135191761627007	-1.5216213937961238	-1.7406269634944578	-1.0089774293290381	-1.077277161819304	1.9305726355059287	2.9694950987121254	-1.5273582237646204	-1.7495115345879932	-0.995244370713627	-1.0560806294362144	1.9777580208953374	0.0
