Image	DKI Micro AD	DKI Micro ADE	DKI Micro AWF	DKI Micro AxonalD	DKI Micro KFA	DKI Micro MD	DKI Micro RD	DKI Micro RDE	DKI Micro Tortuosity	DKI Micro Trace	DKI AD	DKI AK	DKI KFA	DKI Linearity	DKI MD	DKI MK	DKI MKT	DKI Planarity	DKI RD	DKI RK	DKI Sphericity	DKI Tensor FA	DSIStudio GQI GFA	DSIStudio GQI ISO	DSIStudio GQI QA	DSIStudio Tensor AD	DSIStudio Tensor FA	DSIStudio Tensor HA	DSIStudio Tensor MD	DSIStudio Tensor RD1	DSIStudio Tensor RD2	DSIStudio Tensor RD	DSIStudio Tensor TXX	DSIStudio Tensor TXY	DSIStudio Tensor TXZ	DSIStudio Tensor TYY	DSIStudio Tensor TYZ	DSIStudio Tensor TZZ	NODDI ICVF Modulated	NODDI ICVF	NODDI ISOVF	NODDI NRMSE	NODDI OD Modulated	NODDI OD	NODDI RMSE	NODDI TF	TORTOISE MAPMRI NG	TORTOISE MAPMRI NG Par	TORTOISE MAPMRI NG Perp	TORTOISE MAPMRI PA	TORTOISE MAPMRI PATH	TORTOISE MAPMRI RTAP	TORTOISE MAPMRI RTOP	TORTOISE MAPMRI RTPP	TORTOISE MAPMRI AD	TORTOISE MAPMRI AM	TORTOISE MAPMRI FA	TORTOISE MAPMRI LI	TORTOISE MAPMRI RD	TORTOISE Tensor AD	TORTOISE Tensor AM	TORTOISE Tensor FA	TORTOISE Tensor LI	TORTOISE Tensor RD	ihMTw	ihMTR	MTR	ihMTsat	ihMTsat-B1c	R2	R2*-E5	R2*-E4	R2'-E5	R2'-E4	R1	R1-B1c	MPRAGE-MyelinW	SPACE-MyelinW	Scaled MPRAGE-MyelinW	Scaled SPACE-MyelinW	G-ihMTsat	G-ihMTR	Q-Ratio-E5	Q-Ratio-E5-B1c	Q-Ratio-E4	Q-Ratio-E4-B1c	QSM-SEPIA-E5	QSM-SEPIA-E4	QSM-X-R2'-E5-X	QSM-X-R2'-E4-X	QSM-X-R2'-E5-Para	QSM-X-R2'-E4-Para	QSM-X-R2'-E5-Dia	QSM-X-R2'-E4-Dia	QSM-X-R2pnet-E5-X	QSM-X-R2pnet-E4-X	QSM-X-R2pnet-E5-Para	QSM-X-R2pnet-E4-Para	QSM-X-R2pnet-E5-Dia	QSM-X-R2pnet-E4-Dia	QSM-X-R2*-E5-X	QSM-X-R2*-E4-X	QSM-X-R2*-E5-Para	QSM-X-R2*-E4-Para	QSM-X-R2*-E5-Dia	QSM-X-R2*-E4-Dia
DKI Micro AD	0.0	2.5601792466652955	-0.2148471579433062	0.15960275214009345	-0.32397415044489314	1.3239854578258188	0.9405112239047174	1.077370110169596	-0.02604397627793589	1.3239854587326887	4.9517187756431005	-0.03300098260410064	-0.32397415044489314	-0.002035387088492859	1.3239854578258188	0.01685814624501042	0.03632010722478477	-0.03308455694445849	0.9405112239047174	-0.02776332102469078	0.024961673079220772	-0.027134480809104942	0.052490207986892384	-0.6424275953543589	-0.3326866788147068	2.1015036866452306	-0.026347675281695623	0.015316777747862843	1.160484345098685	0.9958143427629218	0.8337768598278483	0.918226160772909	1.0297915234020971	0.16515213985519653	0.10827915790069031	1.0939866150620512	-0.31171628725058054	1.138729228214739	-0.7319238571986453	-0.2238111286204135	1.2505409245949448	0.18491783645236898	-0.5814701728588451	0.09995674702639273	0.04006412477951801	-1.202223965540827	0.81082050784571	0.83297717496312	0.6420468107338678	0.4973672543661358	0.48472570650551333	-0.7434350107648424	-0.8012288914013562	-1.6647991821774584	2.344562362211579	0.11183646400178456	-0.04507105743013301	-0.078192234831478	0.8703484698894383	1.2489450546587326	0.1025379254035637	-0.1028081129737099	-0.14499259500254233	0.6961414908982463	-0.4455438990985344	-0.5148440285799816	-0.5849775161853652	-0.5284574943740059	-0.48791740736893846	-0.5715743706242136	-0.09654259471005068	-0.0774092343285361	0.21394267048631235	0.2168565190489954	-0.46310056602557564	-0.44062904473330466	-0.4785500979631312	-0.5489219096226023	-0.4785500972158994	-0.5489219092280986	0.2230889063000195	0.18039204403895073	-0.26581375606836916	-0.2564291418246518	-0.24944398153318084	-0.2401005020206095	-0.039907229201287434	-0.039065052279749414	-0.13405577531935328	-0.1550921216418691	0.1473268900748998	0.13912937761225205	0.3953744684183422	0.4180118956793832	-0.12647882169745464	-0.14802013545577197	-0.010873571466760362	-0.022491720498581984	0.2591334203783101	0.289245145342803	-0.12653615371938437	-0.14791090367823997	-0.010295162688525226	-0.025942462884782042	0.2589225834604731	0.28661491212691326
DKI Micro ADE	2.5601792466652955	0.0	-0.11261384861338887	0.21518530559118149	-0.2805719563547713	1.151556157383583	0.8242020977245034	0.9801563033317561	0.039468022450087355	1.1515561578919973	2.5601792466652955	0.05614671897622199	-0.2805719563547713	0.05380354879279532	1.151556157383583	0.10433239113260774	0.13007253269547778	0.03961038313737884	0.8242020977245034	0.04582274172173968	-0.050908513936460675	0.04576733777478286	0.1222167549156815	-0.6895616630825138	-0.2934239697566643	1.8651718893781835	0.04498735638265305	0.01681542005991514	1.0194266280704156	0.8932264071201275	0.7236214948058727	0.8065767338488605	0.929963121466957	0.16414697324079566	0.10047662411904917	0.984075939714359	-0.28886189514443755	1.04945691579277	-0.6103494453222379	-0.13026250014643773	1.2386479287451613	0.201761979025164	-0.6331917695683669	0.060133649648918916	0.06833967396862727	-1.1939689998449854	0.9686239594759539	0.8985462818388396	0.7608738818334634	0.6167220719999483	0.6029805888761298	-0.6355475510464964	-0.6751170036913401	-1.4465712189370294	1.9585911908561384	0.05037244367630514	0.02671551537154313	-0.011946647606080024	0.7546902812031067	1.0885704664202993	0.0398998722857907	-0.0350904440179077	-0.0833096049282185	0.5838258459743934	-0.38717200249270867	-0.44177205538877595	-0.5200573876534975	-0.4519442827670053	-0.4126921733798929	-0.5025486466223766	-0.04512707455533634	-0.03170957005200202	0.24103908924926004	0.23799633903493517	-0.38684399528093194	-0.36563421550686753	-0.40002503629732133	-0.47277799024670003	-0.4000250355258359	-0.4727779898707247	0.16460437364026803	0.1374818861504824	-0.18799534725454295	-0.1785669717950429	-0.1737491747829077	-0.16434103179596163	-0.033774610558033095	-0.033568072668555625	-0.13949663599252132	-0.16006440607400757	0.16049093687852362	0.15027392608483792	0.4176174856706357	0.4372510807884444	-0.1313267569050061	-0.15288935979433602	-0.012110256446229938	-0.02274508354797046	0.2663876504797176	0.29684336717618703	-0.1313705063926578	-0.15275571885575565	-0.013578813154282807	-0.029046405913511257	0.2642006263504625	0.2918047992165758
DKI Micro AWF	-0.21484715794330614	-0.11261384861338887	0.0	0.36568010785428756	0.47065723488548	-0.5138480541596808	-0.6742550649773801	-0.49754861479012785	0.6672537790918596	-0.5138480541515795	-0.21484715794330614	0.8872414973148346	0.47065723488548	0.6231639692921652	-0.5138480541596808	1.147728471874207	1.1884747281193635	0.5290938044165587	-0.6742550649773801	1.0378060311156878	-0.6523260765274492	0.7248229409249799	0.7190101066659207	0.02745511928007567	0.6461488768766613	-0.26397865411784305	0.73580216526192	0.00024923824839271567	-0.589080629933405	-0.6258262568289271	-0.770995094837561	-0.7138021745648504	-0.555909206752689	-0.06573937837763813	-0.10302007004954522	-0.5499656492936785	0.267269302281897	-0.4662177619595908	1.0018192926066989	0.7049506517226287	-0.3429034204675075	-0.07760412317748017	-0.13003395311893226	-0.6039788535572629	0.06620769080625194	0.3517751754350606	0.34528842017261546	-0.06768914719185139	0.4316047651035355	0.6237237037110451	0.6333252495556936	0.9589958003566333	0.9536704570475375	0.35896050740922525	-0.2575446678686819	-0.512094754266262	0.7502154512756051	0.7451544956822509	-0.7431629167031293	-0.4106160128225666	-0.5235240291147373	0.7561207534574318	0.731125341678694	-0.9429993063036214	0.5573512538646095	0.7163341156144647	0.6089581481108992	0.7515068852758158	0.7678384011625233	0.6423745948906241	0.36489228081668734	0.31852402666832635	0.04617198572982022	0.009666632113127762	0.7876399960276902	0.7816259532407641	0.7848356955425132	0.7502183825963867	0.7848356964792871	0.750218382496075	-0.5161899877460483	-0.3473086522062394	0.6877543558625752	0.6918336453372442	0.664625457147651	0.6686231592643606	0.042094870979699786	0.042736967714130915	0.02101130184018097	0.035631741248744964	-0.007622602313335882	-0.011749768296548826	-0.05822737646241582	-0.08400048942301226	0.01841618506333207	0.03054361772995583	-0.03039547727818227	-0.013525962462656315	-0.08012975286705082	-0.09089003736121914	0.018375172199948494	0.030620178096766287	-0.04051292277227988	-0.025619418326519934	-0.08965256565860304	-0.10116083553348332
DKI Micro AxonalD	0.15960275214009345	0.21518530559118149	0.36568010785428756	0.0	0.7753800287544333	-0.11363538672917471	-0.22781199778907946	-0.18355655953247246	0.7325443704025453	-0.1136353863692944	0.15960275214009345	-0.006276794744122038	0.7753800287544333	0.5955230876838848	-0.11363538672917471	-0.02320634694409265	0.005356370179891606	0.587445633093981	-0.22781199778907946	-0.005294267374561237	-0.7017140656771467	0.7303684755262624	0.7839997186555315	-0.30179838821023486	0.3598152781758588	0.14018407548991416	0.7381882983916335	0.0057123207147612215	-0.13311550559024277	-0.1558433027298027	-0.277338584620396	-0.2230142510342848	-0.10008551277672671	-0.07198844075498016	0.06625618134827248	-0.09448499224489317	0.04979284956191816	-0.07113137521669605	0.20609774043663498	0.36200196524007183	0.06019940703512436	0.6452327250376055	-0.5711727996258731	-0.46588561553694613	0.7078185398064384	-0.05484217276991172	0.19089113398545007	-0.1353974621155156	0.14012382077529564	0.5602929107502906	0.5618168614097184	0.2535589959711607	0.21818077790527113	-0.09951253207215739	0.11448604432987636	-0.3191924586963802	0.6640882294446165	0.5553660077782515	-0.2650638763014896	0.08020641950757137	-0.31675329519160494	0.6235475336753205	0.5300533457964471	-0.2926366680334136	0.020513993149761017	0.17687310562214853	0.12486985335240548	0.1835476605447078	0.18377053190376005	0.06626996269857871	0.10181117259738899	0.09277748621481427	0.0785560367221398	0.06570802262666493	0.2213641104621917	0.21862231365568152	0.21430539195513998	0.15932375147787992	0.21430539255936643	0.15932375179876868	-0.22698584805962674	-0.19203498671330557	0.2170580974937321	0.21627409840981407	0.2169285632779111	0.21644018039673626	-0.0056761583724668375	-0.0026200216461891935	-0.06748074036368694	-0.06826445413791171	0.03811036189664257	0.0365191523658695	0.12350052490868584	0.11486180360131316	-0.06077092619678738	-0.06373131743185187	-0.020884837581056706	-0.011993447161362516	0.08597228603858899	0.09341907029738672	-0.05908318075571138	-0.061075294633983146	-0.036075550667776735	-0.0351391203854453	0.06815916127462558	0.06999849575605085
DKI Micro KFA	-0.32397415044489314	-0.2805719563547713	0.47065723488548	0.7753800287544336	0.0	-0.6213373030311466	-0.7361704300903864	-0.765144235297996	0.9880776918480074	-0.6213373023676391	-0.32397415044489314	0.18312021766708134	4.9517187756431005	0.745649324326262	-0.6213373030311466	0.0018788830887259298	0.07421617087721158	0.650244533452358	-0.7361704300903864	-0.033883565501041546	-0.8222170552429154	0.9008555017164064	0.6341750906986129	0.000797461571208282	0.48512421869984546	-0.3261172080004761	0.8378534344575204	0.0038904672135777513	-0.5939905988812509	-0.6041560724641932	-0.7548681661939565	-0.6823072483525989	-0.5589950653107797	-0.056304594567104564	-0.08705052080465743	-0.5135390497705908	0.18307280292578543	-0.530786513902976	0.6116462912031224	0.4336878041610433	-0.40697940763832463	0.5692683048647017	-0.11056901738179827	-0.4978212034389177	0.7555216991404528	0.40631417716249696	-0.19864883008178846	-0.3975776799585214	-0.2407282279219434	0.20323819203085994	0.21018210739112708	0.657334377091075	0.6348896108818233	0.3942575665429397	-0.37766473612020196	-0.4583733711356183	0.7967265227969016	0.6606512943075051	-0.7645033089266849	-0.4077827419377249	-0.4498326468867525	0.5898989742257714	0.5179931624832913	-0.7030581925373455	0.18964224935153828	0.39587834693390983	0.38701398591219593	0.4087234388713289	0.3991368606412053	0.3302541042274478	0.16186043717212154	0.14711811450078482	-0.022462411030558065	-0.03337677501091971	0.44215152866826074	0.4295291995431968	0.43745021559837843	0.4000513072132696	0.43745021596913697	0.4000513072812588	-0.2516380122822377	-0.18037314966574394	0.3510345982639527	0.3456872863622213	0.3454926456628965	0.3403583068327444	0.023499731628843706	0.026367739261465364	0.00151495343255358	0.008739705728690877	-0.029439180545182648	-0.027414658350579588	-0.06471377378204309	-0.08136320250274419	0.0037515670674741325	0.009178394608940859	-0.0031884933306825037	0.009266946423868614	-0.03429503055840065	-0.040975566903499884	0.005670367207765684	0.0120683736644851	-0.022280146239348816	-0.018246069390254985	-0.0553294793684278	-0.06814721418695723
DKI Micro MD	1.3239854578258188	1.151556157383583	-0.5138480541596808	-0.11363538672917471	-0.6213373030311466	0.0	1.979780900607267	2.1477271266758757	-0.43080642805142644	4.9517187756431005	1.3239854578258188	-0.17558489476793337	-0.6213373030311466	-0.39929085210587	4.9517187756431005	-0.196651993918601	-0.1987205781079365	-0.3061706580730108	1.979780900607267	-0.24786426775996595	0.41670401840849264	-0.441254837746764	-0.33942038049467166	-0.4563176968564769	-0.6440012284729805	1.279783566227538	-0.4369343075540297	0.011289053586354106	1.9908197784584387	1.720659164164583	1.5596733908372	1.7142143933877967	1.3870235812787968	0.14139326190258236	0.12697792870651967	1.486867693393233	-0.35714259816506777	1.360974148652962	-1.2375508643090096	-0.5235753624309782	1.1258929190533842	0.09568362396570138	-0.18421160519000376	0.4614384815273228	-0.08588062846903176	-1.0849913318912767	0.4537797674266338	0.8292202877763912	0.3333322323936749	0.07850393947164196	0.06797841332173604	-1.3136390499896136	-1.3763611483896072	-1.225111473306869	1.3160587497389449	0.31794688976220037	-0.4575276318838061	-0.46857654439634133	1.7308490330075295	1.0490084439807839	0.3109260617938158	-0.4948780257322863	-0.5122766778322856	1.2860928379155365	-0.6166824601826786	-0.783394749345904	-0.7943435425665009	-0.8157405101502706	-0.7772126579214508	-0.7699541483648368	-0.23209193597686126	-0.19381089823546188	0.13454917397565197	0.15803257645874202	-0.7626298917153819	-0.7359163196209595	-0.7699580826526666	-0.8115507131489803	-0.7699580820701439	-0.8115507127666717	0.4503539201180619	0.3396277271249529	-0.5167606395010965	-0.5089797790540088	-0.4906170219871079	-0.4830810148175967	-0.03449376698460592	-0.035143244362430895	-0.0943199370289137	-0.11722796885404196	0.11858239216576047	0.11883622051406727	0.30513428057387487	0.3403810114786757	-0.08744342419978783	-0.1099367830770817	0.021624126892810392	0.007280743446533766	0.21908150753501068	0.24989763818572386	-0.08741040959570794	-0.10983185296068754	0.026989227916479952	0.010732284079511108	0.22353294791605455	0.2532422568214402
DKI Micro RD	0.9405112239047174	0.8242020977245034	-0.6742550649773801	-0.22781199778907946	-0.7361704300903864	1.979780900607267	0.0	2.2573656762454837	-0.6378205637130792	1.979780899980376	0.9405112239047174	-0.25254761997797687	-0.7361704300903864	-0.6060001360389404	1.979780900607267	-0.31362303232543565	-0.3307971501786076	-0.41831382686760143	4.9517187756431005	-0.35980231466371587	0.6092229840742193	-0.6535315193849582	-0.5304046707505432	-0.3454825861953906	-0.7718874245879443	0.9321179948056044	-0.6437201726623779	0.010475601202306187	1.7641601479988764	1.8499121656041495	2.022914721508841	2.115716294754039	1.3539005323105526	0.11517866612900597	0.14005694675011401	1.3827071008405072	-0.3585313103312855	1.2384908419067686	-1.479291872055562	-0.6304638016106582	0.9703578585291552	0.06735407217804383	-0.027060795439677557	0.6463393049980282	-0.1201881962364474	-0.9389079270912979	0.2904406688041153	0.7421918834646127	0.18548039851798787	-0.09939909627550479	-0.10947156377119972	-1.6363735490941318	-1.6369218706651374	-0.933657204827881	0.9557445534574653	0.41324651626632325	-0.6678278357421088	-0.6662590794324403	2.5231344558808857	0.8596494431341057	0.40845194036743904	-0.688082900314734	-0.6881508396325958	1.677900235552042	-0.6507136914515581	-0.8638399724913495	-0.8310406136277715	-0.9065882612391787	-0.8814587820187073	-0.8032345829208641	-0.27763031774749736	-0.2330801017199064	0.09685691342552068	0.12711173451190633	-0.8755259554017839	-0.8504483923211582	-0.873321881271245	-0.8881381856258436	-0.8733218807579725	-0.8881381853018797	0.533102157219318	0.38661321679372734	-0.6120322621845935	-0.6069536819426097	-0.5820677886974281	-0.5772729638168294	-0.02617616883596325	-0.027969399468963516	-0.06690696007805205	-0.08932738370056213	0.10646101103018739	0.10991805727550007	0.250269488400952	0.2884732015168561	-0.060352301606117716	-0.08195349996329063	0.03984607022119656	0.02483187052192203	0.18532741710213593	0.21474194577731143	-0.060347747466861765	-0.08196185160308343	0.04795163538907229	0.03251992111954608	0.19245696850430494	0.2216693859419831
DKI Micro RDE	1.077370110169596	0.9801563033317561	-0.49754861479012785	-0.18355655953247246	-0.765144235297996	2.1477271266758757	2.2573656762454837	0.0	-0.552231568795015	2.1477271241839997	1.077370110169596	-0.14306653602043795	-0.765144235297996	-0.5150049586306434	2.1477271266758757	-0.14943944939777312	-0.16689721894620246	-0.3433936431994553	2.2573656762454837	-0.19649667867592752	0.5061340099156624	-0.5452786711053403	-0.410705483568217	-0.399896638548169	-0.6764509170106576	1.0418315435550145	-0.5315808196703349	0.01143342598936886	1.7144817737359193	1.7210876230620458	1.6464185190554117	1.7592875394649958	1.332496973656668	0.12070824846748689	0.13901132956612888	1.3501891130279284	-0.34310194705014474	1.2797948469031621	-1.1940446003687446	-0.5125954306341478	1.0643491865689834	0.031797379102181805	-0.11167974167819295	0.5405956231772417	-0.14839968356854713	-1.0268782455452539	0.45564080870305895	0.8555459943997344	0.3515160153877811	0.043790847517285424	0.03345574622630434	-1.3106159063827654	-1.3168794771038865	-1.0043084859177778	1.0815312643421826	0.34961770249846214	-0.551795157543555	-0.5493360782739727	1.8824807820777976	0.8848681147894965	0.34165053502924886	-0.5549620783920723	-0.5617226069660188	1.3220634855337137	-0.5656533000523141	-0.7527018489802912	-0.759732783859975	-0.783956591313252	-0.7514760888847435	-0.7177476695198334	-0.22187010872124105	-0.18588315356414994	0.12779080130164017	0.1501259697697339	-0.747293718396061	-0.7219482319133556	-0.7481383358489839	-0.7735933655811323	-0.7481383353134571	-0.7735933653992908	0.4411034692219953	0.33010768604375745	-0.5056686587333568	-0.49835529342057094	-0.48135625444348723	-0.47432242353151055	-0.029044317001905313	-0.03063604170265994	-0.07996796568095922	-0.1018171622598557	0.11606941716889137	0.11612431034641586	0.28126643094587583	0.316008610651906	-0.07356597311868213	-0.09491068323310292	0.02666624847715076	0.011998515436057254	0.1982640030205334	0.2276980231156681	-0.07383075420045707	-0.0952699058826967	0.034495694396285935	0.01956915095471538	0.2055372170805412	0.23511827385755313
DKI Micro Tortuosity	-0.02604397627793589	0.039468022450087355	0.6672537790918596	0.7325443704025453	0.9880776918480074	-0.43080642805142644	-0.6378205637130792	-0.552231568795015	0.0	-0.43080642734588265	-0.02604397627793589	0.3109073821445913	0.9880776918480074	1.7055069719826657	-0.43080642805142644	0.31307208126138275	0.39254740458727966	0.8069313989319524	-0.6378205637130792	0.29204587833695866	-1.3950963281864734	2.082323876407352	1.2690247638412535	-0.17598190512189757	0.623990887060552	-0.04650233338044258	1.6251205429009539	0.009837704202879747	-0.4401745560637785	-0.5023046713589004	-0.6858919305691885	-0.5998512215622721	-0.4102108615980699	0.03262620671609183	-0.10788705213360796	-0.3745849009205615	0.16415237196190827	-0.33932316320289363	0.6795421134353689	0.7397723114323358	-0.18078696983230402	0.40836979197527423	-0.5343002856432953	-0.8493035896494935	0.555949787990182	0.1852824716517817	0.2368351442475028	-0.11954161533729732	0.2162228750863579	0.7359496698840182	0.7487512026914953	0.6983804584789233	0.641151616207628	0.1347684504400226	-0.07123921306519747	-0.5612812603635867	1.6260781943362297	1.218622510879075	-0.6850686332806687	-0.18744803236320015	-0.561976492982481	1.0830803845534172	0.8870170082779424	-0.7623286475662606	0.2709034531185037	0.44575813822864097	0.3711287612174731	0.4662631025814296	0.48032329392640966	0.36324007745557996	0.2659293985204011	0.23635220965224468	0.0755107850970173	0.04817290435185698	0.5408863523462885	0.537979340396689	0.5282679672814478	0.45303055544552123	0.5282679676096443	0.45303055582511315	-0.3873642131097167	-0.267057696620526	0.5027109983378674	0.505186986662131	0.4914914718272668	0.49409467953988245	0.020535379275989373	0.022635816500912138	-0.029766782989694512	-0.024802280203746026	0.02854592593632605	0.02068161282221387	0.05027885311563568	0.0279325590367642	-0.026659653694710145	-0.024356012741342876	-0.0172764891920596	-0.006961301370655573	0.01970117607428652	0.01777657389823272	-0.025799465666295558	-0.022927167506554783	-0.034659570529272876	-0.032278854967576265	0.0007331217667117055	-0.006427151033776595
DKI Micro Trace	1.3239854587326887	1.1515561578919973	-0.5138480541515795	-0.1136353863692944	-0.6213373023676391	4.9517187756431005	1.979780899980376	2.1477271241839997	-0.43080642734588265	0.0	1.3239854587326887	-0.1755848950714629	-0.6213373023676391	-0.39929085154119687	4.9517187756431005	-0.1966519940074601	-0.1987205782609277	-0.3061706579758993	1.979780899980376	-0.24786426762218133	0.4167040180130863	-0.44125483717575514	-0.3394203801263409	-0.45631769664785576	-0.6440012279661919	1.2797835671069344	-0.43693430702643193	0.011289053698566079	1.9908197782134949	1.7206591640924958	1.5596733909264417	1.7142143931600655	1.3870235821145456	0.14139326210446443	0.1269779291375379	1.4868676932718996	-0.3571425975308984	1.3609741487255171	-1.237550864715638	-0.5235753628485776	1.1258929188456952	0.09568362427113244	-0.18421160548760593	0.46143848102036833	-0.08588062819297888	-1.0849913317285216	0.45377976699204986	0.829220286893703	0.33333223205294993	0.0785039395560423	0.06797841341728288	-1.31363904951029	-1.3763611482934424	-1.2251114740496636	1.3160587506113965	0.31794688984350516	-0.4575276314405419	-0.46857654406563964	1.7308490325899613	1.049008445074661	0.3109260618794389	-0.49487802544499215	-0.512276677644493	1.2860928381944268	-0.6166824600493832	-0.78339474944612	-0.794343541878989	-0.8157405102136096	-0.7772126579761479	-0.7699541479123294	-0.2320919357273849	-0.19381089769138363	0.1345491740751134	0.15803257679695845	-0.7626298918175405	-0.7359163197738843	-0.7699580828753891	-0.8115507135329239	-0.7699580822928666	-0.8115507131506127	0.4503539200412009	0.3396277272441576	-0.516760639439306	-0.5089797789879639	-0.49061702156638126	-0.48308101440600637	-0.03449376740232085	-0.035143244605846884	-0.09431993674552189	-0.1172279690343955	0.11858239244551096	0.11883622058377796	0.3051342808724137	0.3403810121546086	-0.08744342368252875	-0.1099367829825469	0.021624127230104394	0.007280743523025256	0.21908150736343396	0.24989763822204877	-0.08741040906578298	-0.10983185287062495	0.02698922815329361	0.01073228403706746	0.223532947601208	0.25324225679175905
DKI AD	4.9517187756431005	2.5601792466652955	-0.2148471579433062	0.15960275214009345	-0.32397415044489314	1.3239854578258188	0.9405112239047174	1.077370110169596	-0.02604397627793589	1.3239854587326887	0.0	-0.03300098260410064	-0.32397415044489314	-0.002035387088492859	1.3239854578258188	0.01685814624501042	0.03632010722478477	-0.03308455694445849	0.9405112239047174	-0.02776332102469078	0.024961673079220772	-0.027134480809104942	0.052490207986892384	-0.6424275953543589	-0.3326866788147068	2.1015036866452306	-0.026347675281695623	0.015316777747862843	1.160484345098685	0.9958143427629218	0.8337768598278483	0.918226160772909	1.0297915234020971	0.16515213985519653	0.10827915790069031	1.0939866150620512	-0.31171628725058054	1.138729228214739	-0.7319238571986453	-0.2238111286204135	1.2505409245949448	0.18491783645236898	-0.5814701728588451	0.09995674702639273	0.04006412477951801	-1.202223965540827	0.81082050784571	0.83297717496312	0.6420468107338678	0.4973672543661358	0.48472570650551333	-0.7434350107648424	-0.8012288914013562	-1.6647991821774584	2.344562362211579	0.11183646400178456	-0.04507105743013301	-0.078192234831478	0.8703484698894383	1.2489450546587326	0.1025379254035637	-0.1028081129737099	-0.14499259500254233	0.6961414908982463	-0.4455438990985344	-0.5148440285799816	-0.5849775161853652	-0.5284574943740059	-0.48791740736893846	-0.5715743706242136	-0.09654259471005068	-0.0774092343285361	0.21394267048631235	0.2168565190489954	-0.46310056602557564	-0.44062904473330466	-0.4785500979631312	-0.5489219096226023	-0.4785500972158994	-0.5489219092280986	0.2230889063000195	0.18039204403895073	-0.26581375606836916	-0.2564291418246518	-0.24944398153318084	-0.2401005020206095	-0.039907229201287434	-0.039065052279749414	-0.13405577531935328	-0.1550921216418691	0.1473268900748998	0.13912937761225205	0.3953744684183422	0.4180118956793832	-0.12647882169745464	-0.14802013545577197	-0.010873571466760362	-0.022491720498581984	0.2591334203783101	0.289245145342803	-0.12653615371938437	-0.14791090367823997	-0.010295162688525226	-0.025942462884782042	0.2589225834604731	0.28661491212691326
DKI AK	-0.03300098260410064	0.05614671897622199	0.8872414973148346	-0.006276794744122038	0.18312021766708134	-0.17558489476793335	-0.25254761997797687	-0.14306653602043795	0.3109073821445913	-0.1755848950714629	-0.03300098260410064	0.0	0.18312021766708134	0.2548290389418667	-0.17558489476793335	0.9721767837540319	1.0386351678023849	0.27393936236848	-0.25254761997797687	0.691838381191335	-0.2787879030349129	0.30906031586219657	0.19890221264196295	-0.027668428020236117	0.18898417643953191	-0.09337355700122153	0.27997358993678484	0.0024792527486287444	-0.23267293099270414	-0.2290980647330536	-0.30935172987964926	-0.2778464112003887	-0.22623779692512935	0.044313990772614664	-0.11452353595159419	-0.23593950327377664	0.09657213844720407	-0.1593666786348207	0.47625694129797425	0.3382206094118412	-0.09585342065957958	-0.12625113020763834	0.1476756803543434	-0.11437306356728669	-0.047753991915636715	0.10444092789217171	0.42805479293479287	0.303312696852803	0.3993166174137924	0.3556850763198822	0.35709909356486186	0.40530672012248187	0.4427805618184086	0.2290405628547635	-0.08430023256842081	-0.3265695968057748	0.30457903173921247	0.30073122536459446	-0.29266206248375215	-0.3031357169682401	-0.3392464239797986	0.2001147228394834	0.20371320576311727	-0.393581540464861	0.3190166715434935	0.3453290831411643	0.2932652562316088	0.3595631579312242	0.38255844550712365	0.35698088584078275	0.28158367352896085	0.25511035941704635	0.09141043479290945	0.06688449563271241	0.384147760429885	0.3879701603186446	0.3813726449913759	0.3652395815628733	0.38137264532420934	0.36523958146333707	-0.23874537358935607	-0.1259590337538394	0.41237130204182926	0.4187125302504926	0.4066445611280055	0.4127914498133662	0.028525488997636073	0.028211073372729756	-0.0068019717012385295	-0.002213356722432781	0.024925458012253512	0.0221979896574165	0.029767204389288277	0.020478240385107566	-0.008396462720161419	-0.006331246258702037	-0.020386788804293076	-0.010956407574657882	-0.010080608958848264	-0.00930894312528525	-0.008577719396053845	-0.006465854642516165	-0.027665419910377055	-0.020651465412559737	-0.015458347002906301	-0.015002729291772937
DKI KFA	-0.32397415044489314	-0.2805719563547713	0.47065723488548	0.7753800287544336	4.9517187756431005	-0.6213373030311466	-0.7361704300903864	-0.765144235297996	0.9880776918480074	-0.6213373023676391	-0.32397415044489314	0.18312021766708134	0.0	0.745649324326262	-0.6213373030311466	0.0018788830887259298	0.07421617087721158	0.650244533452358	-0.7361704300903864	-0.033883565501041546	-0.8222170552429154	0.9008555017164064	0.6341750906986129	0.000797461571208282	0.48512421869984546	-0.3261172080004761	0.8378534344575204	0.0038904672135777513	-0.5939905988812509	-0.6041560724641932	-0.7548681661939565	-0.6823072483525989	-0.5589950653107797	-0.056304594567104564	-0.08705052080465743	-0.5135390497705908	0.18307280292578543	-0.530786513902976	0.6116462912031224	0.4336878041610433	-0.40697940763832463	0.5692683048647017	-0.11056901738179827	-0.4978212034389177	0.7555216991404528	0.40631417716249696	-0.19864883008178846	-0.3975776799585214	-0.2407282279219434	0.20323819203085994	0.21018210739112708	0.657334377091075	0.6348896108818233	0.3942575665429397	-0.37766473612020196	-0.4583733711356183	0.7967265227969016	0.6606512943075051	-0.7645033089266849	-0.4077827419377249	-0.4498326468867525	0.5898989742257714	0.5179931624832913	-0.7030581925373455	0.18964224935153828	0.39587834693390983	0.38701398591219593	0.4087234388713289	0.3991368606412053	0.3302541042274478	0.16186043717212154	0.14711811450078482	-0.022462411030558065	-0.03337677501091971	0.44215152866826074	0.4295291995431968	0.43745021559837843	0.4000513072132696	0.43745021596913697	0.4000513072812588	-0.2516380122822377	-0.18037314966574394	0.3510345982639527	0.3456872863622213	0.3454926456628965	0.3403583068327444	0.023499731628843706	0.026367739261465364	0.00151495343255358	0.008739705728690877	-0.029439180545182648	-0.027414658350579588	-0.06471377378204309	-0.08136320250274419	0.0037515670674741325	0.009178394608940859	-0.0031884933306825037	0.009266946423868614	-0.03429503055840065	-0.040975566903499884	0.005670367207765684	0.0120683736644851	-0.022280146239348816	-0.018246069390254985	-0.0553294793684278	-0.06814721418695723
DKI Linearity	-0.002035387088492859	0.05380354879279532	0.6231639692921652	0.5955230876838848	0.745649324326262	-0.39929085210587	-0.6060001360389404	-0.5150049586306434	1.7055069719826657	-0.39929085154119687	-0.002035387088492859	0.2548290389418667	0.745649324326262	0.0	-0.39929085210587	0.34235451103834036	0.40562604081093984	0.49704733398871886	-0.6060001360389404	0.35913147797734185	-1.038863492570259	1.4555967816669606	1.149152776793578	-0.15016561371502016	0.6168295870018808	-0.022794129699490986	1.2953763806772711	0.004422190110832996	-0.4129705065900625	-0.51602463789255	-0.6209414472285777	-0.5739347319325002	-0.3788056609736506	0.02582820113784843	-0.10549023783734603	-0.37036550680414826	0.1375503623837242	-0.31225753015666297	0.6379168519868915	0.6944530944391135	-0.16645872298689304	0.26217695782181133	-0.5899744555677491	-0.9207755523576019	0.38710985067670267	0.1661003602091573	0.2505106236903866	-0.14113040158875031	0.25336951446446826	0.7134990119898607	0.7227379292799209	0.6680607525679382	0.5985191756982061	0.07850039780718758	-0.03831407760192342	-0.5099921925150473	1.3124466476135446	1.0941253621439633	-0.6471759541935108	-0.1364507653341712	-0.5119368340299842	1.0410833914291528	0.8812467130226651	-0.7381194415941146	0.2780093103604805	0.42426835961308373	0.34219674864279187	0.44409300933366436	0.4659874056995962	0.3498223221283749	0.2498102816919718	0.2193608221738992	0.06638836739749847	0.0384240664233365	0.5158260546632952	0.5173178861056739	0.5024304512770246	0.4352835504567871	0.502430451472786	0.43528355069976343	-0.3797201626328919	-0.25342558297193357	0.47523171504478573	0.47995033114662694	0.46215993771571834	0.4669256012826806	0.01591326372516505	0.01730854131269441	-0.024981164283912484	-0.018511234885669598	0.01797770654967639	0.008664560604084688	0.034537722911216026	0.010538003983676948	-0.024343143332127917	-0.02016514534111095	-0.023776799392861984	-0.015571995322008134	0.010302565811935551	0.004999347669238401	-0.024082309393652128	-0.019608978002418394	-0.03779748328693755	-0.03581479201139662	-0.0045626432358228785	-0.013984360992988023
DKI MD	1.3239854578258188	1.151556157383583	-0.5138480541596808	-0.11363538672917471	-0.6213373030311466	4.9517187756431005	1.979780900607267	2.1477271266758757	-0.43080642805142644	4.9517187756431005	1.3239854578258188	-0.17558489476793337	-0.6213373030311466	-0.39929085210587	0.0	-0.196651993918601	-0.1987205781079365	-0.3061706580730108	1.979780900607267	-0.24786426775996595	0.41670401840849264	-0.441254837746764	-0.33942038049467166	-0.4563176968564769	-0.6440012284729805	1.279783566227538	-0.4369343075540297	0.011289053586354106	1.9908197784584387	1.720659164164583	1.5596733908372	1.7142143933877967	1.3870235812787968	0.14139326190258236	0.12697792870651967	1.486867693393233	-0.35714259816506777	1.360974148652962	-1.2375508643090096	-0.5235753624309782	1.1258929190533842	0.09568362396570138	-0.18421160519000376	0.4614384815273228	-0.08588062846903176	-1.0849913318912767	0.4537797674266338	0.8292202877763912	0.3333322323936749	0.07850393947164196	0.06797841332173604	-1.3136390499896136	-1.3763611483896072	-1.225111473306869	1.3160587497389449	0.31794688976220037	-0.4575276318838061	-0.46857654439634133	1.7308490330075295	1.0490084439807839	0.3109260617938158	-0.4948780257322863	-0.5122766778322856	1.2860928379155365	-0.6166824601826786	-0.783394749345904	-0.7943435425665009	-0.8157405101502706	-0.7772126579214508	-0.7699541483648368	-0.23209193597686126	-0.19381089823546188	0.13454917397565197	0.15803257645874202	-0.7626298917153819	-0.7359163196209595	-0.7699580826526666	-0.8115507131489803	-0.7699580820701439	-0.8115507127666717	0.4503539201180619	0.3396277271249529	-0.5167606395010965	-0.5089797790540088	-0.4906170219871079	-0.4830810148175967	-0.03449376698460592	-0.035143244362430895	-0.0943199370289137	-0.11722796885404196	0.11858239216576047	0.11883622051406727	0.30513428057387487	0.3403810114786757	-0.08744342419978783	-0.1099367830770817	0.021624126892810392	0.007280743446533766	0.21908150753501068	0.24989763818572386	-0.08741040959570794	-0.10983185296068754	0.026989227916479952	0.010732284079511108	0.22353294791605455	0.2532422568214402
DKI MK	0.01685814624501042	0.10433239113260774	1.147728471874207	-0.02320634694409265	0.0018788830887259285	-0.196651993918601	-0.31362303232543565	-0.14943944939777312	0.31307208126138275	-0.1966519940074601	0.01685814624501042	0.9721767837540319	0.0018788830887259285	0.34235451103834036	-0.196651993918601	0.0	2.0493881698020533	0.2714984881281338	-0.31362303232543565	1.734394510246093	-0.32988576866389113	0.3750597602539814	0.41859918195483575	0.011504120369827236	0.41885075540620353	-0.04296404258124549	0.39090069595145066	0.00011141630996273597	-0.28267245647979755	-0.3204773770549811	-0.38391144252792553	-0.36529443517211213	-0.26605347336104573	0.015564443346083702	-0.09218620397763676	-0.2785502668170552	0.1648677259200198	-0.1793953019415204	0.6122586804055492	0.5158649239317173	-0.09468337998452724	-0.3550759407183587	-0.11750521649404347	-0.3852364573057853	-0.2502627950788487	0.10668205543388094	0.6323225423602165	0.19679232306179906	0.792538452118725	0.6216532438421288	0.6243833723734558	0.559549943981553	0.5625815955131542	0.11047273079707565	0.0002963991002440141	-0.3145537042984572	0.41906717561409595	0.4551395879900085	-0.3569070295388433	-0.16487883094568193	-0.33065022500448604	0.4445543460909752	0.4525163462419304	-0.5236960913736769	0.4939212062747479	0.5116256630781627	0.41374562137266935	0.5352920676007867	0.5595918378365338	0.4894614890672131	0.32555960290630354	0.28193066411928625	0.07923806839891794	0.04091061826908527	0.5538433135602369	0.5565806295948981	0.5547712067912302	0.5327057638725035	0.5547712070365542	0.532705763422419	-0.4064762607957035	-0.2626929106591749	0.5350037657090642	0.5433096474940534	0.5164160167133649	0.5245716657172282	0.018467401082659318	0.01926052825327893	0.009796798734321406	0.021308959814818472	0.011629626034781928	0.001987393286294307	-0.0029436368800440514	-0.024025565828324585	0.005068882146683649	0.015297540986180273	-0.04387039859019751	-0.035219836171852814	-0.05331550904109645	-0.06257569093877817	0.0036174213542694163	0.013328963077790143	-0.04304461728798297	-0.031173164518726003	-0.05080668979307187	-0.057381825404092014
DKI MKT	0.03632010722478477	0.13007253269547778	1.1884747281193635	0.005356370179891607	0.07421617087721158	-0.1987205781079365	-0.3307971501786076	-0.16689721894620246	0.39254740458727966	-0.1987205782609277	0.03632010722478477	1.0386351678023849	0.07421617087721158	0.40562604081093984	-0.1987205781079365	2.0493881698020533	0.0	0.3446054462144704	-0.3307971501786076	1.3851674449932119	-0.4081411349411223	0.45237302820792175	0.464339976887163	-0.04825934532775405	0.36689082487665026	-0.01397323497292066	0.45612387410753813	0.0022248946983026608	-0.2646382580502093	-0.2998690160721974	-0.3962630462826835	-0.35796598922409645	-0.25710077059341274	0.03287138835237711	-0.1189086331958129	-0.25667868801465227	0.1712558787949508	-0.16431666749501786	0.6550859709059121	0.5688851513106594	-0.07206862311805269	-0.2683438517193178	-0.12633944334344283	-0.3914637782802709	-0.16618154729823142	0.08105965709556143	0.6877915297170799	0.26033223278455475	0.8069234454475892	0.677928638170955	0.682738269114131	0.5636782714378328	0.5753541551842382	0.11726515734838999	0.00569430333313908	-0.3867109914563382	0.4841936555306697	0.496833480733115	-0.377905110344272	-0.20731796214022494	-0.40350359855620965	0.47306633216880395	0.4562806664950207	-0.5639578845178171	0.4548611717434631	0.4818495886946502	0.39028549877799384	0.504701991882467	0.5307117232079287	0.46446698761298905	0.34872012673190556	0.30590915514576156	0.10867135436527778	0.07080195872492705	0.5372480841019184	0.5414788342583919	0.5392949106578262	0.5078794800185851	0.5392949109762059	0.5078794795911349	-0.3804942053699581	-0.23699263198406245	0.5550793496471683	0.5636704720834391	0.5384862114918795	0.5468768252321076	0.027717464181517732	0.027091852517337894	-0.003162517291692161	0.005623996967435754	0.031827172557189046	0.02167301211965363	0.03382340133407577	0.0135360760432227	-0.006546920363918337	0.00041554673716290687	-0.032712751493434604	-0.024677596615476766	-0.022708386968000347	-0.029233563469086513	-0.007659472021580881	-0.0010710176512576791	-0.03677382878974997	-0.02884378351129404	-0.02504309786347226	-0.030684000095329404
DKI Planarity	-0.03308455694445849	0.03961038313737884	0.5290938044165587	0.587445633093981	0.650244533452358	-0.3061706580730108	-0.41831382686760143	-0.3433936431994553	0.8069313989319524	-0.3061706579758993	-0.03308455694445849	0.27393936236848	0.650244533452358	0.49704733398871886	-0.3061706580730108	0.2714984881281338	0.3446054462144704	0.0	-0.41831382686760143	0.23666882807035117	-1.2859969584060016	1.021397179773789	0.8706694930376319	-0.20120265228369336	0.4254705402155024	-0.052150123245705775	0.9701538798542072	0.02282646963263114	-0.3174018220623632	-0.26579852364931866	-0.5307318691626909	-0.403742350905856	-0.3099279493757035	0.02846013288578182	-0.04509776861447077	-0.22879131820528853	0.17880988571464115	-0.24971077425952293	0.49259679626520575	0.5957026567746826	-0.09132684167880355	0.4806903028200658	-0.37409469114770744	-0.524889360069136	0.5925988436698293	0.09022102376380435	0.2621330964468559	0.0013948526598289866	0.23653859527150248	0.6337534005035158	0.6388015967874474	0.46762222302437384	0.4594844908461695	0.13046087983433394	-0.08135795818735549	-0.4658129837011513	0.9536060653769823	0.7949274053207539	-0.463536101022521	-0.22512307368731568	-0.4673751560039422	0.7217253283024414	0.592288773819464	-0.5383822596538512	0.21686317938385608	0.34818778611580126	0.30532803697185507	0.3636910921326867	0.35513237351335075	0.2702547148966572	0.25634546332505936	0.2309862737457552	0.111649029248549	0.08740238135855735	0.4147537112842938	0.4060075323690342	0.416669608014614	0.35138126189212165	0.4166696082886452	0.35138126192727676	-0.3022843125762485	-0.23469931418159068	0.4325796112603812	0.43091621600926666	0.42442865258014306	0.42290555149396597	0.03436233842672144	0.03343200459807997	-0.028313447047916933	-0.027407197048308213	0.07021787481722097	0.06022384975835675	0.09325702317050025	0.07561831334652853	-0.020944516308210544	-0.022695558733883674	0.013155368922192425	0.019112121547083517	0.0419409527455863	0.04377202756292819	-0.019618732723902372	-0.02080671871528523	-0.0050337028075266	-0.007716406240497757	0.021887560853765076	0.017973556521842123
DKI RD	0.9405112239047174	0.8242020977245034	-0.6742550649773801	-0.22781199778907946	-0.7361704300903864	1.979780900607267	4.9517187756431005	2.2573656762454837	-0.6378205637130792	1.979780899980376	0.9405112239047174	-0.25254761997797687	-0.7361704300903864	-0.6060001360389404	1.979780900607267	-0.31362303232543565	-0.3307971501786076	-0.41831382686760143	0.0	-0.35980231466371587	0.6092229840742193	-0.6535315193849582	-0.5304046707505432	-0.3454825861953906	-0.7718874245879443	0.9321179948056044	-0.6437201726623779	0.010475601202306187	1.7641601479988764	1.8499121656041495	2.022914721508841	2.115716294754039	1.3539005323105526	0.11517866612900597	0.14005694675011401	1.3827071008405072	-0.3585313103312855	1.2384908419067686	-1.479291872055562	-0.6304638016106582	0.9703578585291552	0.06735407217804383	-0.027060795439677557	0.6463393049980282	-0.1201881962364474	-0.9389079270912979	0.2904406688041153	0.7421918834646127	0.18548039851798787	-0.09939909627550479	-0.10947156377119972	-1.6363735490941318	-1.6369218706651374	-0.933657204827881	0.9557445534574653	0.41324651626632325	-0.6678278357421088	-0.6662590794324403	2.5231344558808857	0.8596494431341057	0.40845194036743904	-0.688082900314734	-0.6881508396325958	1.677900235552042	-0.6507136914515581	-0.8638399724913495	-0.8310406136277715	-0.9065882612391787	-0.8814587820187073	-0.8032345829208641	-0.27763031774749736	-0.2330801017199064	0.09685691342552068	0.12711173451190633	-0.8755259554017839	-0.8504483923211582	-0.873321881271245	-0.8881381856258436	-0.8733218807579725	-0.8881381853018797	0.533102157219318	0.38661321679372734	-0.6120322621845935	-0.6069536819426097	-0.5820677886974281	-0.5772729638168294	-0.02617616883596325	-0.027969399468963516	-0.06690696007805205	-0.08932738370056213	0.10646101103018739	0.10991805727550007	0.250269488400952	0.2884732015168561	-0.060352301606117716	-0.08195349996329063	0.03984607022119656	0.02483187052192203	0.18532741710213593	0.21474194577731143	-0.060347747466861765	-0.08196185160308343	0.04795163538907229	0.03251992111954608	0.19245696850430494	0.2216693859419831
DKI RK	-0.027763321024690778	0.04582274172173968	1.0378060311156878	-0.005294267374561237	-0.033883565501041546	-0.24786426775996595	-0.35980231466371587	-0.19649667867592752	0.29204587833695866	-0.24786426762218133	-0.027763321024690778	0.691838381191335	-0.033883565501041546	0.3591314779773418	-0.24786426775996595	1.734394510246093	1.3851674449932119	0.23666882807035117	-0.35980231466371587	0.0	-0.31757022556084163	0.37193653004694605	0.49239861688707653	0.07498172685287477	0.5540549269583042	-0.08043934524289478	0.4107204623752756	-0.001154755870156872	-0.33457485924384484	-0.3836041459223693	-0.4209491169155066	-0.4174970546068119	-0.3026555678366207	-0.009223316340537665	-0.054648764851510774	-0.32767214595887234	0.16382745827719877	-0.22405170555294165	0.6269043201191041	0.5293139115921129	-0.14858984984341797	-0.42447433460601386	-0.21538811670912253	-0.510340834163225	-0.31012322959483984	0.16146888360974607	0.5355830419172061	0.027306071193226377	0.741614372365821	0.6323979871305696	0.6370792890326986	0.6191338039081986	0.5906096076110203	0.11547732459897181	-0.02268164849619614	-0.25591999025222467	0.4370521906922395	0.5004139192060723	-0.393930145093851	-0.11478435999196333	-0.2699982443525346	0.548661956478041	0.5710166906781825	-0.5512600073950124	0.5423019682360198	0.562516548852461	0.4490276640805967	0.5884441299740094	0.6137166271331531	0.5228993027842243	0.2909157947433927	0.24508596479709888	0.03637149879784677	-0.0032046436704805136	0.5959026238485904	0.5984423673436416	0.5958877556181549	0.5838516143306552	0.5958877555863861	0.5838516139600735	-0.4597844298943466	-0.3082331904483048	0.5191546019977235	0.5272159073233048	0.49585939110522953	0.5038181741270372	0.007040826947640842	0.009004007444042032	0.025795089758746823	0.041401823739301284	-0.017896440555778353	-0.02758116458601878	-0.0552583736455108	-0.08055947871204074	0.018617519005731227	0.03385362764416907	-0.057705745365784156	-0.04855625828425657	-0.09194939420037607	-0.10716637466478085	0.016657294538403204	0.031167416944258366	-0.051363825889101176	-0.03546040748192817	-0.08411536528830019	-0.09465050551051217
DKI Sphericity	0.024961673079220772	-0.050908513936460675	-0.6523260765274492	-0.7017140656771467	-0.8222170552429154	0.41670401840849264	0.6092229840742193	0.5061340099156624	-1.3950963281864734	0.4167040180130863	0.024961673079220772	-0.2787879030349129	-0.8222170552429154	-1.038863492570259	0.41670401840849264	-0.32988576866389113	-0.4081411349411223	-1.2859969584060016	0.6092229840742193	-0.31757022556084163	0.0	-1.877681323890088	-1.3259471714457491	0.24480609073446205	-0.5771888531150909	0.0506435981196454	-1.594041632121936	-0.020429347700384203	0.4372039205799964	0.4546433036213308	0.7105538057436457	0.5876706037051241	0.41318113552909586	-0.02678661577811525	0.0847762813645201	0.3537264121765951	-0.19130598383889552	0.33467270924330755	-0.6379019450801305	-0.7657332762568237	0.1324897317414359	-0.4445934731796626	0.6005817724194235	0.8824282950496667	-0.5884771068187225	-0.11629184951366822	-0.29239203437234895	0.08596005593662387	-0.27147311086526255	-0.826426495298998	-0.8293370486747128	-0.6330203620154745	-0.592730406987865	-0.08796280530186132	0.07751080469099535	0.6325487168753617	-1.5733300984037675	-1.1856646154433248	0.6716064807620505	0.22633717284911575	0.6348860290632823	-1.064593903761526	-0.8568088900878962	0.7945453921119795	-0.2784757806067056	-0.43288425754015974	-0.3599283012261439	-0.45455285128570355	-0.46148670775560185	-0.3363079773046579	-0.3119987543445855	-0.2771082845238605	-0.13081056300513463	-0.0988505785570959	-0.5390452426828267	-0.5345504089327079	-0.5311123739649812	-0.4402155548499055	-0.5311123742880196	-0.44021555527604245	0.3919532694230546	0.28028518371995315	-0.5529765612045643	-0.5551891211899482	-0.5377865672729266	-0.5400988146253608	-0.03773838049575655	-0.034397816290584256	0.03786763096970949	0.03529279151602416	-0.07173043682328292	-0.05564783748297269	-0.10013768972520533	-0.0735013923831765	0.03159313551513917	0.032129823673843504	-0.004105657015297453	-0.007715415465957513	-0.047761001341252544	-0.044788905950576274	0.030438799621099542	0.030498180016134278	0.01721747837783946	0.024044223976721152	-0.025139923956649615	-0.015279143769384974
DKI Tensor FA	-0.027134480809104942	0.04576733777478286	0.72482294092498	0.7303684755262624	0.9008555017164064	-0.441254837746764	-0.6535315193849582	-0.5452786711053403	2.082323876407352	-0.44125483717575514	-0.027134480809104942	0.30906031586219657	0.9008555017164064	1.4555967816669606	-0.441254837746764	0.3750597602539814	0.45237302820792175	1.021397179773789	-0.6535315193849582	0.37193653004694605	-1.877681323890088	0.0	1.5417583397957635	-0.19249699189020236	0.6784830317331965	-0.05120560929135543	2.0084154403275716	0.014115334868563383	-0.45973550864008333	-0.5064612192463106	-0.7333645766995782	-0.6258852008982186	-0.42910348369542745	0.028112136534098043	-0.09478378489789918	-0.3851991815297124	0.18310248770681084	-0.35160927490030186	0.71615156042222	0.8156585450884518	-0.1741763764353144	0.39650318827289704	-0.609865087808497	-0.9624391180002593	0.5456959699888959	0.17340090320371504	0.29034122354753655	-0.11361801393211707	0.28319922550229537	0.8578172072191781	0.8679269954040231	0.7310732428800013	0.6704284510237769	0.12282596228849871	-0.07365818071891193	-0.5932513790722684	2.0147261868767345	1.3846870851003041	-0.7117071990134524	-0.20142151203840494	-0.5954685587721138	1.2462189814863465	0.9917746721384411	-0.8262446769170235	0.3080536207749266	0.4819242425407335	0.3981140121360593	0.5053145952357694	0.5172839497139659	0.38680459282851615	0.29791126220127984	0.2632216458738681	0.0945203969851389	0.0630800086089782	0.5875667752017815	0.5833886875586436	0.5758310754897988	0.4899777878892598	0.5758310757264359	0.4899777883168021	-0.425492801695119	-0.2986572345804327	0.557773176303716	0.5604556538097965	0.542881255829522	0.5456757764701718	0.027692523715973912	0.028192023560110583	-0.027486933485525993	-0.021983589944777577	0.043279363204594454	0.031963791696880704	0.060404340364329914	0.03470195579372165	-0.023715623477609783	-0.02104887094651655	-0.01126855287250432	-0.002490710887391326	0.020096296198238113	0.01666463497237841	-0.022933144815668667	-0.019808893933965867	-0.029304965397964115	-0.028614055996876813	0.0005706812278238849	-0.00828572686548214
DSIStudio GQI GFA	0.052490207986892384	0.1222167549156815	0.7190101066659207	0.7839997186555315	0.6341750906986129	-0.33942038049467166	-0.5304046707505432	-0.410705483568217	1.2690247638412535	-0.3394203801263409	0.052490207986892384	0.19890221264196295	0.6341750906986129	1.149152776793578	-0.33942038049467166	0.41859918195483575	0.464339976887163	0.8706694930376319	-0.5304046707505432	0.4923986168870764	-1.3259471714457491	1.5417583397957635	0.0	-0.2039089943213847	0.7979502852124226	0.03133418655841998	1.6443703026188607	0.008550601225439833	-0.36710253828401956	-0.41572006029779995	-0.6104752180890207	-0.5214389851039236	-0.3272316018227441	-0.000940087776457461	-0.048484751096167206	-0.30594771785302693	0.15920991035220988	-0.2679825298477066	0.6264685656968371	0.7901448951519349	-0.10281285526708607	0.3035293610087106	-0.8385780111224441	-1.1742386015216522	0.4212536194972026	0.10748757779826695	0.3785727562847532	-0.12907277902755096	0.41989322931916395	1.0694628653158509	1.0807495485741878	0.6636302349895961	0.5850543312258912	0.023335882537012888	0.02233082925245156	-0.49757364282376265	1.5676801801593712	1.292040682324561	-0.5845765225565059	-0.06613718642453037	-0.501676987941001	1.684664059296708	1.2536233461487942	-0.7213865127533148	0.31077658375888767	0.4704627063148304	0.36635737968106596	0.4941641451436521	0.5103241413138573	0.36019131553006684	0.26547224245863443	0.22900606918282915	0.08511233668891885	0.050860669027330274	0.5706103956409134	0.5700053792589352	0.5560893746224885	0.4760788393801782	0.5560893748830306	0.4760788396238624	-0.4601947192407065	-0.33068454143416914	0.5183806950919609	0.5230683679932622	0.5009638362926643	0.5057988245594387	0.019835473220953505	0.021509054480422153	-0.024250579722116066	-0.016811830351213603	0.03477017600769145	0.023210264114588895	0.05406498585973121	0.027493710984455237	-0.02209944253385378	-0.016923745263495955	-0.024411702057026214	-0.015503845416633796	0.009209525292276085	0.004349804484287433	-0.02191894644375853	-0.016553234670249717	-0.03641504804169924	-0.03218625899695383	-0.004359223441474205	-0.012545074800720268
DSIStudio GQI ISO	-0.6424275953543589	-0.6895616630825138	0.02745511928007567	-0.30179838821023486	0.0007974615712082827	-0.4563176968564769	-0.3454825861953906	-0.399896638548169	-0.17598190512189757	-0.45631769664785576	-0.6424275953543589	-0.027668428020236117	0.0007974615712082827	-0.15016561371502016	-0.4563176968564769	0.011504120369827236	-0.04825934532775405	-0.20120265228369336	-0.3454825861953906	0.07498172685287477	0.24480609073446205	-0.19249699189020236	-0.2039089943213847	0.0	0.5186073920121036	-0.6359364803118939	-0.1856275126403066	-0.0419887931967452	-0.44957017297731094	-0.42535941922566334	-0.29755217347234075	-0.3621173010113556	-0.4205749803198332	-0.11548476149923417	-0.03845129488352326	-0.4541505585757389	0.20929716103245888	-0.46635401926889775	0.26494360306007464	-0.06131307263490468	-0.5903566141997444	-0.4415610539953346	0.4647060762855845	-0.008051563006362387	-0.3573759942596606	0.607724281604781	-0.5400285777029494	-0.5313380860671635	-0.38953533733232387	-0.47244325820476885	-0.46461440536609505	0.32122133833605876	0.3193093953522442	0.5584734471437011	-0.5823436147723683	0.7074575885443845	-0.16217595462678244	-0.10225122053467102	-0.3014875869881832	-0.3554728184110472	0.7119815813369975	-0.06736389521736869	-0.010681969639836888	-0.1985248518471411	0.34699442959093013	0.3793268531660184	0.5502832698598006	0.3770588548278957	0.19117778007293165	0.2696237135042611	-0.04259560895692972	-0.04805443627831413	-0.20890499394482512	-0.20711408222485808	0.20257354581600842	0.13340716979077993	0.25787562719030227	0.3164856174300166	0.2578756262967144	0.3164856170007433	-0.01461230138532898	-0.23960992144451643	0.021957745462995566	-0.012706293200536001	0.012942598774139476	-0.021177589775403904	-0.05248227317967112	-0.04345655133317865	0.11695631355249884	0.12617408713083492	-0.13510349320917592	-0.124114633312389	-0.3206474983005587	-0.3139638384191862	0.11438505977742225	0.1273696352077625	-0.011353851773363614	-0.004837472421852902	-0.23170117669582138	-0.24182570826349692	0.11341379692721221	0.12558139974786608	0.005385005613401749	0.025296800678524953	-0.21435307199104198	-0.2161796665161604
DSIStudio GQI QA	-0.3326866788147068	-0.2934239697566643	0.6461488768766611	0.3598152781758588	0.48512421869984546	-0.6440012284729805	-0.7718874245879443	-0.6764509170106576	0.623990887060552	-0.6440012279661919	-0.3326866788147068	0.18898417643953191	0.48512421869984546	0.6168295870018808	-0.6440012284729805	0.41885075540620353	0.36689082487665026	0.42547054021550235	-0.7718874245879443	0.5540549269583042	-0.5771888531150909	0.6784830317331965	0.7979502852124226	0.5186073920121036	0.0	-0.3730311583699624	0.7240399910966994	-0.02546517500109746	-0.7205948778282789	-0.7712360773970969	-0.8258546219155748	-0.8268205792058173	-0.6277123002106908	-0.09494709520356782	-0.017149838755295625	-0.6584893129856246	0.22423928170405427	-0.6001720987303815	0.716859676014908	0.44790167027216016	-0.49678715947419133	-0.13255467969763443	-0.30610009000020927	-0.9370445108688606	-0.0023174615208741913	0.5127370055338758	-0.047705081970977774	-0.550479297099413	0.0869245428904152	0.3701102475524633	0.37527830780623456	0.9073580852703909	0.7964702748707079	0.3284335304191062	-0.31970370395805203	0.05674880597542695	0.7271090441064989	0.7707134661869195	-0.7772541246649759	-0.18773406909492127	0.05475027744844232	0.9321693606677616	0.9591307715495219	-0.7437560298573359	0.5839940534322265	0.7933272890737006	0.7541079858563797	0.8246917721888739	0.6949384505055272	0.5689668379551344	0.16629132007306657	0.127615374133961	-0.10395251151100193	-0.13685177236003204	0.732947879538052	0.6733401471180619	0.7429684355709051	0.7276705426639506	0.742968435477161	0.7276705429859791	-0.497610028051576	-0.5017392542379596	0.4424023829645155	0.42441246419908474	0.4168624405257092	0.3997899944744416	-0.029508527754904517	-0.018314132214239113	0.06442686463434592	0.08322981211762544	-0.09579998746433133	-0.09956063401236814	-0.2079084306375852	-0.23383094206815386	0.06186512571352879	0.08199603715425025	-0.06944912761658997	-0.05628159748314698	-0.19344410430881917	-0.2124500360644679	0.060876905761032316	0.08049570192213498	-0.060482906472004216	-0.036576338274579005	-0.18503948004754078	-0.19802912685446272
DSIStudio Tensor AD	2.1015036866452306	1.8651718893781835	-0.26397865411784305	0.14018407548991418	-0.3261172080004761	1.279783566227538	0.9321179948056044	1.0418315435550145	-0.04650233338044258	1.2797835671069344	2.1015036866452306	-0.09337355700122153	-0.3261172080004761	-0.022794129699490986	1.279783566227538	-0.04296404258124549	-0.01397323497292066	-0.052150123245705775	0.9321179948056044	-0.08043934524289478	0.0506435981196454	-0.05120560929135543	0.03133418655841998	-0.6359364803118939	-0.3730311583699624	0.0	-0.04802622318105361	0.010054608857024158	1.313520187129713	1.0918463736379171	0.8946206141207195	1.0010682275009672	1.0929392246704561	0.182591079835064	0.10262445408223388	1.2269208058454135	-0.338613641130886	1.2249811963272168	-0.7461287622147189	-0.24872546940841583	1.1850270854199072	0.20084413622889594	-0.5446102831144557	0.12102093071772826	0.05144252427923182	-1.1457643024470665	0.7468232447121529	0.8005286674518447	0.5815944485954813	0.4481233730501572	0.43833913679644193	-0.7702123031808582	-0.8312646918443245	-1.556738909817844	2.009972850049559	0.12248363668041709	-0.0642181309504186	-0.09748237579609631	0.8724607342631088	1.2242976559398608	0.11426365764072564	-0.11977985588556854	-0.16593399105181242	0.7110582900094442	-0.4916331254816277	-0.5618970879991237	-0.6253103247429771	-0.5776685360457828	-0.5308870602108683	-0.6054018058467165	-0.12194336385460212	-0.09878479525749327	0.1959001793108514	0.20365752613135835	-0.511396216728464	-0.48621465307192174	-0.5269278669131959	-0.594441721974054	-0.5269278661079451	-0.5944417212912301	0.2589779210775414	0.21483842093363498	-0.30500301077354824	-0.2949537422378095	-0.2866549794769719	-0.27667205102810366	-0.04209618981646722	-0.041318863469939106	-0.13231642382658504	-0.15331327316041193	0.13876962473686272	0.13299057291017571	0.38227333899346394	0.4061757823351264	-0.1254017091432456	-0.14681748636600964	-0.005769289892442671	-0.017209595889472917	0.2615823067727521	0.2908919602937024	-0.12535788653539134	-0.14654839440716347	-0.006183289485307005	-0.02227678612153822	0.26018111765754925	0.28656555212332274
DSIStudio Tensor FA	-0.026347675281695623	0.04498735638265305	0.7358021652619198	0.7381882983916335	0.8378534344575204	-0.4369343075540297	-0.6437201726623779	-0.5315808196703349	1.6251205429009539	-0.43693430702643193	-0.026347675281695623	0.27997358993678484	0.8378534344575204	1.2953763806772711	-0.4369343075540297	0.3909006959514507	0.45612387410753813	0.9701538798542072	-0.6437201726623779	0.41072046237527554	-1.594041632121936	2.0084154403275716	1.6443703026188607	-0.1856275126403066	0.7240399910966994	-0.04802622318105361	0.0	0.011944827629566569	-0.46960627276439976	-0.516789880615944	-0.7530573634279808	-0.6410484987297055	-0.43321714203480344	0.01944894251484068	-0.059228141379412166	-0.38623950916807337	0.1300976931688496	-0.3645769579237937	0.7121930083101261	0.796143418665268	-0.1706006144942244	0.3752686023362388	-0.6322709478061685	-1.005906432335386	0.5201138698521818	0.17180786018490943	0.29183413816660475	-0.1364025592349273	0.3015030580048966	0.8869031923119902	0.8959030672490794	0.741197979338856	0.6740356851413266	0.11434353984423522	-0.06487927801843794	-0.5721399006573048	2.005600173594623	1.414477693725952	-0.7072789109309998	-0.1817535285423707	-0.5744971996379578	1.3346612868854455	1.0602038009942267	-0.8209717556308054	0.3215903598305089	0.49035923234937445	0.4000969239754323	0.514932375970801	0.5312462790462833	0.39696294446574226	0.2913199114196742	0.2556814095151656	0.08762187769381777	0.0550263147772692	0.598522710770837	0.5971919549982364	0.5858563426613453	0.5051261024321715	0.5858563428276503	0.5051261028738223	-0.43859028294586394	-0.3037993947318765	0.5528460456849191	0.5572136907898528	0.5371893855348526	0.5416843386728127	0.026993313094658387	0.028138494119148212	-0.02325095126160186	-0.01696487206712826	0.03497746665887901	0.02397278436994749	0.04650967550272191	0.02052913282002708	-0.020496266840517568	-0.016837624499932147	-0.016160275926418426	-0.006680922426873566	0.009310926449705301	0.005235529512003953	-0.019892611285060157	-0.015874132821656818	-0.03249096411883268	-0.0299056175226027	-0.008298294630371256	-0.016925469605967785
DSIStudio Tensor HA	0.015316777747862843	0.01681542005991514	0.00024923824839271567	0.0057123207147612215	0.0038904672135777513	0.011289053586354106	0.010475601202306187	0.01143342598936886	0.009837704202879747	0.011289053698566079	0.015316777747862843	0.0024792527486287453	0.0038904672135777513	0.004422190110832996	0.011289053586354106	0.0001114163099627366	0.0022248946983026608	0.02282646963263114	0.010475601202306187	-0.001154755870156872	-0.020429347700384203	0.014115334868563383	0.008550601225439833	-0.0419887931967452	-0.02546517500109746	0.010054608857024158	0.011944827629566569	0.0	0.007619820667592036	0.009724055185565218	0.005874016621366883	0.008018076965763688	0.01126705192163305	-0.018514000319778377	-0.013788691124840224	0.0029258075361358773	-0.0025391294014584145	0.012938479283185424	-0.006841223419272079	0.009021668623853767	0.01709580965288996	0.016557914577669613	-0.011571214925987304	0.003366393893559598	0.016819179426738023	-0.018101042324744306	0.01870705342299163	0.01823289875980182	0.015323630033546275	0.018438580052376502	0.017711471928899745	-0.0103110772782949	-0.008406664894729259	-0.013581049484153208	0.010898395523160092	-0.04311949233344073	0.014521139341673123	0.014986229438354325	0.006828342591678066	0.004287121068285196	-0.043062837446859	0.00813951689441682	0.008226561361653027	0.0028849530474505114	-0.005314285363522939	-0.024531665936157205	-0.026475580983466786	-0.02355304909162532	-0.017690593349944068	-0.004268208910112984	0.004112574131497696	0.002804867606949564	0.009722553085530564	0.00844586982991759	-0.009827481181793864	-0.006041952407694696	-0.020554576193658556	-0.03219325115051726	-0.020554575877344702	-0.032193250522721636	0.01664334164529179	0.02619298378715172	0.00027129126821591747	0.0023284317407547355	-0.0008290089753536871	0.001399101999184001	-0.002260370228431175	-0.0034233722039153295	-0.02689995937054582	-0.02925400475283237	-0.005622542159059791	-0.008508704776771818	0.031389164904514544	0.03226162634841126	-0.023638829509030842	-0.026612754618416945	-0.01139769153617987	-0.015823716237602477	0.03187917845878764	0.034034386668042246	-0.02345397744835628	-0.026577809253383447	-0.011278735430933875	-0.015817387964730818	0.0318396830694746	0.03404035221253555
DSIStudio Tensor MD	1.160484345098685	1.0194266280704156	-0.589080629933405	-0.13311550559024277	-0.5939905988812509	1.9908197784584387	1.7641601479988764	1.7144817737359193	-0.4401745560637785	1.9908197782134949	1.160484345098685	-0.23267293099270414	-0.5939905988812509	-0.4129705065900625	1.9908197784584387	-0.28267245647979755	-0.2646382580502093	-0.3174018220623632	1.7641601479988764	-0.3345748592438449	0.4372039205799964	-0.45973550864008333	-0.36710253828401956	-0.44957017297731094	-0.7205948778282789	1.313520187129713	-0.46960627276439976	0.007619820667592036	0.0	2.226240628598252	1.7891158007553614	2.203622124692963	1.507592627086887	0.1573533765268805	0.1156585404318629	1.7139848886886278	-0.37339103921935357	1.4698352773315515	-1.239258819653763	-0.5402408396505626	1.0589322549700866	0.1348158014154956	-0.1453627519617107	0.5004759701418328	-0.05009860679373093	-1.0251619184159226	0.3978386277966784	0.8049784061955457	0.2683746689094355	0.03143228253543405	0.023245725181876297	-1.3729750998191173	-1.425324467103212	-1.0793651942979914	1.1648728406267694	0.32362268921024095	-0.48001963190140223	-0.4969124678123558	1.6505183528180916	0.9481654004676436	0.3183347063543646	-0.521346707762651	-0.5485508050719342	1.294957374620906	-0.6801601319386681	-0.8562954937329488	-0.8476138803565924	-0.8951722909280269	-0.85010039525445	-0.8146347558452942	-0.2548859756224667	-0.21171091689516003	0.12024740239269237	0.14899064155172384	-0.8389286443569223	-0.808535785232878	-0.8436577425240995	-0.8820609032161371	-0.843657741756277	-0.8820609025607049	0.5034818935518833	0.3835797887649765	-0.5631236494146769	-0.5554095216682592	-0.5335194203745067	-0.5261008567804175	-0.0313595721129842	-0.03290054589078576	-0.09016753922336743	-0.11315995024349747	0.1159440175469461	0.11887788764722003	0.29489633108082075	0.3316625255121842	-0.08363069078056187	-0.10624088272057004	0.03344641816211393	0.019266344727587034	0.22253386202300465	0.2527825789357612	-0.08345521549311237	-0.10591950053472143	0.03713488640903633	0.01989659473524625	0.22511871444008139	0.2534304948892282
DSIStudio Tensor RD1	0.9958143427629218	0.8932264071201275	-0.6258262568289271	-0.1558433027298027	-0.6041560724641932	1.720659164164583	1.8499121656041495	1.7210876230620458	-0.5023046713589004	1.7206591640924958	0.9958143427629218	-0.2290980647330536	-0.6041560724641932	-0.51602463789255	1.720659164164583	-0.3204773770549811	-0.2998690160721974	-0.26579852364931866	1.8499121656041495	-0.3836041459223693	0.4546433036213308	-0.5064612192463106	-0.41572006029779995	-0.42535941922566334	-0.7712360773970969	1.0918463736379171	-0.516789880615944	0.009724055185565218	2.226240628598252	0.0	1.750054195427339	2.3834027337925443	1.4430317954213234	0.15374533379381514	0.11720560064658118	1.6382737547478925	-0.3545356174001443	1.3544658567886039	-1.263790677916791	-0.5548896016021856	1.0133835311369994	0.17697163494937554	-0.07795352563106633	0.5768974491430587	-0.010046580324609942	-0.9833288690014609	0.3509080225016898	0.8226191208796724	0.21889862572579555	-0.015274053503071412	-0.023329586672492197	-1.459180291194283	-1.4529428383388703	-0.9196681233995432	0.9863783373953298	0.33832161075809447	-0.5286540306923735	-0.5497535002070623	1.7296366563364785	0.8036810065529759	0.33385839046710547	-0.5749055584014798	-0.6047826902054764	1.3652578568858122	-0.6861695361902707	-0.8719751519026022	-0.843444773775922	-0.9128570904522534	-0.8777858300924687	-0.8163683692966061	-0.2573112439510884	-0.21285632526753867	0.11786295547713423	0.14817153949461653	-0.8624694916660117	-0.8341710365665368	-0.8602715027144591	-0.8909907090267573	-0.8602715020060827	-0.8909907085966424	0.5264062953906321	0.3931527732626162	-0.5765590409779854	-0.5705156336976109	-0.5459703016121971	-0.5402272723854414	-0.022730461861445943	-0.025124576893584324	-0.08278279227432041	-0.10610553261396787	0.11973333698154406	0.12327489370520735	0.2868703305885884	0.32469950212035226	-0.07531065303631215	-0.09830428031585378	0.04353136698356944	0.029323679292491637	0.21604851717987417	0.24690068913489885	-0.07498851104391198	-0.097822806629447	0.046880071341142665	0.029529443010622738	0.21817114438264393	0.24702318411690527
DSIStudio Tensor RD2	0.8337768598278483	0.7236214948058727	-0.770995094837561	-0.277338584620396	-0.7548681661939565	1.5596733908372	2.022914721508841	1.6464185190554117	-0.6858919305691885	1.5596733909264417	0.8337768598278483	-0.30935172987964926	-0.7548681661939565	-0.6209414472285777	1.5596733908372	-0.38391144252792553	-0.3962630462826835	-0.5307318691626909	2.022914721508841	-0.4209491169155067	0.7105538057436457	-0.7333645766995782	-0.6104752180890207	-0.29755217347234075	-0.8258546219155748	0.8946206141207195	-0.7530573634279808	0.005874016621366883	1.7891158007553614	1.750054195427339	0.0	2.442378461222238	1.3970589672015314	0.11434073966997386	0.13134835220883104	1.3637075565230241	-0.3639582764732245	1.2578684954914883	-1.4727067306105126	-0.6667826373973204	0.8821386456927574	0.03027099983516359	0.018360189670076296	0.70014201833777	-0.15752017989660552	-0.8549480930703462	0.22771314092665823	0.6690435301638294	0.12702168266933145	-0.17501349601460336	-0.18324524856730084	-1.6668285414876252	-1.6422184100172503	-0.8406589419652661	0.863756940416319	0.4519294244805552	-0.7562222438488599	-0.7449843397316497	2.0840140221071803	0.8228380209802058	0.4485081151670143	-0.756825651445574	-0.7482134284333255	1.7286254312555882	-0.6665326741487017	-0.8968729348284118	-0.8465217876884747	-0.9451124750368698	-0.9161697744236159	-0.8059616884403727	-0.30245980951284007	-0.255127048652038	0.07236075400973062	0.10555183820059029	-0.9311772156351938	-0.9031819181016166	-0.9286674249584742	-0.9250106961990885	-0.9286674244044175	-0.9250106958971436	0.5623991655335394	0.4103314802554861	-0.6601059569407732	-0.6550144347373755	-0.6280198275407199	-0.6232599791391815	-0.03162254368392802	-0.03316719914444267	-0.06068755602708166	-0.08188315175549896	0.0910373934796133	0.0963551768258154	0.22409959795764692	0.2622160616327004	-0.05556694826378106	-0.07564828449002568	0.03861966366089478	0.02353594277912398	0.17386437078333947	0.20070591289246276	-0.055687563016994825	-0.07580632828314347	0.04824662592989898	0.03353508812625866	0.18273956177451844	0.20991236568307398
DSIStudio Tensor RD	0.918226160772909	0.8065767338488605	-0.7138021745648504	-0.2230142510342848	-0.6823072483525989	1.7142143933877967	2.115716294754039	1.7592875394649958	-0.5998512215622721	1.7142143931600655	0.918226160772909	-0.2778464112003887	-0.6823072483525989	-0.5739347319325002	1.7142143933877967	-0.36529443517211213	-0.35796598922409645	-0.403742350905856	2.115716294754039	-0.4174970546068119	0.5876706037051241	-0.6258852008982186	-0.5214389851039236	-0.3621173010113556	-0.8268205792058173	1.0010682275009672	-0.6410484987297055	0.008018076965763688	2.203622124692963	2.3834027337925443	2.442378461222238	0.0	1.481248709980437	0.13598369625919696	0.1234898910307169	1.548289612371069	-0.364059707661378	1.3497803841559723	-1.4044880094081482	-0.619919848501971	0.9561597356680207	0.10520500932744024	-0.02245518276801505	0.6521659612760162	-0.08309215724482127	-0.9270473617975703	0.28358908977993047	0.7501230600465214	0.16560192737725477	-0.10449574130179097	-0.11256553488747524	-1.6383185135266125	-1.6202355354544182	-0.8851484141390012	0.9289471332141656	0.3975083536149381	-0.6497666390753285	-0.6581918640119344	2.034593586779985	0.8135891987226936	0.3937322994655691	-0.6783903940480561	-0.6930935401480629	1.5788021604029245	-0.6949194224708861	-0.9127896456899489	-0.8680227369824282	-0.9603026976407393	-0.9268801968137257	-0.8313668929672718	-0.28510164679870237	-0.2379243013379624	0.09488005653888873	0.12773823789041247	-0.9243635185459028	-0.89501714264026	-0.920889728968472	-0.9356953783311485	-0.9208897283376426	-0.9356953779107058	0.5625020928312425	0.4145583418165704	-0.6322069563476128	-0.6266508520990606	-0.5997258923078377	-0.5945024140084881	-0.02639271975060397	-0.0285562871247035	-0.07130521673861333	-0.09394897795591638	0.10688510276858113	0.11167216555338973	0.2564689764614697	0.2952458780281559	-0.06497315442479532	-0.08690451829830588	0.044141607608631374	0.029252583123966853	0.19727073584106508	0.22650167463831106	-0.06485758688349684	-0.08671977412698381	0.05042261764534112	0.03390771139388096	0.20254287831452428	0.23079043923088194
DSIStudio Tensor TXX	1.0297915234020971	0.929963121466957	-0.555909206752689	-0.10008551277672671	-0.5589950653107797	1.3870235812787968	1.3539005323105526	1.332496973656668	-0.4102108615980699	1.3870235821145456	1.0297915234020971	-0.22623779692512935	-0.5589950653107797	-0.3788056609736506	1.3870235812787968	-0.26605347336104573	-0.25710077059341274	-0.3099279493757035	1.3539005323105526	-0.3026555678366207	0.41318113552909586	-0.42910348369542745	-0.3272316018227441	-0.4205749803198332	-0.6277123002106908	1.0929392246704561	-0.43321714203480344	0.01126705192163305	1.507592627086887	1.4430317954213234	1.3970589672015314	1.481248709980437	0.0	0.13072480319461496	0.15902014199433911	1.120491213119768	-0.35060648323458543	0.973378990944989	-1.0870939179129315	-0.4832276684305883	0.9715608379126626	0.12348406515363765	-0.16641197527351206	0.46544640147760674	-0.04823351721334661	-0.9409612082260916	0.3944736263444058	0.7070519858203153	0.28111747049985014	0.055687314840650655	0.04713310628899204	-1.1714363576180749	-1.1927983822260453	-0.9699274736176785	1.024511587303124	0.3117286356873854	-0.4521206689777888	-0.4683165300490531	1.3180971529125303	0.9012557883767021	0.3070585553979173	-0.4585532352514523	-0.4744316522610013	1.1265360702130973	-0.6006548219033473	-0.7614228249105821	-0.7314119304181771	-0.7906904985609742	-0.7605795193456405	-0.7062629508723567	-0.20529439346000597	-0.16944865787376132	0.14704387740948607	0.16755293894417103	-0.7455791757117688	-0.7197396892523242	-0.7431543803776606	-0.7654906249175167	-0.7431543795253781	-0.7654906247384617	0.44962140519334687	0.33834516793863545	-0.49406797890473314	-0.4878300497174391	-0.46890815320941637	-0.4629346665319062	0.005414283836371896	0.003588635705141939	-0.05557111201132686	-0.07370423261824402	0.15527760344949745	0.15593363362081097	0.2813071863158315	0.3100793496320578	-0.04958919104797248	-0.0671061594382684	0.05928091310937224	0.04799189986085917	0.18252421158992335	0.20703362347182597	-0.04947448865484775	-0.06689211607466494	0.06475006504690055	0.05180860894015488	0.18656977479936337	0.20968230839979557
DSIStudio Tensor TXY	0.16515213985519653	0.16414697324079566	-0.06573937837763813	-0.07198844075498018	-0.056304594567104564	0.14139326190258236	0.11517866612900597	0.12070824846748689	0.03262620671609183	0.14139326210446443	0.16515213985519653	0.044313990772614664	-0.056304594567104564	0.02582820113784843	0.14139326190258236	0.0155644433460837	0.03287138835237711	0.02846013288578182	0.11517866612900597	-0.009223316340537665	-0.02678661577811525	0.028112136534098043	-0.000940087776457461	-0.11548476149923417	-0.09494709520356782	0.182591079835064	0.01944894251484068	-0.018514000319778377	0.1573533765268805	0.15374533379381514	0.11434073966997386	0.13598369625919696	0.13072480319461496	0.0	-0.1331525215437143	0.15914603644509676	0.005973970396256288	0.15563749907160107	-0.08179719341309145	0.011836105483877497	0.14459964545670317	-0.005390599011946212	-0.08382345774535205	0.02695846314483742	-0.03002302445041187	-0.14287966652171585	0.12426753961862991	0.19602498687785427	0.07882670079888794	0.07666844789870658	0.07651476368967203	-0.10172359799230284	-0.10726422107937682	-0.14387537688370164	0.18675113686128283	0.007275543945740293	0.07213056146381512	0.09491127811466553	0.10910490936500522	0.12188782796571535	0.005139294148925444	0.0009606091464786383	-0.004880098535786309	0.08828163686875508	-0.09477281167219002	-0.11167774867861029	-0.12498924987315996	-0.11283851901694002	-0.09712127000160625	-0.099899198259099	-0.01916428665085213	-0.012986618226189718	0.028967357947939847	0.03334283142755468	-0.09828512271582093	-0.09430856089761676	-0.1033726729292773	-0.12046489558929378	-0.10337267302144683	-0.12046489530983945	0.05712615955135908	0.06347626613079024	-0.05393817044652406	-0.051981312533637435	-0.05001187879943943	-0.04814898671407124	0.0012045273305639407	0.0004761474478616565	-0.00019332639398638972	-0.001818888643022296	0.04147655153098411	0.04328105521483148	0.04983477595154858	0.054140788400737556	-0.0002792448456815929	-0.0017785641607423034	0.02672501874145925	0.02719633984806628	0.034283053360566175	0.03782644885273069	-0.00048397694316324813	-0.0019604701246960063	0.02624539621318902	0.026595746274217357	0.033802322600006804	0.03683525991529276
DSIStudio Tensor TXZ	0.10827915790069031	0.10047662411904917	-0.10302007004954522	0.06625618134827249	-0.08705052080465743	0.12697792870651967	0.14005694675011401	0.13901132956612888	-0.10788705213360796	0.1269779291375379	0.10827915790069031	-0.11452353595159419	-0.08705052080465743	-0.10549023783734603	0.12697792870651967	-0.09218620397763676	-0.1189086331958129	-0.04509776861447077	0.14005694675011401	-0.054648764851510774	0.0847762813645201	-0.09478378489789918	-0.048484751096167206	-0.03845129488352326	-0.017149838755295625	0.10262445408223388	-0.059228141379412166	-0.013788691124840224	0.1156585404318629	0.11720560064658118	0.13134835220883104	0.1234898910307169	0.15902014199433911	-0.1331525215437143	0.0	0.10400287041201298	-0.26505123021492527	0.08429961422875218	-0.16404672207128723	-0.13801834041974306	0.11109230455300988	0.055454507264059066	-0.05206854996481358	0.06387523155300108	0.02295568797895879	-0.10717262258542769	0.021744634393599437	-0.0066690227027648985	0.0293000064462848	0.011466076483993087	0.007992878220336603	-0.13320573093445778	-0.13900700041930072	-0.12241948276048688	0.10502077056899856	0.1109233949113813	-0.10712693091838986	-0.09311298648925796	0.139661946937125	0.13952988044591597	0.11156001046484548	-0.08472958630469425	-0.07595542233063293	0.16456426481718556	-0.06193766863933316	-0.07946476728938562	-0.0946925487259339	-0.08290296289567868	-0.07040158376081396	-0.07364877223752947	-0.07173749631753418	-0.0668235502796007	-0.013139340083789345	-0.010590844818518028	-0.08167383001340668	-0.07249399482972113	-0.093967731805331	-0.08163602041397354	-0.09396773197347304	-0.08163601989619383	0.03187123154981042	0.02917538330497848	-0.10417370800590336	-0.1007432614742499	-0.10210362491895429	-0.09852290071085805	-0.0260818934469997	-0.023937897943890653	-0.021913105493821895	-0.026445871381598544	-0.017547333071595336	-0.01897671519646104	0.01659200841617826	0.02168234067773502	-0.022329249010301554	-0.025978281793689967	-0.02442362429395088	-0.02993581193211403	0.018616016596026127	0.020604216916880785	-0.022453689763365408	-0.026054035741256993	-0.018126095935578238	-0.021152945017183396	0.02468424719624975	0.02878772173493646
DSIStudio Tensor TYY	1.0939866150620512	0.984075939714359	-0.5499656492936785	-0.09448499224489317	-0.5135390497705908	1.486867693393233	1.3827071008405072	1.3501891130279284	-0.3745849009205615	1.4868676932718996	1.0939866150620512	-0.23593950327377664	-0.5135390497705908	-0.37036550680414826	1.486867693393233	-0.2785502668170552	-0.25667868801465227	-0.22879131820528853	1.3827071008405072	-0.32767214595887234	0.3537264121765951	-0.3851991815297124	-0.30594771785302693	-0.4541505585757389	-0.6584893129856246	1.2269208058454135	-0.38623950916807337	0.0029258075361358773	1.7139848886886278	1.6382737547478925	1.3637075565230241	1.548289612371069	1.120491213119768	0.15914603644509676	0.10400287041201298	0.0	-0.3603486106691224	1.0964482574214796	-1.102179824574823	-0.47984328637468593	1.0099575724973107	0.19760972571022564	-0.18354075581342452	0.44432708880676297	0.018673641854465406	-0.9817246674029788	0.3946594059166845	0.7924373750490773	0.261622328107199	0.07222167705176784	0.06528041938211984	-1.2051606714255985	-1.240350558027778	-1.0197443091766116	1.108045144149216	0.29725058501104873	-0.3960247813913728	-0.4125325838831238	1.3199519013173875	0.8810083514273779	0.292577163942973	-0.4564260576020737	-0.48835583219283263	1.1299943674165942	-0.6521274194905121	-0.8050193598498456	-0.7689820009289707	-0.8353922385994137	-0.8084561474130494	-0.7568055105524686	-0.22162661224650448	-0.182168742337811	0.1389829831750658	0.16462170841573534	-0.7764453254023579	-0.7543907690286401	-0.766805840121123	-0.7934820994846064	-0.7668058395454669	-0.7934820989168078	0.4823189300040215	0.3627122397820544	-0.5125676194152263	-0.5079554349196228	-0.48595851484675606	-0.4815511089528143	-0.007567237745055534	-0.009421099241635164	-0.07103110343214951	-0.09192185484035868	0.14544590868237886	0.1481148114689588	0.29456629945360524	0.3276849476462762	-0.06257413585917858	-0.0830653946661857	0.05647115410919962	0.0449448116202438	0.2043967640990966	0.2325984176072099	-0.06204873557167735	-0.08232632148256466	0.057827125005860444	0.04260685846081004	0.20378794169370412	0.22938941504032778
DSIStudio Tensor TYZ	-0.31171628725058054	-0.28886189514443755	0.267269302281897	0.04979284956191816	0.18307280292578543	-0.35714259816506777	-0.3585313103312855	-0.34310194705014474	0.16415237196190827	-0.3571425975308984	-0.31171628725058054	0.09657213844720407	0.18307280292578543	0.1375503623837242	-0.35714259816506777	0.1648677259200198	0.1712558787949508	0.17880988571464118	-0.3585313103312855	0.16382745827719877	-0.19130598383889552	0.18310248770681084	0.15920991035220988	0.20929716103245888	0.22423928170405427	-0.338613641130886	0.1300976931688496	-0.0025391294014584145	-0.37339103921935357	-0.3545356174001443	-0.3639582764732245	-0.364059707661378	-0.35060648323458543	0.005973970396256288	-0.26505123021492527	-0.3603486106691224	0.0	-0.3302097638825204	0.36336183662719274	0.23521303512426514	-0.3084209568164434	-0.06199870469372846	0.059397055815025926	-0.20219302119779226	0.015386838348683214	0.3032709674797612	-0.10785026999479119	-0.2144632558571268	-0.06328242455628638	-0.002255258640257739	0.0040780439695474145	0.35460364484322243	0.3621917885424672	0.3140277058129335	-0.32720604074578574	-0.12743464964451598	0.16912942092172906	0.1505466147976997	-0.3570377559980634	-0.33599872192899904	-0.1271810628759132	0.15973741093731314	0.13899395165337755	-0.3639350773876633	0.2635071238139921	0.32350920664711225	0.38346460920447845	0.33096810791059716	0.26103908135225606	0.2565985566131494	0.15573273870115656	0.139248025931168	0.010334084256930883	-0.00238290352120438	0.2899584809799083	0.26269568439498225	0.3097859066713056	0.3115793916032523	0.3097859069357333	0.31157939104024196	-0.16059728360754047	-0.20397017406492152	0.2588500572812872	0.2441887476355975	0.250458823262108	0.23606246745922976	0.06387617124354661	0.06006009784863443	0.0487393540166583	0.05539367286440339	0.015727434590916675	0.014006059742013834	-0.07012828925716746	-0.0807487645178005	0.05228611486701831	0.0586218364390573	0.04015983888286775	0.04827035689774555	-0.06970629862538183	-0.0753275304470998	0.053261463909164364	0.059852120024021085	0.03323294132698068	0.03972105528247154	-0.07745470075656372	-0.08483511935276218
DSIStudio Tensor TZZ	1.138729228214739	1.04945691579277	-0.4662177619595908	-0.07113137521669605	-0.530786513902976	1.360974148652962	1.2384908419067686	1.2797948469031621	-0.33932316320289363	1.3609741487255171	1.138729228214739	-0.1593666786348207	-0.530786513902976	-0.31225753015666297	1.360974148652962	-0.1793953019415204	-0.16431666749501786	-0.24971077425952293	1.2384908419067686	-0.22405170555294165	0.33467270924330755	-0.35160927490030186	-0.2679825298477066	-0.46635401926889775	-0.6001720987303815	1.2249811963272168	-0.3645769579237937	0.012938479283185424	1.4698352773315515	1.3544658567886039	1.2578684954914883	1.3497803841559723	0.973378990944989	0.15563749907160107	0.08429961422875218	1.0964482574214796	-0.3302097638825204	0.0	-0.9558805610501451	-0.4025776468571573	1.0410482520138455	0.09472141894681047	-0.23628972167034512	0.3937519748092288	-0.06829942593008857	-1.0086117392906113	0.49669659668870564	0.7691464076237021	0.3667196956366137	0.1370092357608278	0.12874988859627973	-1.0417789253417404	-1.0606180234449945	-1.0211372886669945	1.1334579588571911	0.2594511777481877	-0.371855222553144	-0.39616547520419093	1.1903020985551611	0.9023629118566596	0.25295979074882163	-0.4100369736336437	-0.4457706760068076	0.9986291523996532	-0.5527585720187025	-0.6828178793123673	-0.7551606320748598	-0.7152487015696258	-0.6651318271314016	-0.7073730372705384	-0.2259880787280785	-0.1911853079833039	0.11070157709424394	0.13324560228867582	-0.681355118537793	-0.6524480639837332	-0.7044383547919251	-0.7663324949185871	-0.7044383543083635	-0.766332494143374	0.37146195525079007	0.29085731198417075	-0.46457706808510835	-0.45463573956998643	-0.4409663928501053	-0.43121077872262054	-0.09439512365447543	-0.09423072960495713	-0.1512360276669848	-0.17789684790415908	0.05443394475685876	0.05288121749244645	0.3226512431127595	0.3593426648836954	-0.14629073452242913	-0.17302020591256667	-0.039315497702479295	-0.05729778075042608	0.26791361393986834	0.302170537870916	-0.14677825097720343	-0.17350727779523517	-0.03422402680185107	-0.05471574747913884	0.2737570201036076	0.30739580807595857
NODDI ICVF Modulated	-0.7319238571986453	-0.6103494453222379	1.0018192926066989	0.20609774043663498	0.6116462912031224	-1.2375508643090096	-1.4792918720555621	-1.1940446003687446	0.6795421134353689	-1.237550864715638	-0.7319238571986453	0.47625694129797425	0.6116462912031224	0.6379168519868915	-1.2375508643090096	0.6122586804055492	0.655085970905912	0.4925967962652058	-1.4792918720555621	0.6269043201191041	-0.6379019450801305	0.71615156042222	0.6264685656968372	0.26494360306007464	0.7168596760149079	-0.746128762214719	0.7121930083101261	-0.006841223419272078	-1.2392588196537628	-1.2637906779167911	-1.4727067306105126	-1.4044880094081487	-1.0870939179129318	-0.08179719341309145	-0.16404672207128723	-1.102179824574823	0.36336183662719274	-0.9558805610501451	0.0	0.9202261535115127	-0.7575475599911478	-0.11512619067598746	0.003678537962726139	-0.6038562516525267	0.0736061117728871	0.7596272259833909	-0.04062523522632621	-0.45462869685139373	0.0630466751062234	0.28237931145752804	0.2948117621992746	1.9127227780322116	2.092682155379401	0.8984932369085192	-0.763169002816089	-0.493282849891782	0.7414497629488396	0.7276973930493995	-1.5452702772704532	-0.9052730079318155	-0.49399703039466714	0.7832520680792537	0.7476106044511056	-1.8716203463972791	0.7053174262305698	0.9178831768620899	0.8424365787111094	0.9689199497593824	0.9561006923762728	0.8771625975258679	0.3492837865425472	0.2977750417206578	-0.04953607520105567	-0.08521353033038698	0.956361410711235	0.9333831701544424	0.9657580890079429	0.9678576217793536	0.9657580884593089	0.9678576210884003	-0.5724993554905808	-0.3985869298554215	0.7231687020775337	0.7206269970537094	0.6894900239443705	0.6871208748161539	0.0339175588472698	0.03526618326549661	0.05777011542095019	0.07843718751850022	-0.07766604564895059	-0.08127430600211927	-0.19930823987019855	-0.2345416107439075	0.05121588556535901	0.07019624420749397	-0.035636058756992994	-0.01900730392771604	-0.158452139796117	-0.18232377018405507	0.05074155502785616	0.06961176032542463	-0.04420987499067245	-0.02765058443928504	-0.1658755324358316	-0.1890658809109206
NODDI ICVF	-0.2238111286204135	-0.13026250014643773	0.7049506517226287	0.36200196524007183	0.4336878041610433	-0.5235753624309782	-0.6304638016106581	-0.5125954306341478	0.7397723114323358	-0.5235753628485776	-0.2238111286204135	0.3382206094118412	0.4336878041610433	0.6944530944391135	-0.5235753624309782	0.5158649239317173	0.5688851513106594	0.5957026567746826	-0.6304638016106581	0.5293139115921129	-0.7657332762568237	0.815658545088452	0.7901448951519349	-0.0613130726349047	0.44790167027216016	-0.24872546940841583	0.796143418665268	0.009021668623853769	-0.5402408396505626	-0.5548896016021856	-0.6667826373973204	-0.6199198485019711	-0.48322766843058834	0.011836105483877497	-0.13801834041974312	-0.47984328637468593	0.23521303512426514	-0.4025776468571573	0.9202261535115127	0.0	-0.20439633089409018	0.14061995066190722	-0.3597830983178372	-0.5362533138825802	0.27621880368197593	0.20773976376996187	0.3748659486083554	-0.043580812442392675	0.42085250861401935	0.6764064868750543	0.6857177977650094	0.7685253320288787	0.7925963335374976	0.35230233823028406	-0.2585577051961353	-0.5430593282825807	0.824503793022911	0.7286663682796828	-0.6738034608998202	-0.44503700767155147	-0.5476110100849817	0.7687705740040687	0.6506763476413154	-0.8584590393300547	0.4103735706151134	0.5563033134208303	0.4892942690663899	0.5804987640117176	0.5578720863735376	0.5000473493894483	0.3794972803476435	0.3341642772643793	0.10827366284732196	0.0728511234197285	0.61316846467797	0.5928667803247735	0.640147290899245	0.57115015893929	0.6401472913353472	0.5711501584525185	-0.3912851814857146	-0.30009169599295904	0.6417245177500546	0.6373280853230703	0.619271003097431	0.6151000436626602	0.04851886987755405	0.04435461866000236	0.018223320332567978	0.027302005622587736	0.07119847159625793	0.06112792233323322	0.030422886013432734	0.005059330592562976	0.02030165951375639	0.026407704434977985	0.025167875667256305	0.03448699862565678	-0.019320327414711076	-0.025720347848046634	0.020180270535403482	0.026258995893212022	0.01140321002663583	0.015163497970604503	-0.03426148225902798	-0.04433332536949173
NODDI ISOVF	1.2505409245949448	1.2386479287451613	-0.3429034204675075	0.06019940703512436	-0.40697940763832463	1.1258929190533842	0.9703578585291552	1.0643491865689836	-0.18078696983230405	1.1258929188456952	1.2505409245949448	-0.09585342065957958	-0.40697940763832463	-0.16645872298689304	1.1258929190533842	-0.09468337998452724	-0.07206862311805269	-0.09132684167880355	0.9703578585291552	-0.14858984984341797	0.13248973174143588	-0.1741763764353144	-0.10281285526708607	-0.5903566141997444	-0.49678715947419133	1.1850270854199072	-0.17060061449422437	0.017095809652889964	1.0589322549700866	1.0133835311369994	0.8821386456927574	0.9561597356680206	0.9715608379126626	0.14459964545670317	0.11109230455300988	1.0099575724973107	-0.3084209568164433	1.0410482520138455	-0.7575475599911475	-0.20439633089409018	0.0	0.2274991758335794	-0.4132318822189667	0.26088692468378477	0.0775671878745082	-2.9018204883483367	0.7042644943474126	0.8787346965707994	0.5322088697712789	0.3352033780001961	0.3247919205144022	-0.8312860156159387	-0.8299690175223238	-1.0749251679640957	1.1848879572982396	0.13493334391069875	-0.19060302324333647	-0.237030048782394	0.9094198127485039	0.8193621149218289	0.12720617749299837	-0.24164719709315685	-0.2903148972203906	0.7322339807533549	-0.48249641837350776	-0.5897659721562374	-0.6471612086491002	-0.608543081869231	-0.5774476606493247	-0.6211108296607638	-0.09196186052562345	-0.07160869108311403	0.23485486119345192	0.23908032239509613	-0.5379941026739444	-0.5176604598202497	-0.5385973472600877	-0.6048666635522877	-0.5385973466048285	-0.6048666632479992	0.30458863551217386	0.23734896980529144	-0.2962763915096077	-0.2887653786789172	-0.27943577542475007	-0.2720046834624815	-0.026255776350402237	-0.02884725041847997	-0.12688013334579656	-0.15165511342690843	0.16804956694842305	0.15709417193453232	0.40547089197679786	0.43200979110451776	-0.11864505040097496	-0.14380605488894269	0.015083614068860732	-0.002152564074496288	0.27070554515082446	0.30225484024325555	-0.11909214697700532	-0.14425770385937942	0.015707357181828436	-0.00634487707685273	0.2714883469738191	0.300418951229559
NODDI NRMSE	0.18491783645236898	0.201761979025164	-0.07760412317748017	0.6452327250376055	0.5692683048647017	0.09568362396570138	0.06735407217804383	0.031797379102181805	0.40836979197527423	0.09568362427113244	0.18491783645236898	-0.12625113020763834	0.5692683048647017	0.26217695782181133	0.09568362396570138	-0.3550759407183587	-0.2683438517193178	0.4806903028200658	0.06735407217804383	-0.42447433460601397	-0.4445934731796626	0.39650318827289704	0.3035293610087106	-0.4415610539953346	-0.13255467969763443	0.20084413622889594	0.3752686023362388	0.016557914577669613	0.1348158014154956	0.17697163494937554	0.03027099983516359	0.10520500932744024	0.12348406515363765	-0.005390599011946212	0.055454507264059066	0.19760972571022564	-0.06199870469372846	0.09472141894681047	-0.11512619067598746	0.14061995066190722	0.2274991758335794	0.0	-0.22762225972596786	-0.03944820612601481	2.149932685543997	-0.2337723845036731	0.06629395194385794	0.15386912145957074	-0.07610082461762777	0.22713522784286574	0.22609775193957093	-0.13446113319589278	-0.13015485263199544	-0.13572802387865118	0.12143718760834205	-0.3242800364998051	0.31681800747620276	0.1815682586050231	0.038900292597238255	0.003157778827601372	-0.3170948591111188	0.1403892625240559	0.04579994940463594	0.027415985870488255	-0.26359527940713573	-0.17158154522413635	-0.15005334554170027	-0.1748833981529403	-0.1754779750467991	-0.17639759203136363	0.04444065310324218	0.05955184586131288	0.13124119875143578	0.1421087103994681	-0.10009913080029972	-0.10289063820547688	-0.09224727742063797	-0.15607483426348012	-0.0922472768933989	-0.15607483409404332	0.12477114108844264	0.10255219747328122	0.013391599539764038	0.009330300689018516	0.024530733912738936	0.020508442260476097	0.045466050568331536	0.03978053235588604	-0.07026126740557972	-0.08640547209540844	0.120758613508895	0.11669518214674862	0.21714420185458833	0.2239773396139837	-0.05386927380677427	-0.07310927022712378	0.07490883061289966	0.06754635332894414	0.17142368561116608	0.1906567234288127	-0.05074736302330348	-0.06882340766313622	0.049593971931885965	0.026443699476498304	0.1409073134560688	0.14861657785257126
NODDI OD Modulated	-0.5814701728588451	-0.6331917695683669	-0.13003395311893226	-0.5711727996258731	-0.11056901738179827	-0.18421160519000376	-0.027060795439677553	-0.11167974167819295	-0.5343002856432953	-0.18421160548760598	-0.5814701728588451	0.1476756803543434	-0.11056901738179827	-0.5899744555677491	-0.18421160519000376	-0.11750521649404347	-0.12633944334344283	-0.37409469114770744	-0.027060795439677553	-0.21538811670912253	0.6005817724194235	-0.609865087808497	-0.8385780111224442	0.4647060762855845	-0.30610009000020927	-0.5446102831144557	-0.6322709478061687	-0.011571214925987306	-0.1453627519617107	-0.07795352563106633	0.01836018967007629	-0.022455182768015048	-0.16641197527351206	-0.08382345774535205	-0.05206854996481358	-0.18354075581342452	0.059397055815025926	-0.23628972167034512	0.003678537962726135	-0.3597830983178372	-0.4132318822189667	-0.22762225972596786	0.0	0.7357391361266159	-0.20383627839361493	0.4182656722584593	-0.5732401560723157	-0.11730830139847435	-0.5601830511452133	-0.9727728034122627	-0.95625659987146	-0.0355486418616058	0.029533029159155698	0.5803876897184131	-0.5726213842514523	0.16339712596137726	-0.6229407011314664	-0.5702286785454987	0.003934992231103729	-0.5055899874693561	0.16809126460383014	-0.7045497880094018	-0.5998255636816461	0.09503617236517264	0.020956932281188147	-0.030181161462432864	0.07158391859249189	-0.038214505665326935	-0.06240058775132776	0.07395878837053561	-0.08344828517015546	-0.0654961810767114	-0.15944461621191544	-0.13365348434627314	-0.10278559625195426	-0.11217966054065298	-0.08461629403724041	-0.010768963902573174	-0.0846162944620983	-0.01076896440453285	0.22534809586901924	0.18141009184342166	-0.1466343359520846	-0.1540671977164884	-0.14024606821366717	-0.14786334588212469	0.018546550183311174	0.017898621482386485	0.08656259081219274	0.09091699132818233	-0.09536607013067824	-0.07769394276490149	-0.23434901755950005	-0.22078394709054847	0.08150186316057899	0.0869991176432912	0.03444168901945223	0.038874310227535167	-0.131559443945965	-0.1387978463780706	0.08202918357597828	0.08762102899576196	0.03756043363788967	0.04396157081110666	-0.12734237008116547	-0.13307154543939967
NODDI OD	0.09995674702639273	0.060133649648918916	-0.6039788535572629	-0.46588561553694613	-0.4978212034389177	0.4614384815273228	0.6463393049980282	0.5405956231772417	-0.8493035896494935	0.46143848102036833	0.09995674702639273	-0.1143730635672867	-0.4978212034389177	-0.9207755523576019	0.4614384815273228	-0.3852364573057852	-0.3914637782802709	-0.524889360069136	0.6463393049980282	-0.510340834163225	0.8824282950496667	-0.9624391180002593	-1.174238601521652	-0.008051563006362387	-0.9370445108688606	0.12102093071772826	-1.0059064323353861	0.0033663938935595984	0.5004759701418328	0.5768974491430588	0.7001420183377701	0.6521659612760162	0.46544640147760674	0.026958463144837422	0.06387523155300108	0.44432708880676297	-0.20219302119779223	0.3937519748092288	-0.6038562516525267	-0.5362533138825802	0.26088692468378477	-0.03944820612601481	0.7357391361266159	0.0	-0.1504541380631662	-0.25160120067910446	-0.1470776877986333	0.3401143330570399	-0.24105846461960478	-0.6169679723478977	-0.6178899709879075	-0.7097719117940059	-0.6048963432951477	-0.07904278151515019	0.10462163570663678	0.348619557897693	-1.033747101239433	-1.0211558222421853	0.6811705580399198	0.08655296538923908	0.35150908956726423	-1.2126791063832998	-1.1003567643294003	0.7575831560595354	-0.37879941796431904	-0.5112130588603582	-0.4159366076653672	-0.536388066824592	-0.5515904085017255	-0.3969102733173891	-0.2021510354062356	-0.16683595187012487	-0.004089287272791965	0.02792392169274262	-0.5894688883826235	-0.5870848656010141	-0.5651513336766614	-0.5123949020983931	-0.5651513337245856	-0.5123949025681825	0.43420028726518944	0.3056207717904772	-0.44877642918912336	-0.45334023688380787	-0.4286434543089066	-0.43335794927787663	0.001255113964195922	-0.0023211165769562135	0.0012487280616083915	-0.011501207632500484	0.037198634969228324	0.0482001473302959	0.05348615113230393	0.08332931822353308	0.004013240346612298	-0.008048168397655708	0.05580684164046066	0.048533668897227954	0.05906349710094473	0.07419133604159975	0.004368334545282991	-0.007598995816950506	0.060295874294728255	0.05270201512837395	0.06378499697882316	0.07932255028132663
NODDI RMSE	0.04006412477951801	0.06833967396862727	0.06620769080625194	0.7078185398064383	0.7555216991404528	-0.08588062846903176	-0.1201881962364474	-0.14839968356854713	0.555949787990182	-0.08588062819297888	0.04006412477951801	-0.0477539919156367	0.7555216991404528	0.38710985067670267	-0.08588062846903176	-0.2502627950788487	-0.16618154729823142	0.5925988436698293	-0.1201881962364474	-0.3101232295948398	-0.5884771068187225	0.5456959699888959	0.4212536194972026	-0.3573759942596606	-0.0023174615208741913	0.05144252427923182	0.5201138698521818	0.016819179426738023	-0.05009860679373093	-0.010046580324609942	-0.15752017989660552	-0.08309215724482127	-0.04823351721334661	-0.03002302445041187	0.02295568797895879	0.018673641854465406	0.015386838348683214	-0.06829942593008857	0.07360611177288712	0.27621880368197593	0.0775671878745082	2.149932685543997	-0.2038362783936149	-0.1504541380631662	0.0	-0.0844532228567056	0.03203380952626977	0.04450412723209185	-0.08751317129442583	0.2590107080489938	0.26058560688984916	0.05468144228536689	0.06042273011893404	0.013862873044782868	-0.02432093167616364	-0.4372110887399676	0.45765509492214934	0.3078457341922297	-0.1501237416248134	-0.14338572524937418	-0.429063334995237	0.26278658091320767	0.16222208577416208	-0.16119986238514364	-0.1330830783564122	-0.023491451997152274	-0.006541199377954582	-0.022624536725896	-0.025257740703288265	-0.03083050179937546	0.10662916560717668	0.11329084651917738	0.11268499265593171	0.11708138153023465	0.04912363542153304	0.0434789246785567	0.057784065685540904	-0.0031958331732522094	0.05778406618553198	-0.0031958330996590665	0.02831936646509532	0.03313070505195538	0.13296281320617906	0.128041585088251	0.14012918275838424	0.13526909712025534	0.0486095079055241	0.04333423472579418	-0.057534438511380355	-0.06931613920564844	0.09721184815213577	0.09265423108591034	0.16496697938957872	0.16487873772051873	-0.042932865581850846	-0.05793361589012269	0.06524707024535435	0.06104438660096513	0.13420358821305015	0.14788225281894946	-0.039870837125940764	-0.05371532462989987	0.038782146857193334	0.01885423423500788	0.1029552160261882	0.10531215282385208
NODDI TF	-1.202223965540827	-1.1939689998449852	0.3517751754350606	-0.05484217276991172	0.40631417716249696	-1.0849913318912767	-0.938907927091298	-1.0268782455452539	0.1852824716517817	-1.0849913317285216	-1.202223965540827	0.10444092789217171	0.40631417716249696	0.1661003602091573	-1.0849913318912767	0.10668205543388094	0.08105965709556145	0.09022102376380435	-0.938907927091298	0.16146888360974607	-0.11629184951366818	0.17340090320371498	0.10748757779826695	0.6077242816047811	0.5127370055338758	-1.1457643024470665	0.17180786018490943	-0.018101042324744306	-1.0251619184159226	-0.9833288690014611	-0.8549480930703462	-0.9270473617975704	-0.9409612082260916	-0.14287966652171585	-0.10717262258542769	-0.9817246674029788	0.3032709674797612	-1.0086117392906113	0.7596272259833909	0.20773976376996187	-2.9018204883483376	-0.23377238450367316	0.4182656722584593	-0.25160120067910446	-0.0844532228567056	0.0	-0.6904162401876957	-0.8676613979450295	-0.5154592967877035	-0.3280098114625472	-0.3172749115462033	0.8394898926874581	0.8346519078643879	1.0891114227204945	-1.1357518349063762	-0.1179807050391652	0.19150211251529498	0.239880206909133	-0.8787806316151879	-0.7865680482599621	-0.11036656012487912	0.24694831796616257	0.2968617179497377	-0.7071918826023321	0.48712558536633477	0.598286181675143	0.6545561331921788	0.6169159141750385	0.5854801354610887	0.6323493981723448	0.08337642931747383	0.06367324653297038	-0.24628327480178136	-0.25010404987471635	0.5406920822945743	0.5200539956569953	0.5410497805663601	0.6117818003841496	0.5410497799493652	0.6117818001023259	-0.3096993595902459	-0.2423380225151651	0.2881643707675162	0.28056766098874325	0.2720497864545483	0.26452937705417334	0.021363763293849248	0.025490402547678998	0.12896585545918374	0.15421770402282584	-0.17607342754252936	-0.16303194108177643	-0.41566030201323645	-0.4406345860931502	0.12022652120755284	0.14592942886024504	-0.020751901283854388	-0.001597071494490589	-0.2782714515939671	-0.30870960775229395	0.12058198475573387	0.14628296959794707	-0.01978601441046744	0.0050169582092450355	-0.27757660508463705	-0.3046962906464322
TORTOISE MAPMRI NG	0.81082050784571	0.9686239594759539	0.34528842017261546	0.19089113398545007	-0.19864883008178846	0.4537797674266338	0.2904406688041153	0.45564080870305895	0.2368351442475028	0.45377976699204986	0.81082050784571	0.42805479293479287	-0.19864883008178846	0.2505106236903866	0.4537797674266338	0.6323225423602166	0.6877915297170799	0.2621330964468559	0.2904406688041153	0.5355830419172061	-0.29239203437234895	0.29034122354753655	0.3785727562847532	-0.5400285777029494	-0.047705081970977774	0.7468232447121529	0.29183413816660475	0.01870705342299163	0.3978386277966784	0.3509080225016898	0.22771314092665823	0.28358908977993047	0.3944736263444058	0.12426753961862991	0.021744634393599437	0.3946594059166845	-0.10785026999479119	0.49669659668870564	-0.04062523522632621	0.37486594860835537	0.7042644943474126	0.06629395194385794	-0.5732401560723157	-0.1470776877986333	0.03203380952626977	-0.6904162401876955	0.0	0.9278316835243315	1.851433066563319	1.135616047886707	1.1214573729043722	-0.12139079958483884	-0.11643110894873589	-0.5767451423536666	0.749647147720058	-0.208518399176544	0.2944612133848802	0.2540424393728482	0.23780065964266742	0.4013348052508578	-0.22495926431404303	0.2429899259135248	0.17759465496015878	0.05871802145455815	-0.031812689873785986	-0.04855121320676688	-0.13512056979011583	-0.04591391644187759	-0.022385393547944603	-0.09750079091255838	0.20736371241784865	0.19208092253445347	0.28684277744991954	0.2587418494952543	0.0029856856310087696	0.013319985729649934	0.006622347495001585	-0.06033935244093942	0.006622348147870324	-0.06033935218827625	-0.07353058588933072	-0.036081819819137786	0.19198954702633036	0.20041737785606553	0.19430727785096985	0.20277509028154134	0.0026460599884387823	-0.0007074921847242564	-0.10107267364101634	-0.11238429803403865	0.17955509393064106	0.1638040120398387	0.36332983960662146	0.36359964151800245	-0.0949885885959165	-0.10874479001393722	-0.0009668864690892986	-0.005499176069865951	0.20013149421265747	0.21986476749766337	-0.0955890339794063	-0.10942601087599864	-0.007123055639542493	-0.017326120721732282	0.19400600231633056	0.2107636612716894
TORTOISE MAPMRI NG Par	0.83297717496312	0.8985462818388396	-0.06768914719185139	-0.1353974621155156	-0.3975776799585215	0.8292202877763912	0.7421918834646127	0.8555459943997344	-0.11954161533729732	0.829220286893703	0.83297717496312	0.303312696852803	-0.3975776799585215	-0.14113040158875031	0.8292202877763912	0.19679232306179906	0.26033223278455475	0.0013948526598289866	0.7421918834646127	0.027306071193226377	0.08596005593662387	-0.11361801393211707	-0.12907277902755096	-0.5313380860671635	-0.550479297099413	0.8005286674518447	-0.1364025592349273	0.01823289875980182	0.8049784061955457	0.8226191208796724	0.6690435301638294	0.7501230600465214	0.7070519858203153	0.19602498687785427	-0.0066690227027648985	0.7924373750490773	-0.2144632558571268	0.7691464076237021	-0.45462869685139373	-0.043580812442392675	0.8787346965707994	0.15386912145957074	-0.11730830139847435	0.3401143330570399	0.04450412723209185	-0.8676613979450295	0.9278316835243315	0.0	0.6783292004418175	0.37397142591781646	0.36616686401558507	-0.6101698810800216	-0.5531577208601652	-0.6158111563885527	0.7622834143746058	-0.017857743657782494	-0.11979151345577438	-0.17260063245604063	0.6797890097644805	0.3773782692106708	-0.029639910599642248	-0.27418888100845346	-0.33258408359788444	0.5060893446258073	-0.35071101072647054	-0.42841839126155756	-0.4509280565081221	-0.44115482057993316	-0.4198068882455345	-0.4107922911667759	0.03978027088834545	0.05478511247293749	0.26175133276910256	0.2642423734876617	-0.38985390547009896	-0.37778893487722204	-0.37976732012531866	-0.4347671542400189	-0.37976731941556935	-0.4347671538416526	0.2763913279494826	0.2341552469685726	-0.12906417606222184	-0.12397385777498507	-0.11306095777889319	-0.10816125803701812	0.024488970230993744	0.0180702119324808	-0.08769482556437955	-0.10962598353574504	0.2019404765096452	0.19512993481990873	0.37384053608422096	0.39936798808981183	-0.077833785445208	-0.10210626782582619	0.05905132835066634	0.04862559658716791	0.23209034384084173	0.26458665854385	-0.07737438717491744	-0.10144227746565401	0.050228579758812286	0.0310380842919808	0.22266912909080758	0.249913263490344
TORTOISE MAPMRI NG Perp	0.6420468107338678	0.7608738818334634	0.4316047651035355	0.14012382077529564	-0.2407282279219434	0.3333322323936749	0.18548039851798787	0.3515160153877811	0.2162228750863579	0.33333223205294993	0.6420468107338678	0.3993166174137924	-0.2407282279219434	0.25336951446446826	0.3333322323936749	0.7925384521187248	0.8069234454475892	0.23653859527150242	0.18548039851798787	0.741614372365821	-0.27147311086526255	0.28319922550229537	0.41989322931916395	-0.38953533733232387	0.0869245428904152	0.5815944485954813	0.3015030580048966	0.015323630033546275	0.2683746689094355	0.21889862572579555	0.12702168266933145	0.16560192737725477	0.28111747049985014	0.07882670079888794	0.0293000064462848	0.261622328107199	-0.06328242455628638	0.3667196956366137	0.0630466751062234	0.42085250861401935	0.5322088697712789	-0.07610082461762777	-0.5601830511452133	-0.24105846461960478	-0.08751317129442583	-0.5154592967877035	1.851433066563319	0.6783292004418175	0.0	1.0938237204818066	1.0826227826415418	0.002385763108679471	-0.00230929373655115	-0.4769377321930245	0.6130449628072984	-0.18334516088258895	0.3004902730983484	0.28607081543823354	0.14466805802384927	0.35184173932210494	-0.19996176132378007	0.3198408210260965	0.26968829946222556	-0.032957090272380585	0.08560208666960137	0.06716250033699052	-0.02466138949729987	0.07324985962673625	0.0939314580752283	0.019209668228145762	0.22153223929246843	0.19876988826827904	0.23443457192479522	0.20224399572383528	0.11033040200658122	0.11852436820701036	0.11402751753076887	0.05761394567200811	0.1140275180845109	0.05761394590608584	-0.1555638066305145	-0.10219721761641712	0.25033912586333495	0.25848882743913665	0.24729840964358615	0.25551845155565667	-0.003198830236271874	-0.004427579943876911	-0.07635629709049721	-0.08212840311886856	0.13846883022104206	0.1228952510829398	0.27757954974223553	0.2720983026312747	-0.07310420469959147	-0.08058314756184022	-0.019164717217506046	-0.02169433769878332	0.13816610832898563	0.1503189619875393	-0.07428109751716198	-0.08207621432478056	-0.020031529066144364	-0.02413049586852557	0.13766019357742565	0.1494639649765278
TORTOISE MAPMRI PA	0.4973672543661358	0.6167220719999483	0.6237237037110452	0.5602929107502906	0.20323819203086	0.07850393947164196	-0.09939909627550479	0.043790847517285424	0.7359496698840182	0.0785039395560423	0.4973672543661358	0.3556850763198823	0.20323819203086	0.7134990119898607	0.07850393947164196	0.6216532438421288	0.677928638170955	0.6337534005035158	-0.09939909627550479	0.6323979871305696	-0.826426495298998	0.8578172072191781	1.0694628653158509	-0.47244325820476885	0.3701102475524633	0.4481233730501572	0.8869031923119902	0.018438580052376502	0.03143228253543405	-0.015274053503071412	-0.17501349601460336	-0.10449574130179097	0.055687314840650655	0.07666844789870658	0.011466076483993087	0.07222167705176784	-0.002255258640257739	0.1370092357608278	0.28237931145752804	0.6764064868750543	0.3352033780001961	0.22713522784286574	-0.9727728034122624	-0.6169679723478977	0.2590107080489938	-0.3280098114625472	1.135616047886707	0.37397142591781646	1.0938237204818066	0.0	3.6019073473099668	0.2559739980202051	0.22200746285616757	-0.34408164645364275	0.448599509142892	-0.3917801280821729	0.8665845472996068	0.7716130610075523	-0.15532364017262285	0.23519668614872213	-0.4046966817052067	0.8389691974995297	0.7017010601197549	-0.31595563534291443	0.15239029965610248	0.2220951617874088	0.10754865921097645	0.2354878654174426	0.2615988300878766	0.1354352467404461	0.2753038961429911	0.2434231279261254	0.22638976296304966	0.18852533650223105	0.30842197299770996	0.3165796500424805	0.3025811001026838	0.22095832056258857	0.302581100788038	0.2209583209518228	-0.3185316195855655	-0.2229351119100372	0.4062670682664681	0.4148264800492525	0.3971690152650319	0.40580621309620535	0.018737703645979317	0.01661052528982665	-0.06982586347943548	-0.07189779530990822	0.13853824731535563	0.1214945035921188	0.25011474327813854	0.23309819163053547	-0.064187380524895	-0.06891314946169398	-0.010661377000577423	-0.008405190067509042	0.11867433995396161	0.1271474946667084	-0.06451617920946312	-0.06925070134308278	-0.020260856418951027	-0.023262124585720925	0.1082387227522858	0.1136089453226217
TORTOISE MAPMRI PATH	0.48472570650551333	0.6029805888761298	0.6333252495556936	0.5618168614097184	0.21018210739112708	0.06797841332173604	-0.10947156377119972	0.03345574622630434	0.7487512026914953	0.06797841341728288	0.48472570650551333	0.3570990935648619	0.21018210739112708	0.722737929279921	0.06797841332173604	0.6243833723734558	0.682738269114131	0.6388015967874474	-0.10947156377119972	0.6370792890326987	-0.8293370486747128	0.8679269954040231	1.0807495485741878	-0.46461440536609505	0.37527830780623456	0.43833913679644193	0.8959030672490794	0.017711471928899745	0.023245725181876297	-0.023329586672492197	-0.18324524856730084	-0.11256553488747524	0.04713310628899204	0.07651476368967203	0.007992878220336603	0.06528041938211984	0.0040780439695474145	0.12874988859627973	0.2948117621992746	0.6857177977650094	0.3247919205144022	0.22609775193957093	-0.95625659987146	-0.6178899709879075	0.26058560688984916	-0.3172749115462032	1.1214573729043722	0.36616686401558507	1.0826227826415418	3.6019073473099668	0.0	0.2666870540310127	0.23267614709083784	-0.3299658065343318	0.4370341856812541	-0.394647752439572	0.8769457781638645	0.7816761450405735	-0.16516146291090206	0.2261694106626984	-0.40743966154821665	0.8506290818137263	0.7109030102212176	-0.32501870837334135	0.15709779534808527	0.22862083837718541	0.11426474516297105	0.24206949705561637	0.2682075300600443	0.1424819161790036	0.27538525714387696	0.2434143580506475	0.22244406900698102	0.18474276088557162	0.3138413929135472	0.32201099458765964	0.3085050145706501	0.22850524465320923	0.30850501521903867	0.22850524499794259	-0.3215779387179265	-0.22475970609279772	0.40894843896065936	0.4174688746754124	0.3997117586748034	0.4083065683468803	0.01937856931498497	0.01727021589625241	-0.0675285217334246	-0.06934599765025802	0.13640712196778473	0.11973028292857273	0.24412949501382877	0.22703152308239158	-0.0621343933214209	-0.06652491431717687	-0.010140362284697698	-0.007582292263619551	0.1149480289084562	0.12301750098980786	-0.06246914035734079	-0.06686029560170755	-0.019610078062262497	-0.022254396433339194	0.1046345835348348	0.10963753630023605
TORTOISE MAPMRI RTAP	-0.7434350107648426	-0.6355475510464966	0.9589958003566335	0.2535589959711607	0.657334377091075	-1.3136390499896136	-1.6363735490941318	-1.3106159063827654	0.6983804584789233	-1.3136390495102899	-0.7434350107648426	0.40530672012248187	0.657334377091075	0.6680607525679382	-1.3136390499896136	0.559549943981553	0.5636782714378328	0.46762222302437395	-1.6363735490941318	0.6191338039081986	-0.6330203620154745	0.7310732428800013	0.6636302349895961	0.3212213383360587	0.9073580852703909	-0.7702123031808582	0.741197979338856	-0.0103110772782949	-1.3729750998191168	-1.4591802911942835	-1.6668285414876258	-1.6383185135266125	-1.1714363576180746	-0.10172359799230284	-0.13320573093445776	-1.2051606714255985	0.3546036448432223	-1.0417789253417404	1.9127227780322116	0.7685253320288787	-0.8312860156159387	-0.13446113319589278	-0.03554864186160579	-0.7097719117940058	0.05468144228536689	0.8394898926874581	-0.12139079958483884	-0.6101698810800216	0.002385763108679474	0.2559739980202051	0.2666870540310127	0.0	2.6014374810171415	0.8532392239608142	-0.7560640946100213	-0.4246854228930657	0.7738188869474634	0.7860936979079259	-1.7002011648814204	-0.75101513729734	-0.4242371208597848	0.8545457928281794	0.851555550897139	-1.7429988588034648	0.7461724038125659	0.9922399418177698	0.892317380044022	1.0501177379563789	1.0382986950330664	0.9063752110739567	0.3082456245092501	0.25772341359459866	-0.09104395538882709	-0.1266909609829698	1.0178263676612582	0.992136281188856	1.0103624109341138	1.026153823620188	1.0103624103218245	1.0261538231120702	-0.6276574457458195	-0.44288076633800993	0.6910444526942688	0.6883341097458374	0.6561843151014713	0.6537058739740462	0.021538405351563945	0.025497760057350265	0.06743846043404986	0.09141884851949271	-0.10868615799297121	-0.11066239037448296	-0.24688126092873416	-0.284571969664919	0.059635199572880826	0.08251647348009104	-0.05341420100179029	-0.0345415196923996	-0.19289658588596664	-0.22036297554941542	0.059018811654307834	0.08174488542361028	-0.05791588134999313	-0.03633790783096104	-0.19627151440179422	-0.22148660226599937
TORTOISE MAPMRI RTOP	-0.8012288914013562	-0.67511700369134	0.9536704570475375	0.21818077790527113	0.6348896108818233	-1.3763611483896077	-1.6369218706651376	-1.3168794771038865	0.6411516162076282	-1.3763611482934424	-0.8012288914013562	0.4427805618184086	0.6348896108818233	0.5985191756982061	-1.3763611483896077	0.5625815955131542	0.5753541551842382	0.4594844908461694	-1.6369218706651376	0.5906096076110203	-0.5927304069878648	0.6704284510237769	0.5850543312258911	0.3193093953522442	0.7964702748707077	-0.8312646918443245	0.6740356851413266	-0.008406664894729259	-1.425324467103212	-1.4529428383388703	-1.6422184100172503	-1.6202355354544187	-1.1927983822260453	-0.10726422107937682	-0.13900700041930072	-1.240350558027778	0.36219178854246714	-1.0606180234449945	2.092682155379401	0.7925963335374976	-0.8299690175223238	-0.13015485263199544	0.029533029159155698	-0.6048963432951477	0.06042273011893404	0.8346519078643879	-0.11643110894873589	-0.5531577208601652	-0.00230929373655115	0.22200746285616757	0.23267614709083784	2.601437481017141	0.0	0.9488702765956649	-0.83030921376904	-0.4386700764124063	0.7023410785400568	0.7038045821696799	-1.7115114444676172	-0.8680305515551201	-0.4382370878176454	0.7556167516571892	0.7492582079476225	-1.744233958557166	0.7492976195111657	0.9767797158589152	0.8938305216231459	1.0322490297652909	1.014905311993759	0.9193812838281034	0.32825932504374644	0.27695792784194573	-0.07707210420926136	-0.1126233807022295	0.9973426410563033	0.97128225854468	0.9985365733996563	1.0179501429673126	0.9985365727595706	1.017950142282665	-0.6064263791839246	-0.4286547864633203	0.7063290166971216	0.7028592272099078	0.6718130440249233	0.6685269851449236	0.028455570177844693	0.03129098341648583	0.06649054625350499	0.089336355216321	-0.09855789892499064	-0.10092332654781032	-0.23590559934177233	-0.2724564501815457	0.0593641414336543	0.0807823143596644	-0.04559727882116075	-0.02742128214217244	-0.1851715582573291	-0.21138514912995912	0.058827019664000696	0.08011159326347901	-0.05160360796615425	-0.03163924403530415	-0.18975341069002943	-0.21409025852250685
TORTOISE MAPMRI RTPP	-1.6647991821774584	-1.4465712189370294	0.35896050740922514	-0.09951253207215739	0.3942575665429397	-1.225111473306869	-0.933657204827881	-1.0043084859177778	0.1347684504400226	-1.2251114740496636	-1.6647991821774584	0.2290405628547635	0.3942575665429397	0.07850039780718758	-1.225111473306869	0.11047273079707565	0.11726515734838999	0.13046087983433394	-0.933657204827881	0.11547732459897181	-0.08796280530186132	0.12282596228849871	0.023335882537012888	0.5584734471437011	0.3284335304191062	-1.556738909817844	0.11434353984423522	-0.013581049484153208	-1.0793651942979914	-0.9196681233995432	-0.8406589419652661	-0.8851484141390012	-0.9699274736176785	-0.14387537688370164	-0.12241948276048688	-1.0197443091766116	0.3140277058129335	-1.0211372886669945	0.8984932369085192	0.35230233823028406	-1.0749251679640957	-0.13572802387865118	0.5803876897184131	-0.07904278151515019	0.013862873044782868	1.0891114227204945	-0.5767451423536666	-0.6158111563885527	-0.4769377321930245	-0.34408164645364275	-0.3299658065343318	0.8532392239608142	0.948870276595665	0.0	-1.7573622955210098	-0.17882794909615257	0.13109490621566952	0.14982294944615282	-0.8936825612674775	-1.4342621395729227	-0.1715915802200489	0.166533341721525	0.19251211360072273	-0.7601609787222212	0.48055898285264753	0.5679588243204003	0.6228043448268041	0.5839726369918019	0.5467878608580152	0.6354389742562433	0.1505698999539861	0.1285902375094951	-0.17845881674108752	-0.18549893274835694	0.5213311297271811	0.49916210931619415	0.5388663869187059	0.6062619966508063	0.5388663862204376	0.6062619962306663	-0.2642540449157036	-0.20377136462187878	0.33818251994471643	0.3289686792270958	0.3232600540962861	0.314013695254027	0.04308237329288508	0.043497054723854484	0.12046315197376131	0.14040008228421672	-0.1293391536090201	-0.11840143051048017	-0.3501978540228197	-0.3691472930452234	0.11352554799303187	0.13298460758464695	0.007795719270326339	0.024375900306078897	-0.23542626100840475	-0.2588332918004753	0.11354354465522144	0.13293237232973407	0.0050203675246191775	0.024216320070230536	-0.2373777687153372	-0.2586346325516353
TORTOISE MAPMRI AD	2.344562362211579	1.9585911908561384	-0.2575446678686819	0.11448604432987636	-0.37766473612020196	1.3160587497389449	0.9557445534574653	1.0815312643421828	-0.07123921306519747	1.3160587506113965	2.344562362211579	-0.08430023256842083	-0.37766473612020196	-0.03831407760192342	1.3160587497389449	0.0002963991002440134	0.00569430333313908	-0.08135795818735549	0.9557445534574653	-0.022681648496196135	0.07751080469099535	-0.07365818071891193	0.02233082925245156	-0.5823436147723683	-0.31970370395805203	2.009972850049559	-0.06487927801843794	0.010898395523160092	1.1648728406267694	0.9863783373953298	0.863756940416319	0.9289471332141656	1.024511587303124	0.18675113686128283	0.10502077056899856	1.108045144149216	-0.32720604074578574	1.1334579588571911	-0.763169002816089	-0.2585577051961353	1.1848879572982396	0.12143718760834205	-0.5726213842514521	0.10462163570663678	-0.02432093167616364	-1.1357518349063762	0.749647147720058	0.7622834143746058	0.6130449628072984	0.448599509142892	0.4370341856812541	-0.7560640946100213	-0.83030921376904	-1.7573622955210098	0.0	0.16018282137738632	-0.07344777424083992	-0.09268762105504572	0.9124998697773926	1.4197108796280722	0.15104322705413942	-0.116659440206217	-0.14996096304817785	0.7411268846739948	-0.44558935626545965	-0.5219613070529571	-0.5925743602941644	-0.5365980782241069	-0.4945643912380862	-0.5776692295611375	-0.1265523751153587	-0.10658702680128536	0.18630498799512446	0.1902927625437522	-0.47947768303372124	-0.45657911823995495	-0.49460500739693797	-0.5551621199308012	-0.4946050067010784	-0.5551621195183395	0.22658716190956038	0.18201939085761185	-0.30114374362925905	-0.2913343671189933	-0.285253364474296	-0.27544961084412434	-0.049387662956112334	-0.047152071175127576	-0.12380539212730964	-0.14303889560045996	0.13029036693500876	0.12339758341791354	0.36218858765163775	0.38435141673871825	-0.11805705052027785	-0.13709267601737446	-0.017419701197178124	-0.02839225955677867	0.23760013607586267	0.2651498972167334	-0.11841324773030275	-0.1373763058513157	-0.013100451514072516	-0.025858857755059188	0.2411829414711425	0.2676968219237211
TORTOISE MAPMRI AM	0.11183646400178456	0.05037244367630514	-0.512094754266262	-0.3191924586963802	-0.4583733711356183	0.31794688976220037	0.41324651626632325	0.34961770249846214	-0.5612812603635867	0.31794688984350516	0.11183646400178456	-0.3265695968057748	-0.4583733711356183	-0.5099921925150473	0.31794688976220037	-0.31455370429845714	-0.3867109914563382	-0.4658129837011514	0.41324651626632325	-0.25591999025222467	0.6325487168753617	-0.5932513790722684	-0.49757364282376265	0.7074575885443845	0.05674880597542695	0.12248363668041709	-0.5721399006573048	-0.04311949233344073	0.32362268921024095	0.33832161075809447	0.4519294244805552	0.3975083536149381	0.3117286356873854	0.007275543945740293	0.1109233949113813	0.29725058501104873	-0.12743464964451598	0.2594511777481877	-0.493282849891782	-0.5430593282825806	0.1349333439106987	-0.3242800364998051	0.16339712596137723	0.348619557897693	-0.4372110887399676	-0.11798070503916523	-0.208518399176544	-0.017857743657782494	-0.18334516088258895	-0.3917801280821729	-0.394647752439572	-0.4246854228930657	-0.4386700764124063	-0.17882794909615257	0.16018282137738632	0.0	-0.564090353358662	-0.4853954183924911	0.4563641497015452	0.3460512973444026	4.534918080462955	-0.4229414303563187	-0.3614330540330202	0.5659901224721666	-0.15911692840185335	-0.19452740795085952	-0.0759782125579562	-0.21126773247720002	-0.3844098808564008	-0.32540110592633414	-0.26475696811112837	-0.24079009921370695	-0.09079041188386028	-0.07177498607190395	-0.373766838851512	-0.4403824663517749	-0.31582462083174145	-0.28217498242510974	-0.3158246214073295	-0.28217498225659665	0.2883922648239909	-0.029981520172854464	-0.42722018337973355	-0.4651201514048993	-0.4202342813935656	-0.4572354736883975	-0.0749307015489914	-0.06511477348264275	0.04529878811331021	0.039833025208021136	-0.018597143045905193	-0.006667338260381986	-0.056047932079251885	-0.02751512065096246	0.04906867593088953	0.04782120985505328	0.00516942360886108	0.003987720348391641	-0.06065672797110312	-0.04939042970733239	0.047949610482364416	0.045969342176342	0.026398642739679994	0.039080673203454555	-0.039398248876517696	-0.019788633507774163
TORTOISE MAPMRI FA	-0.04507105743013301	0.02671551537154313	0.7502154512756051	0.6640882294446165	0.7967265227969016	-0.4575276318838061	-0.6678278357421088	-0.551795157543555	1.6260781943362297	-0.4575276314405419	-0.04507105743013301	0.30457903173921247	0.7967265227969016	1.3124466476135446	-0.4575276318838061	0.41906717561409595	0.4841936555306697	0.9536060653769823	-0.6678278357421088	0.43705219069223955	-1.5733300984037675	2.0147261868767354	1.567680180159371	-0.16217595462678244	0.7271090441064989	-0.0642181309504186	2.005600173594623	0.014521139341673123	-0.48001963190140223	-0.5286540306923735	-0.7562222438488599	-0.6497666390753285	-0.4521206689777889	0.07213056146381512	-0.10712693091838986	-0.3960247813913728	0.16912942092172906	-0.371855222553144	0.7414497629488396	0.824503793022911	-0.19060302324333644	0.31681800747620276	-0.6229407011314666	-1.033747101239433	0.45765509492214934	0.19150211251529498	0.2944612133848802	-0.11979151345577438	0.30049027309834847	0.8665845472996068	0.8769457781638645	0.7738188869474634	0.7023410785400568	0.13109490621566952	-0.07344777424083992	-0.564090353358662	0.0	1.6512655345896057	-0.7350981267624364	-0.1949573325804453	-0.5670166046217753	1.3733700412379788	1.089265374319253	-0.8509273669387469	0.32782666938170213	0.5057144024534276	0.4148955748647323	0.5294537681564764	0.5408439575524389	0.40254508176546366	0.2959571108762759	0.2596203466580314	0.08505138175158734	0.0523814674496094	0.6051903539748597	0.5992667733247571	0.5961068895124977	0.5138217613734407	0.5961068896532402	0.5138217620901278	-0.4419326390834226	-0.31256392867594646	0.5614672899402543	0.5640253278600544	0.5449031242149529	0.5475736182189579	0.028964436942922063	0.03001703396233844	-0.014183698933131641	-0.005934808395103013	0.03979718388126755	0.02996553640930245	0.0392149189897195	0.01263664526569524	-0.011828945846038167	-0.006252037111520679	-0.00958655276802639	0.0016555298066030636	0.0009826308851743671	-0.004400493694118435	-0.011258068603408786	-0.005314772513999715	-0.025689742623091268	-0.021169945862863398	-0.016444627780117002	-0.026450348700752527
TORTOISE MAPMRI LI	-0.078192234831478	-0.011946647606080024	0.7451544956822509	0.5553660077782515	0.6606512943075051	-0.46857654439634133	-0.6662590794324403	-0.5493360782739727	1.218622510879075	-0.46857654406563964	-0.078192234831478	0.30073122536459446	0.6606512943075051	1.094125362143963	-0.46857654439634133	0.4551395879900086	0.49683348073311495	0.7949274053207539	-0.6662590794324403	0.5004139192060723	-1.1856646154433248	1.3846870851003041	1.2920406823245607	-0.10225122053467102	0.7707134661869195	-0.09748237579609631	1.414477693725952	0.014986229438354325	-0.4969124678123558	-0.5497535002070623	-0.7449843397316496	-0.6581918640119345	-0.4683165300490531	0.09491127811466553	-0.09311298648925798	-0.4125325838831238	0.15054661479769968	-0.39616547520419104	0.7276973930493995	0.7286663682796828	-0.23703004878239406	0.1815682586050231	-0.5702286785454987	-1.0211558222421853	0.3078457341922297	0.239880206909133	0.2540424393728482	-0.17260063245604063	0.28607081543823354	0.7716130610075524	0.7816761450405735	0.7860936979079259	0.7038045821696799	0.14982294944615282	-0.09268762105504572	-0.4853954183924911	1.6512655345896057	0.0	-0.7229720969294535	-0.17336707114618155	-0.48887651179028335	1.2752460961297487	1.2893902898815452	-0.8130134589688042	0.3580835818444651	0.5310386391031134	0.43268046211416966	0.5547867162326529	0.5757073382391414	0.4250627769711653	0.26252069435788566	0.22758758718093225	0.04628103139641514	0.014803669592594543	0.6102765697064819	0.6074834448229919	0.5992081671066908	0.5426691956812008	0.5992081668521779	0.5426691962323216	-0.4619315938336753	-0.31903687158747185	0.5235258737163678	0.5279912177175002	0.5067347240053355	0.5113220518506604	0.017492112580889854	0.020188664375979607	-0.002393793490403323	0.011096846556201327	0.006355474160325866	0.0016721250603311281	-0.009754744081622099	-0.03673282531599587	-0.0037681254632581955	0.007579506687069111	-0.025528335398117292	-0.009770043964669574	-0.030069197100479488	-0.039478851983155865	-0.003448993603192239	0.00816845177089121	-0.03676555677076021	-0.024539512194272084	-0.042452733691384366	-0.05462580628725339
TORTOISE MAPMRI RD	0.8703484698894383	0.7546902812031067	-0.7431629167031292	-0.26506387630148964	-0.7645033089266847	1.7308490330075295	2.5231344558808857	1.8824807820777976	-0.6850686332806687	1.7308490325899606	0.8703484698894383	-0.29266206248375215	-0.7645033089266847	-0.6471759541935108	1.7308490330075295	-0.3569070295388433	-0.377905110344272	-0.463536101022521	2.5231344558808857	-0.393930145093851	0.6716064807620505	-0.7117071990134524	-0.5845765225565059	-0.3014875869881832	-0.7772541246649759	0.8724607342631088	-0.7072789109309998	0.006828342591678066	1.6505183528180916	1.7296366563364785	2.0840140221071803	2.034593586779985	1.3180971529125303	0.10910490936500522	0.139661946937125	1.3199519013173875	-0.3570377559980634	1.1903020985551611	-1.5452702772704532	-0.6738034608998202	0.909419812748504	0.038900292597238255	0.003934992231103728	0.6811705580399198	-0.1501237416248134	-0.8787806316151879	0.23780065964266742	0.6797890097644805	0.14466805802384927	-0.15532364017262285	-0.16516146291090206	-1.7002011648814204	-1.7115114444676167	-0.8936825612674775	0.9124998697773926	0.4563641497015452	-0.7350981267624364	-0.7229720969294535	0.0	0.872321252092161	0.452202642703655	-0.7375002609418807	-0.7261369111374654	1.8914921461282104	-0.650763607447099	-0.8718333143496808	-0.830374144756336	-0.9167403722409211	-0.8933162629136124	-0.8038641103110037	-0.30101292784961875	-0.2548797087520273	0.07565317944080471	0.1071932335970683	-0.8986335036482288	-0.8734748482391387	-0.8951194547556796	-0.8952775022114252	-0.895119454229101	-0.8952775020469073	0.5421441903204528	0.39007498172379634	-0.6489671918018259	-0.6442860196249146	-0.6181915381434271	-0.6137786504678955	-0.03224142856407041	-0.03319057782325258	-0.060687883639286566	-0.08218935587373465	0.09282570500029251	0.097306624356863	0.22726953478372675	0.26540439963322193	-0.05496950992300748	-0.07516493609637365	0.035203347914808454	0.020367420625511657	0.1705731613516837	0.19843901910273054	-0.05510506196150483	-0.07535390430431792	0.04569357411888873	0.03185502474415126	0.18005033943667734	0.2084806245563587
TORTOISE Tensor AD	1.2489450546587326	1.0885704664202993	-0.4106160128225666	0.08020641950757136	-0.4077827419377249	1.0490084439807839	0.8596494431341057	0.8848681147894965	-0.18744803236320015	1.049008445074661	1.2489450546587326	-0.3031357169682401	-0.4077827419377249	-0.1364507653341712	1.0490084439807839	-0.16487883094568193	-0.20731796214022494	-0.22512307368731568	0.8596494431341057	-0.11478435999196333	0.22633717284911575	-0.20142151203840494	-0.06613718642453037	-0.3554728184110472	-0.18773406909492127	1.2242976559398608	-0.1817535285423707	0.004287121068285196	0.9481654004676436	0.8036810065529759	0.8228380209802058	0.8135891987226936	0.9012557883767021	0.12188782796571535	0.13952988044591597	0.8810083514273779	-0.33599872192899904	0.9023629118566596	-0.9052730079318153	-0.44503700767155147	0.8193621149218289	0.003157778827601372	-0.5055899874693561	0.08655296538923908	-0.14338572524937418	-0.7865680482599621	0.4013348052508578	0.3773782692106708	0.35184173932210494	0.23519668614872213	0.2261694106626984	-0.75101513729734	-0.8680305515551201	-1.4342621395729227	1.4197108796280722	0.3460512973444026	-0.1949573325804453	-0.17336707114618155	0.872321252092161	0.0	0.34019145352490215	-0.15078918430913718	-0.13851951777239924	0.8751962102912902	-0.4046045207609462	-0.49074797876571896	-0.5501908150552682	-0.5060775147117035	-0.47000127304013306	-0.5511022936503992	-0.23329649595133134	-0.20933022018047012	0.07345987001756449	0.08302865731569231	-0.4830605596839183	-0.46219574126484464	-0.508827890726976	-0.5359728871222269	-0.5088278902969274	-0.5359728866917997	0.2141555761140071	0.1594512488311632	-0.4096861716944043	-0.4007346464013145	-0.3956887195039783	-0.3867274446802763	-0.07430751161256674	-0.06753391973769726	-0.08897355352909633	-0.10098259955178172	0.05599393297656677	0.053858775331813366	0.22674643289050375	0.24533479236482092	-0.08653754000916929	-0.0964390544686448	-0.043625229406187266	-0.05226075320034488	0.149276243161391	0.1667100906706799	-0.08730146362688337	-0.09735072774150391	-0.028440975113907734	-0.0318376300774757	0.16367584199783186	0.18393895705040378
TORTOISE Tensor AM	0.1025379254035637	0.0398998722857907	-0.5235240291147373	-0.31675329519160494	-0.4498326468867525	0.3109260617938158	0.40845194036743904	0.34165053502924886	-0.561976492982481	0.3109260618794389	0.1025379254035637	-0.3392464239797986	-0.4498326468867525	-0.5119368340299842	0.3109260617938158	-0.33065022500448604	-0.40350359855620965	-0.4673751560039422	0.40845194036743904	-0.2699982443525346	0.6348860290632823	-0.5954685587721138	-0.501676987941001	0.7119815813369975	0.05475027744844232	0.11426365764072564	-0.5744971996379578	-0.043062837446859	0.3183347063543646	0.33385839046710547	0.4485081151670143	0.3937322994655691	0.3070585553979173	0.005139294148925444	0.11156001046484548	0.292577163942973	-0.1271810628759132	0.25295979074882163	-0.49399703039466714	-0.5476110100849817	0.12720617749299837	-0.3170948591111188	0.16809126460383014	0.3515090895672643	-0.429063334995237	-0.11036656012487912	-0.22495926431404303	-0.029639910599642248	-0.19996176132378007	-0.4046966817052067	-0.40743966154821665	-0.4242371208597848	-0.4382370878176454	-0.1715915802200489	0.15104322705413942	4.534918080462955	-0.5670166046217753	-0.48887651179028335	0.452202642703655	0.34019145352490215	0.0	-0.42581918674127583	-0.3643067193203969	0.5655676404708911	-0.16181244709758197	-0.19670305020070064	-0.07689496898709605	-0.2135514128809706	-0.3867612436613304	-0.32612265440043403	-0.2687255594748629	-0.24429955027898492	-0.09451806820156679	-0.07494122455932462	-0.37641421973679756	-0.4431416536552985	-0.3185801655462353	-0.28421434601347156	-0.31858016613357903	-0.2842143458493722	0.2910540824194719	-0.027657902966245602	-0.4321709366569645	-0.4702940905809907	-0.4250877233937184	-0.46230541069502634	-0.07469243161376934	-0.06486726995210697	0.04635486272779948	0.04103129911026239	-0.02044362536588415	-0.008286077226850815	-0.060007091902930465	-0.03153946418344696	0.0500893542367606	0.04900637053771663	0.005860814866305149	0.004720544766172884	-0.06233000045943327	-0.0513811516660338	0.04899330288256037	0.047186768683447386	0.02702153915775747	0.03970934719529443	-0.04115665478880304	-0.021901904233763293
TORTOISE Tensor FA	-0.1028081129737099	-0.0350904440179077	0.7561207534574318	0.6235475336753205	0.5898989742257714	-0.4948780257322863	-0.688082900314734	-0.5549620783920723	1.0830803845534172	-0.49487802544499215	-0.1028081129737099	0.2001147228394834	0.5898989742257714	1.0410833914291528	-0.4948780257322863	0.44455434609097516	0.47306633216880395	0.7217253283024414	-0.688082900314734	0.548661956478041	-1.064593903761526	1.2462189814863465	1.684664059296708	-0.06736389521736869	0.9321693606677616	-0.11977985588556854	1.3346612868854455	0.00813951689441682	-0.521346707762651	-0.5749055584014798	-0.756825651445574	-0.6783903940480561	-0.4585532352514523	0.0009606091464786383	-0.08472958630469425	-0.4564260576020737	0.15973741093731314	-0.4100369736336437	0.7832520680792537	0.7687705740040687	-0.24164719709315682	0.1403892625240559	-0.7045497880094017	-1.2126791063832998	0.26278658091320767	0.24694831796616257	0.2429899259135248	-0.27418888100845346	0.3198408210260965	0.8389691974995297	0.8506290818137263	0.8545457928281794	0.7556167516571892	0.166533341721525	-0.116659440206217	-0.4229414303563187	1.3733700412379788	1.2752460961297487	-0.7375002609418805	-0.15078918430913718	-0.42581918674127583	0.0	1.740421026689956	-0.8695321289374576	0.41251370666289733	0.5808953277188291	0.46029216474073253	0.6100986388354214	0.6299434851556329	0.465818675656149	0.2522439068773745	0.21131333033528338	0.02775705085576315	-0.008118720887413364	0.6728043926736084	0.6714046336897124	0.6536649694767935	0.5927429957564769	0.6536649695121757	0.5927429961442088	-0.5410286368052959	-0.3876144490783796	0.5387789219114961	0.5432872072534194	0.5159614643457738	0.5205834303594632	0.01789874114773174	0.021429823859024484	0.004455650422662406	0.018762173331690734	-0.009555814524326316	-0.017954938575998256	-0.03603534248772618	-0.06682649939297493	0.002994224130391128	0.015792831670320102	-0.03872510090070229	-0.025538158745234837	-0.055518608049701025	-0.06829295839521535	0.0025518171114973253	0.015299946168826448	-0.045848849319291014	-0.03314761211984231	-0.06317503312719203	-0.07636684953082971
TORTOISE Tensor LI	-0.14499259500254233	-0.0833096049282185	0.7311253416786943	0.5300533457964471	0.5179931624832913	-0.5122766778322856	-0.6881508396325958	-0.5617226069660188	0.8870170082779424	-0.5122766776444931	-0.14499259500254233	0.20371320576311727	0.5179931624832913	0.8812467130226651	-0.5122766778322856	0.45251634624193043	0.4562806664950207	0.5922887738194641	-0.6881508396325958	0.5710166906781826	-0.8568088900878962	0.9917746721384411	1.2536233461487942	-0.010681969639836888	0.9591307715495219	-0.16593399105181242	1.0602038009942267	0.008226561361653027	-0.5485508050719342	-0.6047826902054765	-0.7482134284333255	-0.693093540148063	-0.4744316522610013	-0.004880098535786308	-0.07595542233063296	-0.4883558321928327	0.13899395165337755	-0.4457706760068076	0.7476106044511056	0.6506763476413154	-0.2903148972203906	0.04579994940463594	-0.599825563681646	-1.1003567643294003	0.1622220857741621	0.2968617179497377	0.17759465496015878	-0.33258408359788444	0.26968829946222556	0.7017010601197549	0.7109030102212176	0.8515555508971389	0.7492582079476225	0.19251211360072273	-0.14996096304817785	-0.3614330540330202	1.0892653743192529	1.2893902898815452	-0.7261369111374654	-0.13851951777239924	-0.3643067193203969	1.740421026689956	0.0	-0.8147402540652546	0.4331985091754579	0.595636885163058	0.47158456478730687	0.6250281448987526	0.6566737973113957	0.4850798320950981	0.21861470696188506	0.17923082646656371	-0.009441899809297074	-0.04396850775395693	0.6738805798817116	0.677044429829952	0.6494079400274262	0.613690828283629	0.6494079399698273	0.6136908286080669	-0.5488013889639366	-0.38064730240300054	0.4982741922268132	0.5047214583518956	0.4754998505593353	0.48203348003101354	0.006474898242249326	0.011541857353547172	0.013711704916586201	0.03226490327055094	-0.04230829187981563	-0.046721548908072286	-0.08157446040243292	-0.11290163867597251	0.009417987883825083	0.027037672723531303	-0.05404884930615602	-0.03780232952693206	-0.08321817814033741	-0.09970095035109072	0.008786590016623078	0.02627885563384059	-0.056459865992637026	-0.0378807210345312	-0.08601980593043249	-0.10141495303852933
TORTOISE Tensor RD	0.6961414908982463	0.5838258459743934	-0.9429993063036214	-0.2926366680334136	-0.7030581925373455	1.2860928379155365	1.677900235552042	1.3220634855337137	-0.7623286475662606	1.2860928381944268	0.6961414908982463	-0.393581540464861	-0.7030581925373455	-0.7381194415941146	1.2860928379155365	-0.5236960913736769	-0.5639578845178171	-0.5383822596538512	1.677900235552042	-0.5512600073950124	0.7945453921119795	-0.8262446769170235	-0.7213865127533148	-0.1985248518471411	-0.7437560298573359	0.7110582900094442	-0.8209717556308054	0.0028849530474505114	1.294957374620906	1.3652578568858122	1.7286254312555882	1.5788021604029245	1.1265360702130973	0.08828163686875508	0.16456426481718556	1.1299943674165942	-0.3639350773876633	0.9986291523996532	-1.8716203463972791	-0.8584590393300547	0.732233980753355	0.027415985870488255	0.09503617236517264	0.7575831560595355	-0.16119986238514364	-0.7071918826023321	0.05871802145455815	0.5060893446258073	-0.032957090272380585	-0.31595563534291443	-0.32501870837334135	-1.7429988588034648	-1.744233958557166	-0.7601609787222212	0.7411268846739948	0.5659901224721666	-0.8509273669387469	-0.8130134589688042	1.8914921461282104	0.8751962102912902	0.5655676404708911	-0.8695321289374576	-0.8147402540652545	0.0	-0.6499949327159075	-0.8755136093014704	-0.8047793508110507	-0.9245518420015503	-0.9119629685369224	-0.7993174859210846	-0.35903147192351714	-0.30730461498407496	0.02291218176139294	0.05882767980175104	-0.9438870905216209	-0.9210599794025882	-0.9463485765494319	-0.9136644344318111	-0.9463485762965262	-0.9136644342132894	0.5651559005217033	0.39659718486232276	-0.7414570808618622	-0.7390480630312288	-0.7064042235519462	-0.7042467302927846	-0.043996644791953185	-0.042599313200943255	-0.048383874402750084	-0.06768539346896271	0.056881852905608245	0.0644167734006049	0.16873883419165953	0.20690496816293344	-0.0435667563005259	-0.060805999730569216	0.02398034648518363	0.010337459364106506	0.1350539872255098	0.15957148226966264	-0.04357861391855384	-0.060846944503514654	0.037834577437767455	0.027409188545407897	0.14796450524913723	0.17421283147349856
ihMTw	-0.44554389909853453	-0.3871720024927087	0.5573512538646095	0.020513993149761017	0.18964224935153834	-0.6166824601826786	-0.650713691451558	-0.5656533000523141	0.2709034531185037	-0.6166824600493832	-0.44554389909853453	0.31901667154349345	0.18964224935153834	0.2780093103604805	-0.6166824601826786	0.4939212062747479	0.4548611717434631	0.21686317938385608	-0.650713691451558	0.5423019682360197	-0.2784757806067056	0.30805362077492665	0.31077658375888767	0.3469944295909301	0.5839940534322267	-0.4916331254816277	0.3215903598305089	-0.005314285363522939	-0.6801601319386681	-0.6861695361902707	-0.6665326741487017	-0.6949194224708861	-0.6006548219033473	-0.09477281167219004	-0.06193766863933316	-0.6521274194905121	0.2635071238139921	-0.5527585720187025	0.7053174262305699	0.4103735706151134	-0.48249641837350776	-0.26359527940713573	0.020956932281188147	-0.37879941796431893	-0.1330830783564122	0.48712558536633477	-0.031812689873785986	-0.3507110107264706	0.08560208666960137	0.15239029965610248	0.15709779534808527	0.7461724038125659	0.7492976195111657	0.4805589828526474	-0.44558935626545965	-0.15911692840185335	0.32782666938170213	0.3580835818444651	-0.650763607447099	-0.4046045207609462	-0.16181244709758197	0.41251370666289733	0.4331985091754579	-0.6499949327159076	0.0	1.2209243385244652	0.8455396083344153	1.2284130797639512	1.2503546743232299	0.9869041437659986	0.3102913860172234	0.2573102367523457	-0.09123147913966487	-0.12771326970172375	0.9297067756105296	0.9180598385599957	0.8748888704157161	0.881070539032411	0.8748888698384982	0.8810705378698195	-0.9608003552317377	-0.7657619630429058	0.6300529891646469	0.6270275197760715	0.5940201067611915	0.5904820812109302	-0.008476508567002768	-0.0046865252708562285	7.76671057584697e-05	0.015117432770595924	-0.15742394239219193	-0.1757132813658417	-0.20052747147022232	-0.238424608943834	0.0004777940035322451	0.014477434128488334	-0.13039844639989334	-0.12909778410634146	-0.1619744926960421	-0.18671815220610205	-0.0008553728391759253	0.01215585511234242	-0.12411804785327854	-0.11500395712615444	-0.15253899664843734	-0.16927711062808196
ihMTR	-0.5148440285799816	-0.44177205538877595	0.7163341156144647	0.17687310562214853	0.39587834693390983	-0.7833947493459039	-0.8638399724913493	-0.7527018489802912	0.4457581382286411	-0.78339474944612	-0.5148440285799816	0.3453290831411643	0.39587834693390983	0.42426835961308373	-0.7833947493459039	0.5116256630781627	0.4818495886946502	0.34818778611580126	-0.8638399724913493	0.562516548852461	-0.43288425754015963	0.4819242425407335	0.4704627063148304	0.3793268531660184	0.7933272890737008	-0.5618970879991239	0.49035923234937445	-0.024531665936157205	-0.8562954937329488	-0.8719751519026022	-0.8968729348284118	-0.9127896456899489	-0.7614228249105821	-0.11167774867861029	-0.07946476728938562	-0.8050193598498454	0.32350920664711225	-0.6828178793123673	0.9178831768620899	0.5563033134208303	-0.5897659721562374	-0.17158154522413635	-0.030181161462432864	-0.5112130588603581	-0.023491451997152274	0.598286181675143	-0.04855121320676686	-0.42841839126155745	0.06716250033699052	0.2220951617874088	0.22862083837718541	0.9922399418177698	0.9767797158589152	0.5679588243204003	-0.5219613070529571	-0.19452740795085952	0.5057144024534276	0.5310386391031134	-0.8718333143496807	-0.49074797876571896	-0.1967030502007007	0.5808953277188292	0.595636885163058	-0.8755136093014706	1.2209243385244652	0.0	1.2353343417124072	3.0242233020259506	1.719783642468156	0.956176978659237	0.3338146747635185	0.27549948558417564	-0.07400839331386842	-0.11690123518746227	1.1697011310355292	1.0699255191183838	1.163022374148012	1.1125816744890802	1.1630223730224436	1.1125816737627015	-1.1599061757668914	-1.1275847236492411	0.7402497070588832	0.7126628982058886	0.6964927864002621	0.6701572994365739	0.0073023775542762435	0.012352519163361289	0.048636808427786525	0.0686963207620831	-0.1163354383826275	-0.12141422122948793	-0.2295055692374583	-0.2632239755322447	0.04686329365183879	0.0666174021930005	-0.08325256316144239	-0.06775235807813919	-0.20046538562038968	-0.2242445421784299	0.04641035070865453	0.065835897810682	-0.08581246942208424	-0.06636398568671975	-0.2015910706343207	-0.22196566261808431
MTR	-0.5849775161853652	-0.5200573876534975	0.6089581481108992	0.12486985335240545	0.38701398591219593	-0.7943435425665009	-0.8310406136277713	-0.759732783859975	0.3711287612174732	-0.794343541878989	-0.5849775161853652	0.2932652562316088	0.38701398591219593	0.34219674864279187	-0.7943435425665009	0.41374562137266935	0.39028549877799384	0.30532803697185507	-0.8310406136277713	0.4490276640805967	-0.35992830122614383	0.3981140121360593	0.36635737968106596	0.5502832698598006	0.7541079858563797	-0.6253103247429771	0.4000969239754323	-0.026475580983466786	-0.8476138803565926	-0.8434447737759221	-0.8465217876884747	-0.868022736982428	-0.7314119304181771	-0.12498924987315996	-0.0946925487259339	-0.7689820009289706	0.38346460920447856	-0.7551606320748598	0.8424365787111094	0.48929426906638984	-0.6471612086491002	-0.15005334554170027	0.07158391859249187	-0.4159366076653672	-0.006541199377954582	0.6545561331921788	-0.13512056979011583	-0.4509280565081221	-0.02466138949729987	0.10754865921097645	0.11426474516297105	0.892317380044022	0.8938305216231457	0.6228043448268041	-0.5925743602941644	-0.0759782125579562	0.4148955748647323	0.43268046211416966	-0.830374144756336	-0.5501908150552682	-0.07689496898709604	0.4602921647407324	0.47158456478730704	-0.8047793508110507	0.8455396083344155	1.2353343417124072	0.0	1.2965494119588428	0.9249389594240371	0.8709995610424827	0.344187808085234	0.2908928967177299	-0.05048717388197832	-0.08832668312098685	0.9773568355659638	0.8498841574941082	1.0401902148861155	1.0020808219952504	1.0401902141177588	1.0020808194355864	-0.6133572014989004	-0.7279013776265806	0.6839580498017196	0.6356522035495281	0.6464628697846803	0.6002850643388474	0.026421946610207254	0.02919688937428208	0.072701033886201	0.08782537313761354	-0.07209455828720437	-0.07602886478667323	-0.21773620228140905	-0.24338971622627953	0.07614513494811274	0.09091673412679283	-0.03298953911814922	-0.01896999122819599	-0.20362411788505225	-0.2204728689137522	0.07668859661496233	0.09138770383911957	-0.03925299806347505	-0.023952982888728956	-0.21006319773994883	-0.2259224137334399
ihMTsat	-0.5284574943740059	-0.4519442827670053	0.7515068852758158	0.1835476605447078	0.4087234388713289	-0.8157405101502706	-0.9065882612391787	-0.783956591313252	0.4662631025814296	-0.8157405102136096	-0.5284574943740059	0.3595631579312242	0.4087234388713289	0.44409300933366436	-0.8157405101502706	0.5352920676007867	0.504701991882467	0.3636910921326867	-0.9065882612391787	0.5884441299740095	-0.45455285128570355	0.5053145952357694	0.4941641451436521	0.3770588548278957	0.824691772188874	-0.5776685360457828	0.514932375970801	-0.02355304909162532	-0.8951722909280269	-0.9128570904522534	-0.9451124750368698	-0.9603026976407393	-0.790690498560974	-0.11283851901694002	-0.08290296289567868	-0.8353922385994137	0.3309681079105971	-0.7152487015696258	0.9689199497593824	0.5804987640117175	-0.608543081869231	-0.1748833981529403	-0.038214505665326935	-0.536388066824592	-0.022624536725896	0.6169159141750385	-0.04591391644187759	-0.44115482057993316	0.07324985962673625	0.2354878654174426	0.24206949705561637	1.0501177379563789	1.0322490297652906	0.5839726369918019	-0.5365980782241069	-0.21126773247720002	0.5294537681564764	0.5547867162326529	-0.9167403722409212	-0.5060775147117035	-0.21355141288097054	0.6100986388354214	0.6250281448987526	-0.9245518420015503	1.2284130797639512	3.0242233020259515	1.296549411958843	0.0	1.806081743181805	1.0151138773174881	0.34502210637040576	0.28384860098346015	-0.07484089700026222	-0.11912738128891924	1.3209822235407567	1.1992875338737963	1.2867987433213834	1.2029865757627276	1.286798742132032	1.2029865752676	-1.1466233119110818	-1.0495273610649039	0.79073631890247	0.7651236326090751	0.7415257636281789	0.7177107301937052	0.007402335970897968	0.012609243238524984	0.044927486452885	0.06538830099576394	-0.11995992037639887	-0.12645301974377796	-0.22906756694772354	-0.2652201539689894	0.043447592110759305	0.06353938791713448	-0.08813639794776958	-0.07296033170876935	-0.1995091056739286	-0.22459880581311842	0.042914771908310397	0.06264835511613526	-0.09045992483728073	-0.07109613832773334	-0.20031730594807987	-0.2217903577222076
ihMTsat-B1c	-0.48791740736893846	-0.4126921733798929	0.7678384011625234	0.18377053190376005	0.3991368606412053	-0.7772126579214509	-0.8814587820187073	-0.7514760888847435	0.4803232939264099	-0.7772126579761478	-0.48791740736893846	0.3825584455071237	0.3991368606412053	0.4659874056995963	-0.7772126579214509	0.5595918378365338	0.5307117232079287	0.3551323735133508	-0.8814587820187073	0.6137166271331531	-0.46148670775560185	0.517283949713966	0.5103241413138574	0.19117778007293165	0.6949384505055272	-0.5308870602108683	0.5312462790462833	-0.017690593349944064	-0.8501003952544499	-0.8777858300924687	-0.9161697744236159	-0.9268801968137259	-0.7605795193456405	-0.09712127000160625	-0.07040158376081396	-0.8084561474130495	0.26103908135225606	-0.6651318271314017	0.9561006923762728	0.5578720863735376	-0.5774476606493247	-0.17547797504679905	-0.06240058775132776	-0.5515904085017255	-0.025257740703288265	0.5854801354610888	-0.022385393547944606	-0.4198068882455345	0.0939314580752283	0.2615988300878766	0.2682075300600443	1.0382986950330664	1.0149053119937588	0.5467878608580152	-0.4945643912380862	-0.3844098808564008	0.5408439575524389	0.5757073382391414	-0.8933162629136124	-0.47000127304013306	-0.3867612436613304	0.629943485155633	0.6566737973113957	-0.9119629685369224	1.2503546743232297	1.719783642468156	0.9249389594240371	1.806081743181805	0.0	1.085725782863192	0.3094969924740395	0.2489228303779616	-0.1126235202817268	-0.15634855609312917	1.3314673362594949	1.367985737658679	1.1703724868025294	1.1477513264148935	1.1703724861500289	1.1477513264578516	-1.3972314073003573	-0.8388003394112036	0.7532876197614343	0.7653425717582877	0.7046079272628111	0.7156371608444451	-0.00292171133550646	0.0036030103390821445	0.01968843412733241	0.04361962477710262	-0.17680108196461683	-0.18609956690489424	-0.2540120356987122	-0.30026261532252746	0.012555151863359362	0.03573041020282429	-0.13516741856159956	-0.12110292869906476	-0.1931336800284596	-0.22601656853387866	0.011369485957477572	0.03414763015917255	-0.13418513197994147	-0.11435414226614735	-0.18947771424709914	-0.21686584181723573
R2	-0.5715743706242137	-0.5025486466223766	0.6423745948906241	0.06626996269857871	0.3302541042274478	-0.7699541483648368	-0.8032345829208641	-0.7177476695198334	0.36324007745557996	-0.7699541479123294	-0.5715743706242137	0.35698088584078275	0.3302541042274478	0.3498223221283749	-0.7699541483648368	0.4894614890672131	0.46446698761298905	0.27025471489665714	-0.8032345829208641	0.5228993027842243	-0.33630797730465783	0.38680459282851615	0.36019131553006684	0.2696237135042611	0.5689668379551344	-0.6054018058467164	0.3969629444657423	-0.004268208910112984	-0.8146347558452942	-0.816368369296606	-0.8059616884403726	-0.831366892967272	-0.7062629508723567	-0.099899198259099	-0.07364877223752947	-0.7568055105524688	0.2565985566131494	-0.7073730372705384	0.8771625975258679	0.5000473493894484	-0.6211108296607638	-0.17639759203136363	0.07395878837053561	-0.3969102733173891	-0.030830501799375465	0.6323493981723448	-0.09750079091255835	-0.4107922911667759	0.019209668228145762	0.1354352467404461	0.1424819161790036	0.9063752110739567	0.9193812838281034	0.6354389742562433	-0.5776692295611375	-0.3254011059263341	0.40254508176546366	0.4250627769711653	-0.8038641103110037	-0.5511022936503992	-0.32612265440043403	0.465818675656149	0.4850798320950982	-0.7993174859210846	0.9869041437659984	0.956176978659237	0.8709995610424827	1.0151138773174881	1.085725782863192	0.0	0.36393428148999474	0.3084257304060806	-0.17870717131300956	-0.20680217398566625	1.0474189987328892	1.0505824969576916	1.0256668455706077	1.0515271368929577	1.0256668441385086	1.0515271357254892	-0.6993504371584912	-0.45492135146856044	0.7239563389047963	0.7288148402217542	0.6852045937602318	0.6890549662146918	0.052327594060517756	0.05521609120785467	0.08625846405020343	0.11116114462691147	-0.153585479921288	-0.16000630303834842	-0.3101837134620273	-0.35062472022223284	0.08225404881874934	0.10587098976331598	-0.06006861085546812	-0.05002730079192123	-0.2355217686121009	-0.26915949863265926	0.08106765893679214	0.1039978406038539	-0.056372097312534744	-0.039642603771761334	-0.2313790126578958	-0.25973408819784355
R2*-E5	-0.09654259471005068	-0.04512707455533635	0.36489228081668734	0.10181117259738899	0.16186043717212156	-0.23209193597686126	-0.27763031774749736	-0.22187010872124105	0.2659293985204011	-0.2320919357273849	-0.09654259471005068	0.28158367352896085	0.16186043717212156	0.2498102816919718	-0.23209193597686126	0.32555960290630354	0.34872012673190556	0.25634546332505936	-0.27763031774749736	0.2909157947433927	-0.3119987543445856	0.29791126220127984	0.26547224245863443	-0.04259560895692972	0.16629132007306657	-0.12194336385460212	0.2913199114196742	0.004112574131497696	-0.2548859756224667	-0.2573112439510884	-0.30245980951284007	-0.2851016467987023	-0.20529439346000597	-0.01916428665085213	-0.07173749631753418	-0.22162661224650454	0.15573273870115656	-0.2259880787280785	0.3492837865425472	0.3794972803476435	-0.09196186052562345	0.04444065310324218	-0.08344828517015546	-0.2021510354062356	0.10662916560717668	0.08337642931747383	0.20736371241784865	0.03978027088834545	0.2215322392924684	0.2753038961429911	0.27538525714387696	0.3082456245092501	0.32825932504374644	0.1505698999539861	-0.1265523751153587	-0.2647569681111284	0.2959571108762759	0.26252069435788566	-0.30101292784961875	-0.23329649595133134	-0.2687255594748629	0.2522439068773746	0.21861470696188506	-0.35903147192351714	0.3102913860172234	0.3338146747635185	0.344187808085234	0.34502210637040576	0.3094969924740395	0.3639342814899947	0.0	1.7021447103131635	1.0767659079928986	0.9062493733109702	0.37043935892904634	0.35002038344427333	0.4175823250882622	0.35469108354931445	0.41758232529189904	0.3546910835945099	-0.24758005469952327	-0.22907939863712304	1.2167467952625828	1.2065270006834135	1.1962682467734655	1.187013150867615	0.19943221686182427	0.18114474592330634	0.13057314564930309	0.14542078443927398	0.5550598014187663	0.5415556003290537	0.3888408525168152	0.36205594236485766	0.1354394049127094	0.14579782557066995	0.19633153244806154	0.2138483188779629	-0.021065250370076033	-0.021786983486811233	0.13569691714494675	0.14573360519411474	0.1793322340112687	0.1890388746248193	-0.03658214813591288	-0.04346377060192898
R2*-E4	-0.0774092343285361	-0.03170957005200201	0.31852402666832647	0.09277748621481427	0.14711811450078482	-0.19381089823546188	-0.2330801017199064	-0.18588315356414994	0.23635220965224468	-0.19381089769138363	-0.0774092343285361	0.25511035941704635	0.14711811450078482	0.2193608221738992	-0.19381089823546188	0.28193066411928625	0.30590915514576156	0.2309862737457552	-0.2330801017199064	0.24508596479709888	-0.27710828452386044	0.2632216458738681	0.22900606918282915	-0.04805443627831413	0.12761537413396098	-0.09878479525749327	0.25568140951516555	0.0028048676069495626	-0.21171091689516003	-0.21285632526753867	-0.25512704865203795	-0.2379243013379624	-0.1694486578737613	-0.01298661822618972	-0.0668235502796007	-0.182168742337811	0.139248025931168	-0.1911853079833039	0.2977750417206577	0.3341642772643793	-0.07160869108311403	0.05955184586131288	-0.0654961810767114	-0.16683595187012487	0.11329084651917738	0.06367324653297038	0.19208092253445347	0.05478511247293749	0.19876988826827904	0.24342312792612542	0.2434143580506475	0.25772341359459866	0.27695792784194573	0.1285902375094951	-0.10658702680128536	-0.24079009921370692	0.2596203466580314	0.22758758718093225	-0.2548797087520273	-0.20933022018047012	-0.24429955027898492	0.21131333033528338	0.17923082646656371	-0.3073046149840749	0.25731023675234566	0.27549948558417564	0.2908928967177299	0.2838486009834602	0.2489228303779616	0.3084257304060806	1.7021447103131635	0.0	1.002015081278836	1.132330093969679	0.30320670572184855	0.28370261742491426	0.3470945277811564	0.294066221484295	0.3470945279962625	0.2940662215786616	-0.1908054337695291	-0.18313143144618635	1.0075938800836375	0.9996930238463033	1.1753344317164807	1.1658686552266064	0.1968617321319528	0.17850212265884224	0.13269076966781723	0.14713505021327475	0.5466134010290007	0.5994526613487994	0.38256160172273485	0.4123059560816495	0.13770460891125166	0.14711750038308194	0.2073735765208929	0.22461266152253662	-0.012979178946178943	-0.012655340610223583	0.13822190185392796	0.1474134050803458	0.1892369907840772	0.19911228161848352	-0.02979863314915463	-0.034994780763511715
R2'-E5	0.21394267048631235	0.24103908924926004	0.04617198572982022	0.0785560367221398	-0.022462411030558065	0.13454917397565197	0.09685691342552068	0.12779080130164017	0.0755107850970173	0.1345491740751134	0.21394267048631235	0.09141043479290945	-0.022462411030558065	0.06638836739749847	0.13454917397565197	0.07923806839891794	0.10867135436527778	0.111649029248549	0.09685691342552068	0.03637149879784677	-0.13081056300513463	0.09452039698513892	0.08511233668891885	-0.20890499394482512	-0.10395251151100193	0.19590017931085138	0.08762187769381778	0.009722553085530564	0.12024740239269237	0.11786295547713424	0.07236075400973062	0.09488005653888873	0.14704387740948605	0.028967357947939847	-0.013139340083789345	0.1389829831750658	0.010334084256930883	0.11070157709424396	-0.04953607520105567	0.10827366284732194	0.23485486119345192	0.1312411987514358	-0.15944461621191547	-0.004089287272791966	0.11268499265593171	-0.24628327480178136	0.28684277744991954	0.26175133276910256	0.23443457192479522	0.22638976296304966	0.22244406900698102	-0.09104395538882708	-0.07707210420926136	-0.17845881674108752	0.18630498799512443	-0.09079041188386028	0.08505138175158734	0.04628103139641514	0.07565317944080471	0.07345987001756449	-0.09451806820156679	0.02775705085576315	-0.009441899809297072	0.022912181761392935	-0.09123147913966487	-0.07400839331386842	-0.050487173881978306	-0.07484089700026221	-0.1126235202817268	-0.17870717131300956	1.0767659079928986	1.0020150812788362	0.0	1.638600156982476	-0.0542476580793331	-0.0686638635945763	-0.01812160949305771	-0.06840544662308656	-0.01812160916148931	-0.06840544627825135	0.04654310543342599	-0.017149367287254285	0.5155623819761668	0.5142772431720763	0.5278342525026763	0.5269268530408256	0.1626633963489453	0.1461460100317815	0.06481923555932431	0.06490790043158896	0.7077455583757037	0.6927095638269155	0.640818391430013	0.634840561627532	0.07255326506911867	0.06939610140550642	0.19591622953630297	0.20667854555537854	0.09496322328242146	0.11114291056246005	0.07335343666897184	0.07021081505628175	0.18209607663422278	0.18281710803954643	0.08257024577016796	0.09167559750723933
R2'-E4	0.2168565190489954	0.23799633903493506	0.009666632113127764	0.06570802262666493	-0.03337677501091971	0.15803257645874208	0.12711173451190635	0.1501259697697339	0.04817290435185698	0.15803257679695845	0.2168565190489954	0.06688449563271241	-0.03337677501091971	0.0384240664233365	0.15803257645874208	0.04091061826908527	0.07080195872492705	0.08740238135855735	0.12711173451190635	-0.0032046436704805128	-0.09885057855709592	0.0630800086089782	0.050860669027330274	-0.20711408222485808	-0.13685177236003204	0.20365752613135835	0.0550263147772692	0.008445869829917588	0.14899064155172384	0.14817153949461653	0.10555183820059029	0.12773823789041247	0.16755293894417106	0.03334283142755468	-0.010590844818518028	0.16462170841573534	-0.0023829035212043796	0.13324560228867582	-0.08521353033038698	0.0728511234197285	0.23908032239509613	0.1421087103994681	-0.13365348434627314	0.02792392169274262	0.11708138153023465	-0.25010404987471635	0.25874184949525425	0.2642423734876617	0.20224399572383528	0.18852533650223102	0.18474276088557162	-0.1266909609829698	-0.1126233807022295	-0.185498932748357	0.1902927625437522	-0.07177498607190395	0.0523814674496094	0.014803669592594538	0.10719323359706828	0.08302865731569231	-0.07494122455932462	-0.008118720887413366	-0.04396850775395692	0.05882767980175104	-0.12771326970172375	-0.11690123518746227	-0.08832668312098685	-0.11912738128891927	-0.15634855609312917	-0.20680217398566633	0.9062493733109701	1.132330093969679	1.638600156982476	0.0	-0.10170746769371197	-0.11542147016706875	-0.06635654788766462	-0.11096518198224141	-0.06635654766361784	-0.11096518159050894	0.0913416903231985	0.02213458839328141	0.43190142846249413	0.43087741736501844	0.5196800323704398	0.5193819881252197	0.15958272467206522	0.14238116475282553	0.06897798484785364	0.06931038951398916	0.6712963307629948	0.7412336804128752	0.6009436758269937	0.6721618118676924	0.07700984669875252	0.07351910162023823	0.20614491474063767	0.21612696491261613	0.09728927750144183	0.1129614955662391	0.0780113129229122	0.07460859271083012	0.19100122896871147	0.19154216953923417	0.08338646405863877	0.09268466347022716
R1	-0.46310056602557564	-0.38684399528093194	0.78763999602769	0.2213641104621917	0.44215152866826074	-0.7626298917153821	-0.8755259554017839	-0.747293718396061	0.5408863523462885	-0.7626298918175407	-0.46310056602557564	0.384147760429885	0.44215152866826074	0.5158260546632952	-0.7626298917153821	0.5538433135602369	0.5372480841019185	0.4147537112842938	-0.8755259554017839	0.5959026238485904	-0.5390452426828267	0.5875667752017816	0.5706103956409134	0.2025735458160084	0.732947879538052	-0.511396216728464	0.598522710770837	-0.009827481181793864	-0.8389286443569222	-0.8624694916660117	-0.9311772156351936	-0.9243635185459028	-0.7455791757117687	-0.09828512271582093	-0.08167383001340667	-0.7764453254023579	0.28995848097990823	-0.6813551185377928	0.956361410711235	0.61316846467797	-0.5379941026739444	-0.10009913080029972	-0.10278559625195426	-0.5894688883826235	0.04912363542153304	0.5406920822945743	0.0029856856310087674	-0.38985390547009896	0.11033040200658122	0.30842197299770996	0.3138413929135472	1.0178263676612582	0.9973426410563032	0.5213311297271811	-0.4794776830337213	-0.373766838851512	0.6051903539748597	0.6102765697064819	-0.8986335036482288	-0.4830605596839183	-0.37641421973679745	0.6728043926736084	0.6738805798817116	-0.9438870905216209	0.9297067756105296	1.1697011310355294	0.9773568355659638	1.3209822235407567	1.3314673362594944	1.0474189987328892	0.37043935892904634	0.30320670572184855	-0.0542476580793331	-0.101707467693712	0.0	2.639173451939012	1.7134346152339257	1.3299249595957	1.71343461568053	1.3299249592911324	-0.8858820891741812	-0.597693065128869	0.9409730812776429	0.9421014060133677	0.872962458248033	0.8736685636591451	0.021438340379984756	0.025401669268254237	0.02512381390947006	0.04303783440466357	-0.1122905412025476	-0.12921614979610707	-0.19497344291985344	-0.23979592536570105	0.022825526105827602	0.0397401753658464	-0.09114786486810855	-0.08435400163968997	-0.16498501416187977	-0.1930114141456261	0.021823962110892155	0.0382686087194534	-0.09355798350778091	-0.08320536031094641	-0.16635602626535342	-0.19095298823588827
R1-B1c	-0.44062904473330455	-0.36563421550686753	0.7816259532407643	0.21862231365568152	0.4295291995431968	-0.7359163196209596	-0.8504483923211582	-0.7219482319133557	0.5379793403966889	-0.7359163197738843	-0.44062904473330455	0.3879701603186446	0.4295291995431968	0.5173178861056739	-0.7359163196209596	0.5565806295948981	0.5414788342583919	0.40600753236903425	-0.8504483923211582	0.5984423673436416	-0.5345504089327079	0.5833886875586436	0.5700053792589352	0.13340716979077996	0.6733401471180619	-0.48621465307192174	0.5971919549982363	-0.006041952407694696	-0.808535785232878	-0.8341710365665368	-0.9031819181016166	-0.89501714264026	-0.7197396892523245	-0.09430856089761677	-0.07249399482972113	-0.7543907690286401	0.2626956843949822	-0.6524480639837332	0.9333831701544426	0.5928667803247734	-0.5176604598202497	-0.10289063820547688	-0.11217966054065297	-0.5870848656010141	0.0434789246785567	0.5200539956569953	0.013319985729649934	-0.37778893487722204	0.11852436820701036	0.3165796500424805	0.32201099458765964	0.9921362811888557	0.9712822585446798	0.49916210931619404	-0.45657911823995495	-0.4403824663517749	0.5992667733247571	0.6074834448229919	-0.8734748482391387	-0.46219574126484464	-0.4431416536552986	0.6714046336897124	0.677044429829952	-0.9210599794025882	0.9180598385599957	1.0699255191183838	0.8498841574941083	1.199287533873796	1.3679857376586793	1.0505824969576913	0.35002038344427333	0.28370261742491426	-0.06866386359457631	-0.11542147016706875	2.6391734519390124	0.0	1.5311576021209903	1.2668657745384655	1.5311576021712678	1.2668657747093264	-0.9144770189843086	-0.5351486357075332	0.9040155990227193	0.9201519523953948	0.8389100364607833	0.853001885577617	0.012225409518626367	0.016989412517567196	0.008110543400338307	0.026159077663626278	-0.13775422244749008	-0.15654670240377974	-0.19803011907146473	-0.2457405874024868	0.0045634870402619	0.021690136490649117	-0.11332981079171549	-0.10784110818116388	-0.15527499706399503	-0.18549482755901997	0.0033534353239893385	0.019991072178358524	-0.11409737550742385	-0.10440591697160155	-0.1544968553482629	-0.18044495715421227
MPRAGE-MyelinW	-0.4785500979631312	-0.40002503629732133	0.7848356955425132	0.21430539195513998	0.43745021559837843	-0.7699580826526666	-0.873321881271245	-0.7481383358489839	0.5282679672814479	-0.7699580828753892	-0.4785500979631312	0.3813726449913759	0.43745021559837843	0.5024304512770246	-0.7699580826526666	0.5547712067912303	0.5392949106578262	0.416669608014614	-0.873321881271245	0.5958877556181549	-0.5311123739649812	0.5758310754897988	0.5560893746224885	0.25787562719030227	0.7429684355709051	-0.5269278669131959	0.5858563426613452	-0.020554576193658556	-0.8436577425240995	-0.8602715027144591	-0.9286674249584742	-0.920889728968472	-0.7431543803776607	-0.1033726729292773	-0.09396773180533097	-0.7668058401211227	0.3097859066713056	-0.7044383547919251	0.965758089007943	0.640147290899245	-0.5385973472600877	-0.09224727742063797	-0.08461629403724041	-0.5651513336766615	0.057784065685540904	0.5410497805663601	0.006622347495001583	-0.37976732012531866	0.11402751753076887	0.3025811001026838	0.3085050145706501	1.0103624109341138	0.9985365733996563	0.5388663869187059	-0.49460500739693797	-0.3158246208317414	0.5961068895124977	0.5992081671066908	-0.8951194547556796	-0.5088278907269761	-0.3185801655462353	0.6536649694767935	0.6494079400274261	-0.9463485765494319	0.8748888704157161	1.1630223741480121	1.0401902148861153	1.2867987433213834	1.1703724868025294	1.0256668455706077	0.4175823250882622	0.3470945277811564	-0.01812160949305771	-0.06635654788766462	1.7134346152339257	1.5311576021209903	0.0	1.8057822606201703	4.9517187756431005	1.8057822600814781	-0.7866688415529675	-0.6141559894352472	0.9658662315555588	0.9493344729313549	0.896102626276961	0.8812484848092804	0.04766378645601557	0.050408106520325395	0.06921311674670723	0.09081515128806203	-0.057758116187508216	-0.07048689758002818	-0.18913421824576832	-0.2325461552844266	0.06706420554674157	0.08780637143536285	-0.04456450439236049	-0.03146358522139315	-0.18888202643533644	-0.21557347830917814	0.06628109152345242	0.08665975901442764	-0.04828306023202321	-0.032261177785011017	-0.19413370075877806	-0.21979235132309044
SPACE-MyelinW	-0.5489219096226023	-0.47277799024670003	0.7502183825963867	0.15932375147787992	0.4000513072132696	-0.8115507131489804	-0.8881381856258436	-0.7735933655811323	0.45303055544552123	-0.8115507135329237	-0.5489219096226023	0.3652395815628733	0.4000513072132696	0.4352835504567871	-0.8115507131489804	0.5327057638725035	0.5078794800185852	0.35138126189212165	-0.8881381856258436	0.5838516143306552	-0.4402155548499055	0.4899777878892596	0.4760788393801781	0.3164856174300166	0.7276705426639506	-0.594441721974054	0.5051261024321715	-0.03219325115051726	-0.8820609032161372	-0.8909907090267573	-0.9250106961990885	-0.9356953783311485	-0.7654906249175167	-0.12046489558929378	-0.08163602041397354	-0.7934820994846064	0.3115793916032524	-0.7663324949185868	0.9678576217793536	0.5711501589392901	-0.6048666635522878	-0.15607483426348012	-0.010768963902573174	-0.5123949020983931	-0.0031958331732522076	0.6117818003841496	-0.06033935244093942	-0.4347671542400189	0.05761394567200811	0.22095832056258857	0.22850524465320918	1.026153823620188	1.0179501429673126	0.6062619966508063	-0.5551621199308012	-0.28217498242510974	0.5138217613734407	0.5426691956812008	-0.8952775022114252	-0.5359728871222269	-0.28421434601347156	0.592742995756477	0.613690828283629	-0.9136644344318113	0.8810705390324112	1.1125816744890802	1.0020808219952504	1.2029865757627274	1.1477513264148933	1.0515271368929575	0.35469108354931445	0.294066221484295	-0.06840544662308655	-0.1109651819822414	1.3299249595956997	1.2668657745384657	1.8057822606201699	0.0	1.8057822583519003	4.9517187756431005	-0.7404014681312049	-0.5588997990726449	0.7977495216491499	0.7894773567308415	0.747917130419014	0.7399915957671716	0.05570962717019278	0.06013071485850839	0.09421845262252847	0.1217171543739378	-0.09221953340530889	-0.09464665912964935	-0.26196545966130275	-0.3040494760445692	0.087562385517398	0.11487117061415117	-0.049215680857930606	-0.028126226097650888	-0.23734910320339542	-0.2681622131697039	0.0867057254885776	0.11378389818937659	-0.04880375835449416	-0.02216211819799711	-0.2377757621564565	-0.2656644460229659
Scaled MPRAGE-MyelinW	-0.4785500972158994	-0.4000250355258359	0.7848356964792871	0.21430539255936643	0.4374502159691369	-0.7699580820701442	-0.8733218807579725	-0.7481383353134571	0.5282679676096441	-0.7699580822928666	-0.4785500972158994	0.38137264532420934	0.4374502159691369	0.502430451472786	-0.7699580820701442	0.5547712070365542	0.5392949109762059	0.4166696082886452	-0.8733218807579725	0.5958877555863861	-0.5311123742880196	0.5758310757264358	0.5560893748830306	0.2578756262967144	0.742968435477161	-0.5269278661079451	0.5858563428276503	-0.020554575877344702	-0.843657741756277	-0.8602715020060827	-0.9286674244044175	-0.9208897283376426	-0.7431543795253781	-0.10337267302144683	-0.09396773197347304	-0.7668058395454668	0.3097859069357333	-0.7044383543083635	0.9657580884593089	0.6401472913353472	-0.5385973466048285	-0.0922472768933989	-0.0846162944620983	-0.5651513337245856	0.057784066185531974	0.5410497799493652	0.006622348147870325	-0.37976731941556935	0.11402751808451089	0.302581100788038	0.30850501521903867	1.0103624103218243	0.9985365727595706	0.5388663862204377	-0.49460500670107854	-0.3158246214073295	0.5961068896532402	0.5992081668521778	-0.895119454229101	-0.5088278902969274	-0.31858016613357903	0.6536649695121757	0.6494079399698273	-0.9463485762965262	0.8748888698384982	1.1630223730224436	1.0401902141177588	1.286798742132032	1.170372486150029	1.0256668441385082	0.41758232529189904	0.3470945279962625	-0.018121609161489305	-0.06635654766361784	1.7134346156805307	1.5311576021712678	4.9517187756431005	1.8057822583519003	0.0	1.8057822578132445	-0.786668841095227	-0.6141559887829724	0.9658662318613717	0.9493344730997834	0.8961026267827447	0.8812484852857347	0.04766378685995208	0.050408107454348816	0.0692131171425022	0.0908151515874521	-0.0577581158754632	-0.0704868972860172	-0.18913421800986385	-0.2325461551151667	0.06706420593560798	0.08780637168698331	-0.04456450410091325	-0.03146358504322886	-0.18888202640352708	-0.21557347826028472	0.06628109191848976	0.08665975927236039	-0.0482830599550746	-0.032261177644929806	-0.19413370077704067	-0.21979235142111403
Scaled SPACE-MyelinW	-0.5489219092280986	-0.4727779898707247	0.750218382496075	0.15932375179876868	0.4000513072812588	-0.8115507127666715	-0.8881381853018797	-0.7735933653992908	0.45303055582511315	-0.8115507131506127	-0.5489219092280986	0.36523958146333707	0.4000513072812588	0.43528355069976354	-0.8115507127666715	0.532705763422419	0.5078794795911349	0.35138126192727676	-0.8881381853018797	0.5838516139600735	-0.44021555527604245	0.4899777883168021	0.47607883962386227	0.3164856170007433	0.7276705429859791	-0.59444172129123	0.5051261028738224	-0.032193250522721636	-0.8820609025607049	-0.8909907085966424	-0.9250106958971436	-0.9356953779107058	-0.7654906247384617	-0.12046489530983945	-0.08163601989619383	-0.7934820989168078	0.31157939104024196	-0.766332494143374	0.9678576210884002	0.5711501584525184	-0.6048666632479992	-0.15607483409404332	-0.010768964404532854	-0.5123949025681825	-0.003195833099659065	0.6117818001023259	-0.06033935218827625	-0.4347671538416526	0.05761394590608584	0.22095832095182288	0.22850524499794259	1.0261538231120704	1.017950142282665	0.6062619962306663	-0.5551621195183395	-0.28217498225659665	0.5138217620901279	0.5426691962323216	-0.8952775020469073	-0.5359728866917997	-0.2842143458493722	0.5927429961442088	0.6136908286080669	-0.9136644342132894	0.8810705378698195	1.1125816737627015	1.0020808194355864	1.2029865752676	1.1477513264578514	1.051527135725489	0.35469108359450985	0.2940662215786616	-0.06840544627825135	-0.11096518159050894	1.3299249592911324	1.2668657747093264	1.8057822600814786	4.9517187756431005	1.8057822578132445	0.0	-0.7404014684180316	-0.5588997987485611	0.797749521992675	0.7894773572868482	0.7479171308540549	0.739991596445174	0.05570962696879872	0.060130714680064375	0.09421845126221527	0.12171715343979608	-0.09221953424787219	-0.09464665953143074	-0.261965458596191	-0.3040494752782028	0.08756238427616733	0.11487116976935156	-0.04921568169680478	-0.028126226389411556	-0.237349101746528	-0.2681622120367437	0.08670572424146414	0.113783897345887	-0.04880375929451495	-0.022162118714462182	-0.23777576065349598	-0.2656644450005201
G-ihMTsat	0.2230889063000195	0.16460437364026803	-0.5161899877460483	-0.22698584805962674	-0.2516380122822377	0.45035392011806197	0.533102157219318	0.4411034692219953	-0.3873642131097167	0.4503539200412009	0.2230889063000195	-0.23874537358935602	-0.2516380122822377	-0.3797201626328919	0.45035392011806197	-0.4064762607957035	-0.3804942053699581	-0.3022843125762485	0.533102157219318	-0.4597844298943466	0.3919532694230546	-0.425492801695119	-0.4601947192407065	-0.01461230138532898	-0.497610028051576	0.2589779210775414	-0.43859028294586394	0.01664334164529179	0.5034818935518833	0.5264062953906322	0.5623991655335394	0.5625020928312425	0.44962140519334687	0.05712615955135908	0.03187123154981041	0.4823189300040215	-0.1605972836075405	0.37146195525079007	-0.5724993554905806	-0.3912851814857146	0.30458863551217386	0.12477114108844263	0.22534809586901924	0.43420028726518944	0.02831936646509532	-0.3096993595902459	-0.07353058588933072	0.2763913279494826	-0.1555638066305145	-0.3185316195855655	-0.3215779387179265	-0.6276574457458195	-0.6064263791839246	-0.2642540449157036	0.22658716190956038	0.2883922648239909	-0.4419326390834226	-0.4619315938336753	0.5421441903204528	0.21415557611400712	0.2910540824194719	-0.5410286368052959	-0.5488013889639366	0.5651559005217032	-0.9608003552317377	-1.1599061757668914	-0.6133572014989003	-1.1466233119110818	-1.3972314073003573	-0.6993504371584912	-0.24758005469952327	-0.1908054337695291	0.04654310543342599	0.09134169032319847	-0.8858820891741812	-0.9144770189843083	-0.7866688415529675	-0.7404014681312049	-0.786668841095227	-0.7404014684180316	0.0	1.1962431922901338	-0.5769023437684289	-0.5900140534310685	-0.5372172334867017	-0.5495263808354769	0.014689515896808985	0.007824947610644784	0.007484278310166286	-0.012939073754775276	0.11796658973657925	0.13144363390892763	0.1463371205514659	0.18854041008168373	0.012392708015394643	-0.0073606815685830175	0.13221062857224858	0.12034980802441204	0.13217429182146795	0.1579411905175961	0.01371709330468129	-0.005599728241125252	0.13010731868748737	0.11233987304080245	0.1277553274360354	0.1482686372451091
G-ihMTR	0.18039204403895076	0.1374818861504824	-0.3473086522062393	-0.19203498671330557	-0.18037314966574397	0.339627727124953	0.38661321679372734	0.33010768604375745	-0.26705769662052603	0.3396277272441576	0.18039204403895076	-0.12595903375383943	-0.18037314966574397	-0.25342558297193357	0.339627727124953	-0.2626929106591749	-0.23699263198406245	-0.23469931418159068	0.38661321679372734	-0.3082331904483048	0.2802851837199532	-0.2986572345804327	-0.33068454143416914	-0.23960992144451643	-0.5017392542379596	0.21483842093363498	-0.3037993947318765	0.02619298378715172	0.3835797887649765	0.3931527732626162	0.4103314802554861	0.4145583418165704	0.33834516793863545	0.06347626613079024	0.02917538330497848	0.3627122397820544	-0.20397017406492152	0.2908573119841708	-0.3985869298554215	-0.30009169599295904	0.23734896980529147	0.10255219747328122	0.18141009184342166	0.3056207717904772	0.03313070505195538	-0.2423380225151651	-0.036081819819137786	0.2341552469685726	-0.10219721761641712	-0.2229351119100372	-0.22475970609279766	-0.44288076633801	-0.4286547864633203	-0.20377136462187878	0.18201939085761185	-0.029981520172854464	-0.3125639286759465	-0.31903687158747185	0.3900749817237963	0.1594512488311632	-0.027657902966245602	-0.38761444907837966	-0.38064730240300054	0.3965971848623228	-0.7657619630429058	-1.1275847236492411	-0.7279013776265806	-1.0495273610649039	-0.8388003394112037	-0.45492135146856044	-0.22907939863712307	-0.18313143144618635	-0.017149367287254285	0.02213458839328141	-0.597693065128869	-0.5351486357075332	-0.6141559894352472	-0.5588997990726449	-0.6141559887829722	-0.5588997987485611	1.1962431922901338	0.0	-0.4484499099291483	-0.41961223521990476	-0.4203604591523571	-0.39222521352197404	0.00854340525872137	0.0041764879037843716	-0.025639279320958507	-0.03708179973257617	0.02003956675188627	0.02699042667225668	0.0838646059566699	0.10390167954379521	-0.029274831450711403	-0.04083268559782446	0.05107442731360429	0.03945334164075665	0.11794154953677978	0.1266906277159136	-0.02904120014699867	-0.040296889663759834	0.0532119591794602	0.038488548271709305	0.11949943486317675	0.1260870760599435
Q-Ratio-E5	-0.26581375606836904	-0.18799534725454295	0.6877543558625752	0.2170580974937321	0.3510345982639527	-0.5167606395010965	-0.6120322621845935	-0.5056686587333569	0.5027109983378674	-0.5167606394393061	-0.26581375606836904	0.4123713020418292	0.3510345982639527	0.4752317150447858	-0.5167606395010965	0.535003765709064	0.5550793496471683	0.4325796112603812	-0.6120322621845935	0.5191546019977235	-0.5529765612045643	0.557773176303716	0.5183806950919609	0.02195774546299557	0.4424023829645155	-0.30500301077354824	0.5528460456849191	0.0002712912682159171	-0.5631236494146769	-0.5765590409779854	-0.6601059569407732	-0.6322069563476128	-0.49406797890473314	-0.05393817044652407	-0.10417370800590338	-0.5125676194152263	0.2588500572812872	-0.46457706808510835	0.7231687020775337	0.6417245177500545	-0.2962763915096077	0.013391599539764034	-0.1466343359520846	-0.44877642918912336	0.13296281320617906	0.2881643707675162	0.19198954702633042	-0.12906417606222184	0.25033912586333495	0.4062670682664681	0.40894843896065936	0.6910444526942688	0.7063290166971216	0.33818251994471643	-0.30114374362925905	-0.42722018337973366	0.5614672899402543	0.5235258737163678	-0.6489671918018259	-0.4096861716944043	-0.4321709366569645	0.5387789219114961	0.4982741922268132	-0.7414570808618622	0.6300529891646469	0.7402497070588832	0.6839580498017196	0.79073631890247	0.7532876197614343	0.7239563389047963	1.2167467952625826	1.0075938800836375	0.5155623819761669	0.43190142846249424	0.9409730812776429	0.9040155990227193	0.9658662315555588	0.7977495216491497	0.9658662318613717	0.7977495219926748	-0.5769023437684289	-0.4484499099291483	0.0	3.313947960991905	2.184476707089747	2.1295906043479063	0.14575940371314022	0.13277164519499476	0.09129562145092993	0.10927228570883651	0.29440736668975276	0.27658898893706024	0.1786360901413143	0.13894163495351888	0.09520480178069084	0.10871769062601387	0.10379649165883927	0.11935608805930145	-0.05653676556047136	-0.06695392537838243	0.09500223458066999	0.1081186655225969	0.08569146177374866	0.0949214033353545	-0.07410235681728758	-0.0898409151148475
Q-Ratio-E5-B1c	-0.2564291418246518	-0.1785669717950429	0.6918336453372441	0.21627409840981407	0.3456872863622213	-0.5089797790540089	-0.6069536819426097	-0.49835529342057105	0.505186986662131	-0.5089797789879639	-0.2564291418246518	0.4187125302504925	0.3456872863622213	0.47995033114662694	-0.5089797790540089	0.5433096474940534	0.5636704720834391	0.43091621600926666	-0.6069536819426097	0.5272159073233048	-0.5551891211899482	0.5604556538097965	0.5230683679932622	-0.012706293200536001	0.42441246419908474	-0.2949537422378095	0.5572136907898528	0.0023284317407547355	-0.5554095216682591	-0.5705156336976109	-0.6550144347373754	-0.6266508520990606	-0.4878300497174391	-0.051981312533637435	-0.1007432614742499	-0.5079554349196229	0.2441887476355975	-0.45463573956998643	0.7206269970537094	0.6373280853230703	-0.2887653786789172	0.009330300689018516	-0.1540671977164884	-0.45334023688380787	0.128041585088251	0.2805676609887433	0.20041737785606553	-0.12397385777498508	0.25848882743913665	0.4148264800492526	0.4174688746754124	0.6883341097458374	0.7028592272099078	0.3289686792270958	-0.2913343671189934	-0.4651201514048993	0.5640253278600543	0.5279912177175002	-0.6442860196249146	-0.4007346464013145	-0.4702940905809907	0.5432872072534192	0.5047214583518956	-0.7390480630312288	0.6270275197760715	0.7126628982058886	0.6356522035495281	0.765123632609075	0.7653425717582877	0.7288148402217542	1.2065270006834135	0.9996930238463033	0.5142772431720763	0.43087741736501844	0.9421014060133679	0.9201519523953948	0.9493344729313549	0.7894773567308414	0.9493344730997835	0.7894773572868483	-0.5900140534310686	-0.41961223521990465	3.313947960991906	0.0	2.1330041550395054	2.1800443345024685	0.14006234856698785	0.12745496836875048	0.0818829531669516	0.10034235182789013	0.2843268270206999	0.2661419137724056	0.18291830025628705	0.14168894615928534	0.08539577841870105	0.09946492986105539	0.092124295450298	0.10756163063169193	-0.05048338332766335	-0.06220264161978295	0.08506934502018161	0.09874451361772199	0.07456823682071241	0.08402797005087463	-0.06727336002891296	-0.08389826597886808
Q-Ratio-E4	-0.24944398153318084	-0.17374917478290763	0.664625457147651	0.2169285632779111	0.3454926456628965	-0.4906170219871079	-0.5820677886974279	-0.48135625444348723	0.4914914718272668	-0.49061702156638126	-0.24944398153318084	0.40664456112800546	0.3454926456628965	0.46215993771571834	-0.4906170219871079	0.5164160167133649	0.5384862114918795	0.4244286525801432	-0.5820677886974279	0.49585939110522953	-0.5377865672729266	0.542881255829522	0.5009638362926643	0.012942598774139473	0.4168624405257092	-0.2866549794769719	0.5371893855348526	-0.0008290089753536871	-0.5335194203745067	-0.5459703016121971	-0.6280198275407199	-0.5997258923078377	-0.46890815320941637	-0.05001187879943943	-0.10210362491895429	-0.485958514846756	0.250458823262108	-0.4409663928501053	0.6894900239443703	0.619271003097431	-0.27943577542475007	0.024530733912738936	-0.1402460682136672	-0.4286434543089065	0.14012918275838424	0.2720497864545483	0.19430727785096985	-0.11306095777889319	0.24729840964358615	0.3971690152650319	0.3997117586748035	0.6561843151014713	0.6718130440249233	0.3232600540962861	-0.28525336447429595	-0.4202342813935656	0.5449031242149529	0.5067347240053356	-0.6181915381434271	-0.3956887195039783	-0.4250877233937185	0.5159614643457738	0.4754998505593353	-0.7064042235519461	0.5940201067611915	0.6964927864002621	0.6464628697846804	0.7415257636281789	0.7046079272628112	0.6852045937602318	1.1962682467734653	1.1753344317164807	0.5278342525026763	0.5196800323704399	0.872962458248033	0.8389100364607833	0.896102626276961	0.7479171304190138	0.8961026267827447	0.7479171308540549	-0.5372172334867017	-0.4203604591523571	2.184476707089747	2.133004155039506	0.0	3.3274843059199015	0.14844316201591415	0.13604555210730024	0.09411567513714839	0.11165930959616971	0.3054137494679552	0.31970333094313375	0.1923578533864704	0.18281603422105536	0.09800412467906068	0.11091208350129403	0.11493693607273035	0.1317147162903313	-0.04729322226370505	-0.05578802008693638	0.09801748688992153	0.1106076413913105	0.09511822375114645	0.10533375293921426	-0.066525872263897	-0.08013145713288139
Q-Ratio-E4-B1c	-0.2401005020206095	-0.16434103179596163	0.6686231592643606	0.21644018039673624	0.3403583068327444	-0.4830810148175967	-0.5772729638168295	-0.47432242353151055	0.49409467953988245	-0.4830810144060065	-0.2401005020206095	0.4127914498133662	0.3403583068327444	0.4669256012826806	-0.4830810148175967	0.5245716657172282	0.5468768252321078	0.42290555149396586	-0.5772729638168295	0.5038181741270372	-0.5400988146253608	0.5456757764701718	0.5057988245594387	-0.02117758977540391	0.3997899944744416	-0.27667205102810366	0.5416843386728128	0.001399101999184001	-0.5261008567804175	-0.5402272723854414	-0.6232599791391815	-0.594502414008488	-0.4629346665319062	-0.04814898671407124	-0.09852290071085806	-0.4815511089528143	0.23606246745922976	-0.43121077872262054	0.6871208748161541	0.6151000436626602	-0.2720046834624815	0.0205084422604761	-0.14786334588212469	-0.43335794927787663	0.13526909712025534	0.26452937705417334	0.20277509028154136	-0.10816125803701812	0.2555184515556567	0.40580621309620535	0.4083065683468803	0.6537058739740463	0.6685269851449236	0.31401369525402695	-0.27544961084412434	-0.4572354736883975	0.5475736182189579	0.5113220518506604	-0.6137786504678955	-0.3867274446802763	-0.46230541069502634	0.5205834303594632	0.48203348003101365	-0.7042467302927846	0.5904820812109302	0.6701572994365739	0.6002850643388474	0.7177107301937052	0.7156371608444452	0.6890549662146918	1.187013150867615	1.1658686552266064	0.5269268530408256	0.5193819881252197	0.8736685636591449	0.853001885577617	0.8812484848092804	0.7399915957671716	0.8812484852857349	0.7399915964451739	-0.5495263808354769	-0.3922252135219741	2.1295906043479063	2.180044334502469	3.3274843059199006	0.0	0.14277442432175874	0.13073254575825832	0.08472081454371469	0.10277301642749093	0.29550837993234264	0.309555578713465	0.19703956799166644	0.1862610303685644	0.08829542046054481	0.10177745245017415	0.10345962219085074	0.120246539706554	-0.041079681249211	-0.0507772656973753	0.08818977486959943	0.10135842484874188	0.0841622074459151	0.09468930378397053	-0.05958907520551067	-0.07405069402504819
QSM-SEPIA-E5	-0.039907229201287434	-0.033774610558033095	0.04209487097969978	-0.005676158372466837	0.023499731628843702	-0.03449376698460592	-0.02617616883596325	-0.029044317001905313	0.020535379275989373	-0.03449376740232085	-0.039907229201287434	0.028525488997636073	0.023499731628843702	0.01591326372516505	-0.03449376698460592	0.018467401082659318	0.027717464181517732	0.03436233842672144	-0.02617616883596325	0.00704082694764084	-0.03773838049575655	0.027692523715973912	0.019835473220953505	-0.05248227317967113	-0.029508527754904517	-0.04209618981646722	0.026993313094658387	-0.0022603702284311735	-0.0313595721129842	-0.022730461861445943	-0.03162254368392802	-0.02639271975060397	0.005414283836371896	0.0012045273305639405	-0.0260818934469997	-0.007567237745055534	0.06387617124354661	-0.09439512365447542	0.0339175588472698	0.04851886987755405	-0.026255776350402237	0.045466050568331536	0.01854655018331117	0.0012551139641959193	0.0486095079055241	0.021363763293849248	0.0026460599884387823	0.02448897023099375	-0.0031988302362718746	0.018737703645979317	0.01937856931498497	0.021538405351563938	0.028455570177844693	0.04308237329288508	-0.049387662956112334	-0.0749307015489914	0.028964436942922066	0.017492112580889854	-0.03224142856407041	-0.07430751161256674	-0.07469243161376934	0.01789874114773174	0.006474898242249325	-0.043996644791953185	-0.008476508567002768	0.0073023775542762435	0.026421946610207254	0.007402335970897968	-0.002921711335506462	0.052327594060517756	0.19943221686182427	0.1968617321319528	0.1626633963489453	0.15958272467206522	0.02143834037998475	0.012225409518626369	0.04766378645601557	0.05570962717019278	0.04766378685995208	0.05570962696879872	0.014689515896808985	0.008543405258721368	0.14575940371314022	0.14006234856698785	0.14844316201591415	0.14277442432175874	0.0	1.3177258923977728	0.5692920221716786	0.6261126719869475	0.4760209861510208	0.4961882913069759	-0.2001743224363204	-0.2150546653529664	0.587840435954754	0.6442583587933999	0.5631585391208839	0.6123345694987105	-0.43904488786932805	-0.46895715081473305	0.5898826822829436	0.6468436590634375	0.5534105740035494	0.6003740870567924	-0.4548443083704139	-0.49526891049854804
QSM-SEPIA-E4	-0.0390650522797494	-0.03356807266855564	0.042736967714130915	-0.002620021646189193	0.026367739261465364	-0.035143244362430895	-0.027969399468963516	-0.03063604170265994	0.022635816500912138	-0.035143244605846884	-0.0390650522797494	0.02821107337272976	0.026367739261465364	0.01730854131269441	-0.035143244362430895	0.01926052825327893	0.02709185251733789	0.03343200459807997	-0.027969399468963516	0.00900400744404203	-0.034397816290584256	0.028192023560110583	0.021509054480422143	-0.04345655133317865	-0.018314132214239116	-0.04131886346993911	0.028138494119148212	-0.0034233722039153295	-0.03290054589078576	-0.02512457689358433	-0.03316719914444267	-0.0285562871247035	0.0035886357051419385	0.0004761474478616565	-0.023937897943890653	-0.009421099241635164	0.06006009784863445	-0.09423072960495713	0.03526618326549661	0.04435461866000236	-0.02884725041847997	0.03978053235588604	0.017898621482386485	-0.0023211165769562135	0.043334234725794174	0.025490402547678998	-0.000707492184724257	0.018070211932480804	-0.00442757994387691	0.01661052528982665	0.01727021589625241	0.025497760057350265	0.03129098341648583	0.043497054723854484	-0.047152071175127576	-0.06511477348264275	0.03001703396233844	0.02018866437597961	-0.03319057782325258	-0.06753391973769726	-0.06486726995210697	0.021429823859024484	0.01154185735354717	-0.042599313200943255	-0.0046865252708562285	0.012352519163361289	0.02919688937428208	0.012609243238524984	0.0036030103390821485	0.05521609120785467	0.1811447459233063	0.17850212265884224	0.1461460100317815	0.14238116475282553	0.025401669268254237	0.0169894125175672	0.050408106520325395	0.06013071485850839	0.050408107454348816	0.060130714680064375	0.007824947610644782	0.004176487903784373	0.13277164519499476	0.12745496836875048	0.13604555210730027	0.13073254575825832	1.3177258923977728	0.0	0.5190375851025825	0.5710731514808925	0.4322463988797412	0.4513986246499589	-0.19304255199924178	-0.20823201191058824	0.5344756520479281	0.5860126603195754	0.5060925216087936	0.5512650762681156	-0.4108056334454601	-0.4394635620434502	0.5362577521299718	0.5882930616642185	0.4979036899357574	0.5416073315522739	-0.4244228427193358	-0.46228740301689647
QSM-X-R2'-E5-X	-0.13405577531935328	-0.13949663599252132	0.02101130184018097	-0.06748074036368694	0.00151495343255358	-0.0943199370289137	-0.06690696007805205	-0.07996796568095922	-0.029766782989694512	-0.09431993674552187	-0.13405577531935328	-0.0068019717012385295	0.00151495343255358	-0.024981164283912484	-0.0943199370289137	0.009796798734321406	-0.003162517291692161	-0.028313447047916933	-0.06690696007805205	0.025795089758746823	0.037867630969709486	-0.027486933485526	-0.024250579722116066	0.11695631355249882	0.06442686463434592	-0.13231642382658504	-0.02325095126160186	-0.026899959370545817	-0.09016753922336743	-0.08278279227432041	-0.06068755602708166	-0.07130521673861333	-0.05557111201132686	-0.00019332639398638988	-0.021913105493821895	-0.07103110343214951	0.0487393540166583	-0.1512360276669848	0.057770115420950174	0.018223320332567978	-0.12688013334579654	-0.07026126740557972	0.08656259081219272	0.0012487280616083952	-0.057534438511380355	0.12896585545918374	-0.10107267364101634	-0.08769482556437955	-0.07635629709049721	-0.06982586347943548	-0.06752852173342459	0.06743846043404986	0.06649054625350499	0.12046315197376131	-0.12380539212730964	0.045298788113310215	-0.01418369893313164	-0.002393793490403322	-0.06068788363928655	-0.08897355352909633	0.04635486272779948	0.004455650422662409	0.013711704916586201	-0.04838387440275007	7.766710575847179e-05	0.048636808427786525	0.072701033886201	0.044927486452885	0.01968843412733241	0.08625846405020345	0.13057314564930309	0.13269076966781723	0.06481923555932431	0.06897798484785364	0.02512381390947006	0.008110543400338307	0.06921311674670724	0.09421845262252847	0.0692131171425022	0.09421845126221527	0.007484278310166288	-0.025639279320958507	0.09129562145092993	0.0818829531669516	0.09411567513714839	0.08472081454371469	0.5692920221716786	0.5190375851025825	0.0	1.2444642155552674	0.7678078828655034	0.6138839965646318	-0.6514928795836387	-0.4943849580141909	2.7996580205033257	1.2333466674197344	1.2422379678635875	0.9155183308915457	-1.1720962899103307	-0.8526066686795162	2.746157577292286	1.2326321477929858	1.2994855351813914	0.9640979626077191	-1.2096728460605684	-0.8838816580755898
QSM-X-R2'-E4-X	-0.1550921216418691	-0.16006440607400757	0.035631741248744964	-0.06826445413791171	0.00873970572869088	-0.11722796885404196	-0.08932738370056213	-0.1018171622598557	-0.024802280203746016	-0.1172279690343955	-0.1550921216418691	-0.002213356722432781	0.00873970572869088	-0.018511234885669598	-0.11722796885404196	0.02130895981481847	0.005623996967435754	-0.027407197048308216	-0.08932738370056213	0.041401823739301284	0.03529279151602415	-0.021983589944777577	-0.016811830351213603	0.12617408713083492	0.08322981211762544	-0.15331327316041196	-0.01696487206712826	-0.02925400475283237	-0.11315995024349747	-0.10610553261396787	-0.08188315175549896	-0.09394897795591638	-0.07370423261824402	-0.0018188886430222967	-0.026445871381598544	-0.09192185484035868	0.05539367286440339	-0.17789684790415908	0.07843718751850025	0.027302005622587736	-0.15165511342690846	-0.08640547209540844	0.09091699132818232	-0.011501207632500484	-0.06931613920564844	0.1542177040228259	-0.11238429803403863	-0.10962598353574503	-0.08212840311886856	-0.07189779530990822	-0.06934599765025802	0.0914188485194927	0.08933635521632098	0.14040008228421672	-0.14303889560045996	0.03983302520802114	-0.005934808395103014	0.011096846556201327	-0.08218935587373465	-0.10098259955178172	0.04103129911026239	0.018762173331690734	0.03226490327055094	-0.06768539346896271	0.015117432770595924	0.0686963207620831	0.08782537313761354	0.06538830099576393	0.04361962477710262	0.11116114462691147	0.14542078443927398	0.14713505021327475	0.06490790043158898	0.06931038951398914	0.04303783440466357	0.026159077663626278	0.09081515128806203	0.1217171543739378	0.0908151515874521	0.12171715343979608	-0.012939073754775272	-0.03708179973257617	0.10927228570883651	0.10034235182789013	0.11165930959616971	0.10277301642749093	0.6261126719869473	0.5710731514808925	1.2444642155552674	0.0	0.6228386491222392	0.7384622254507368	-0.5373829353639499	-0.6122380122949821	1.2296887185751484	2.777470470114832	0.9204667467178411	1.202465651043123	-0.8983217104513572	-1.1389298460594326	1.2290457896058515	2.7330259782756565	0.9456613400837665	1.3083322198844616	-0.9126099472030211	-1.2049154065985492
QSM-X-R2'-E5-Para	0.1473268900748998	0.16049093687852364	-0.007622602313335883	0.03811036189664257	-0.029439180545182644	0.11858239216576047	0.10646101103018739	0.11606941716889138	0.028545925936326048	0.11858239244551096	0.1473268900748998	0.024925458012253512	-0.029439180545182644	0.01797770654967639	0.11858239216576047	0.011629626034781935	0.031827172557189046	0.07021787481722097	0.10646101103018739	-0.017896440555778353	-0.07173043682328292	0.043279363204594454	0.034770176007691445	-0.13510349320917592	-0.09579998746433133	0.13876962473686272	0.03497746665887901	-0.005622542159059791	0.11594401754694611	0.11973333698154406	0.0910373934796133	0.10688510276858113	0.15527760344949745	0.04147655153098411	-0.017547333071595336	0.14544590868237886	0.015727434590916675	0.05443394475685876	-0.07766604564895059	0.07119847159625793	0.16804956694842305	0.120758613508895	-0.09536607013067824	0.03719863496922833	0.09721184815213577	-0.1760734275425294	0.17955509393064106	0.2019404765096452	0.13846883022104206	0.13853824731535563	0.13640712196778473	-0.10868615799297117	-0.09855789892499064	-0.1293391536090201	0.13029036693500876	-0.018597143045905193	0.03979718388126755	0.0063554741603258635	0.09282570500029251	0.05599393297656677	-0.02044362536588415	-0.009555814524326316	-0.04230829187981563	0.056881852905608245	-0.15742394239219193	-0.1163354383826275	-0.07209455828720437	-0.11995992037639887	-0.17680108196461683	-0.15358547992128802	0.5550598014187662	0.5466134010290007	0.7077455583757036	0.6712963307629947	-0.1122905412025476	-0.13775422244749008	-0.057758116187508216	-0.09221953340530889	-0.0577581158754632	-0.09221953424787219	0.11796658973657925	0.020039566751886267	0.29440736668975276	0.2843268270206999	0.3054137494679552	0.2955083799323426	0.4760209861510208	0.4322463988797412	0.7678078828655036	0.6228386491222393	0.0	1.4279231412719389	0.10671345372336068	0.17099760856572624	0.7849587675608516	0.6353461827882436	1.0362325707848978	0.8390724224514825	-0.4042050769897727	-0.3019690946368025	0.7868095073308362	0.6371614825174938	1.0093343330950622	0.8112345534450531	-0.4265664882315869	-0.33316579041508027
QSM-X-R2'-E4-Para	0.13912937761225205	0.1502739260848379	-0.01174976829654883	0.0365191523658695	-0.027414658350579595	0.11883622051406727	0.10991805727550007	0.11612431034641586	0.02068161282221387	0.11883622058377796	0.13912937761225205	0.0221979896574165	-0.027414658350579595	0.008664560604084688	0.11883622051406727	0.0019873932862943078	0.02167301211965363	0.06022384975835675	0.10991805727550007	-0.027581164586018787	-0.05564783748297269	0.031963791696880704	0.023210264114588892	-0.124114633312389	-0.09956063401236814	0.13299057291017574	0.02397278436994749	-0.008508704776771818	0.11887788764722003	0.12327489370520735	0.0963551768258154	0.11167216555338973	0.15593363362081097	0.04328105521483148	-0.01897671519646104	0.14811481146895883	0.014006059742013828	0.05288121749244645	-0.08127430600211927	0.06112792233323321	0.15709417193453232	0.11669518214674862	-0.07769394276490148	0.0482001473302959	0.09265423108591034	-0.16303194108177646	0.1638040120398387	0.19512993481990873	0.1228952510829398	0.1214945035921188	0.11973028292857273	-0.11066239037448297	-0.10092332654781032	-0.11840143051048017	0.12339758341791354	-0.006667338260381986	0.02996553640930245	0.0016721250603311307	0.097306624356863	0.053858775331813366	-0.008286077226850815	-0.017954938575998256	-0.046721548908072286	0.0644167734006049	-0.17571328136584172	-0.12141422122948793	-0.07602886478667323	-0.12645301974377796	-0.18609956690489424	-0.1600063030383484	0.5415556003290537	0.5994526613487994	0.6927095638269155	0.7412336804128752	-0.12921614979610707	-0.15654670240377974	-0.07048689758002818	-0.09464665912964938	-0.0704868972860172	-0.09464665953143074	0.13144363390892763	0.02699042667225668	0.27658898893706024	0.2661419137724056	0.31970333094313375	0.309555578713465	0.4961882913069759	0.45139862464995884	0.6138839965646318	0.7384622254507368	1.427923141271939	0.0	0.1484754362798871	0.1623808253881604	0.6286061298793807	0.7508235629492974	0.8198366440952368	1.0171168811909574	-0.3179463405585254	-0.3623323488860134	0.6304321201731878	0.7533140952363179	0.7963641116871717	0.9766100309288323	-0.33785171254929214	-0.3979152001866517
QSM-X-R2'-E5-Dia	0.3953744684183422	0.4176174856706357	-0.05822737646241582	0.12350052490868584	-0.06471377378204309	0.30513428057387487	0.250269488400952	0.28126643094587583	0.05027885311563568	0.3051342808724137	0.3953744684183422	0.029767204389288277	-0.06471377378204309	0.03453772291121602	0.30513428057387487	-0.002943636880044053	0.03382340133407576	0.09325702317050022	0.250269488400952	-0.0552583736455108	-0.10013768972520533	0.0604043403643299	0.05406498585973121	-0.3206474983005587	-0.2079084306375852	0.38227333899346405	0.04650967550272191	0.031389164904514544	0.2948963310808208	0.2868703305885884	0.22409959795764692	0.2564689764614697	0.2813071863158315	0.04983477595154858	0.01659200841617826	0.29456629945360524	-0.07012828925716746	0.3226512431127596	-0.19930823987019855	0.03042288601343273	0.40547089197679786	0.21714420185458833	-0.23434901755950005	0.05348615113230393	0.16496697938957872	-0.41566030201323645	0.36332983960662146	0.3738405360842209	0.27757954974223553	0.25011474327813854	0.24412949501382877	-0.2468812609287342	-0.23590559934177233	-0.3501978540228197	0.36218858765163775	-0.05604793207925188	0.0392149189897195	-0.009754744081622097	0.22726953478372675	0.22674643289050375	-0.060007091902930465	-0.03603534248772618	-0.08157446040243292	0.16873883419165955	-0.20052747147022226	-0.2295055692374583	-0.21773620228140905	-0.22906756694772354	-0.2540120356987122	-0.3101837134620273	0.3888408525168152	0.38256160172273485	0.640818391430013	0.6009436758269937	-0.19497344291985344	-0.1980301190714647	-0.18913421824576837	-0.2619654596613027	-0.18913421800986385	-0.261965458596191	0.1463371205514659	0.0838646059566699	0.1786360901413143	0.18291830025628705	0.1923578533864704	0.19703956799166641	-0.2001743224363204	-0.19304255199924178	-0.6514928795836386	-0.5373829353639499	0.10671345372336068	0.14847543627988707	0.0	1.4554685197198438	-0.6310260839283178	-0.5248567060162608	-0.32660447921130803	-0.2474439651444238	0.9592592265879467	0.8041611538690644	-0.6289875348595766	-0.5229539257284566	-0.3490221158580137	-0.2831559597132159	0.929793219056342	0.7728954304108068
QSM-X-R2'-E4-Dia	0.4180118956793831	0.4372510807884444	-0.08400048942301226	0.11486180360131316	-0.08136320250274419	0.3403810114786757	0.2884732015168561	0.316008610651906	0.02793255903676419	0.3403810121546086	0.4180118956793831	0.020478240385107566	-0.08136320250274419	0.010538003983676948	0.3403810114786757	-0.024025565828324585	0.013536076043222697	0.07561831334652853	0.2884732015168561	-0.08055947871204075	-0.0735013923831765	0.03470195579372165	0.027493710984455237	-0.3139638384191862	-0.23383094206815386	0.4061757823351264	0.02052913282002708	0.03226162634841126	0.3316625255121842	0.32469950212035226	0.2622160616327004	0.29524587802815583	0.3100793496320578	0.054140788400737556	0.02168234067773502	0.3276849476462762	-0.0807487645178005	0.3593426648836954	-0.2345416107439075	0.005059330592562974	0.43200979110451776	0.2239773396139837	-0.22078394709054847	0.08332931822353308	0.16487873772051873	-0.4406345860931502	0.36359964151800234	0.39936798808981183	0.2720983026312747	0.23309819163053547	0.22703152308239158	-0.284571969664919	-0.2724564501815457	-0.36914729304522337	0.38435141673871825	-0.027515120650962458	0.01263664526569524	-0.036732825315995865	0.26540439963322193	0.24533479236482092	-0.03153946418344696	-0.06682649939297493	-0.11290163867597251	0.20690496816293344	-0.238424608943834	-0.2632239755322447	-0.24338971622627953	-0.26522015396898935	-0.30026261532252746	-0.35062472022223284	0.36205594236485766	0.4123059560816495	0.634840561627532	0.6721618118676924	-0.23979592536570105	-0.2457405874024868	-0.2325461552844266	-0.3040494760445692	-0.2325461551151667	-0.3040494752782028	0.18854041008168373	0.10390167954379521	0.13894163495351888	0.14168894615928534	0.18281603422105536	0.18626103036856442	-0.21505466535296638	-0.20823201191058824	-0.4943849580141909	-0.612238012294982	0.17099760856572624	0.16238082538816043	1.4554685197198434	0.0	-0.4783859805047992	-0.5971545107795226	-0.22129911883552864	-0.27788992380410976	0.75397218064179	0.9451926724567945	-0.47659627712439606	-0.5945874197879387	-0.2408231643857452	-0.31661467827390155	0.7301340287838103	0.9064548568847907
QSM-X-R2pnet-E5-X	-0.12647882169745464	-0.13132675690500606	0.01841618506333207	-0.06077092619678738	0.0037515670674741325	-0.08744342419978783	-0.060352301606117716	-0.07356597311868211	-0.026659653694710145	-0.08744342368252875	-0.12647882169745464	-0.008396462720161419	0.0037515670674741325	-0.024343143332127917	-0.08744342419978783	0.00506888214668365	-0.0065469203639183385	-0.020944516308210544	-0.060352301606117716	0.018617519005731224	0.03159313551513917	-0.023715623477609783	-0.022099442533853774	0.11438505977742225	0.06186512571352879	-0.1254017091432456	-0.020496266840517564	-0.02363882950903084	-0.08363069078056187	-0.07531065303631215	-0.05556694826378106	-0.06497315442479532	-0.04958919104797248	-0.00027924484568159257	-0.022329249010301554	-0.06257413585917856	0.05228611486701831	-0.14629073452242913	0.05121588556535901	0.02030165951375639	-0.11864505040097496	-0.05386927380677427	0.081501863160579	0.004013240346612297	-0.042932865581850846	0.12022652120755284	-0.0949885885959165	-0.07783378544520798	-0.07310420469959147	-0.064187380524895	-0.0621343933214209	0.059635199572880805	0.0593641414336543	0.11352554799303187	-0.11805705052027785	0.04906867593088953	-0.011828945846038167	-0.003768125463258194	-0.05496950992300748	-0.08653754000916929	0.05008935423676061	0.0029942241303911295	0.009417987883825087	-0.0435667563005259	0.0004777940035322472	0.0468632936518388	0.07614513494811274	0.04344759211075931	0.012555151863359358	0.08225404881874934	0.1354394049127094	0.13770460891125166	0.07255326506911867	0.07700984669875252	0.022825526105827606	0.004563487040261899	0.06706420554674157	0.087562385517398	0.067064205935608	0.08756238427616733	0.012392708015394643	-0.029274831450711407	0.09520480178069082	0.08539577841870105	0.09800412467906068	0.08829542046054481	0.587840435954754	0.5344756520479281	2.799658020503327	1.2296887185751484	0.7849587675608516	0.6286061298793807	-0.6310260839283177	-0.4783859805047992	0.0	1.2508185025851037	1.27568998268121	0.9319417158684989	-1.1783778808068923	-0.852875244587369	4.275318932790337	1.2519020877671259	1.3310806254313405	0.97834946223825	-1.2235537681852615	-0.8890450703407935
QSM-X-R2pnet-E4-X	-0.14802013545577197	-0.152889359794336	0.03054361772995583	-0.06373131743185187	0.009178394608940859	-0.1099367830770817	-0.08195349996329063	-0.09491068323310292	-0.024356012741342876	-0.1099367829825469	-0.14802013545577197	-0.006331246258702038	0.009178394608940859	-0.02016514534111095	-0.1099367830770817	0.015297540986180271	0.0004155467371629075	-0.022695558733883677	-0.08195349996329063	0.033853627644169076	0.03212982367384351	-0.021048870946516546	-0.016923745263495955	0.1273696352077625	0.08199603715425025	-0.14681748636600964	-0.016837624499932154	-0.026612754618416945	-0.10624088272057006	-0.09830428031585378	-0.07564828449002568	-0.08690451829830588	-0.0671061594382684	-0.0017785641607423034	-0.025978281793689967	-0.0830653946661857	0.0586218364390573	-0.17302020591256667	0.07019624420749396	0.026407704434977985	-0.14380605488894269	-0.07310927022712378	0.0869991176432912	-0.008048168397655708	-0.05793361589012269	0.14592942886024507	-0.10874479001393722	-0.10210626782582619	-0.08058314756184022	-0.06891314946169398	-0.06652491431717687	0.08251647348009106	0.0807823143596644	0.13298460758464697	-0.13709267601737446	0.04782120985505328	-0.0062520371115206775	0.007579506687069111	-0.07516493609637365	-0.0964390544686448	0.04900637053771663	0.015792831670320102	0.027037672723531303	-0.06080599973056923	0.014477434128488332	0.0666174021930005	0.09091673412679281	0.06353938791713448	0.03573041020282429	0.10587098976331598	0.14579782557066995	0.14711750038308194	0.06939610140550641	0.07351910162023823	0.039740175365846404	0.02169013649064911	0.08780637143536285	0.11487117061415117	0.08780637168698331	0.11487116976935156	-0.00736068156858302	-0.04083268559782446	0.10871769062601386	0.09946492986105539	0.11091208350129406	0.10177745245017415	0.6442583587933999	0.5860126603195754	1.2333466674197349	2.7774704701148316	0.6353461827882436	0.7508235629492974	-0.5248567060162608	-0.5971545107795225	1.2508185025851037	0.0	0.9359848484014056	1.2290874633952453	-0.9029335116200811	-1.1507941166978741	1.2509260595612748	4.028362476263562	0.9598821938987838	1.3359203618695827	-0.9203198771378345	-1.2248906214651423
QSM-X-R2pnet-E5-Para	-0.010873571466760363	-0.012110256446229936	-0.03039547727818228	-0.020884837581056706	-0.003188493330682505	0.021624126892810396	0.03984607022119656	0.02666624847715076	-0.01727648919205959	0.021624127230104394	-0.010873571466760363	-0.020386788804293073	-0.003188493330682505	-0.023776799392861984	0.021624126892810396	-0.04387039859019751	-0.032712751493434604	0.013155368922192425	0.03984607022119656	-0.057705745365784156	-0.0041056570152974555	-0.01126855287250432	-0.024411702057026214	-0.011353851773363614	-0.06944912761658999	-0.005769289892442671	-0.016160275926418426	-0.01139769153617987	0.03344641816211393	0.04353136698356944	0.03861966366089478	0.044141607608631374	0.05928091310937224	0.02672501874145925	-0.02442362429395088	0.056471154109199624	0.04015983888286775	-0.03931549770247928	-0.03563605875699299	0.025167875667256305	0.015083614068860733	0.07490883061289966	0.03444168901945222	0.05580684164046066	0.06524707024535435	-0.020751901283854388	-0.000966886469089299	0.05905132835066634	-0.019164717217506046	-0.010661377000577423	-0.010140362284697696	-0.05341420100179029	-0.04559727882116075	0.007795719270326338	-0.017419701197178124	0.005169423608861081	-0.009586552768026389	-0.025528335398117292	0.035203347914808454	-0.043625229406187266	0.00586081486630515	-0.03872510090070228	-0.05404884930615602	0.023980346485183626	-0.13039844639989334	-0.08325256316144239	-0.032989539118149225	-0.08813639794776958	-0.13516741856159956	-0.06006861085546812	0.19633153244806154	0.2073735765208929	0.19591622953630297	0.20614491474063767	-0.09114786486810855	-0.11332981079171549	-0.04456450439236049	-0.049215680857930606	-0.04456450410091324	-0.04921568169680479	0.13221062857224858	0.05107442731360429	0.10379649165883927	0.09212429545029802	0.11493693607273035	0.10345962219085074	0.5631585391208839	0.5060925216087936	1.2422379678635875	0.9204667467178411	1.0362325707848978	0.8198366440952368	-0.32660447921130803	-0.22129911883552864	1.2756899826812103	0.9359848484014056	0.0	1.2910475760078552	-0.5787208629850725	-0.4539799192951651	1.2798138141584015	0.9386161358912266	2.575061299879885	1.2565504646690788	-0.6091062815109538	-0.49075061434136036
QSM-X-R2pnet-E4-Para	-0.022491720498581984	-0.02274508354797046	-0.013525962462656319	-0.011993447161362514	0.009266946423868617	0.007280743446533763	0.024831870521922022	0.011998515436057258	-0.006961301370655573	0.007280743523025256	-0.022491720498581984	-0.010956407574657883	0.009266946423868617	-0.015571995322008134	0.007280743446533763	-0.035219836171852814	-0.02467759661547676	0.019112121547083517	0.024831870521922022	-0.04855625828425657	-0.007715415465957515	-0.0024907108873913272	-0.015503845416633796	-0.004837472421852902	-0.056281597483147	-0.017209595889472917	-0.006680922426873566	-0.015823716237602477	0.019266344727587034	0.029323679292491637	0.02353594277912398	0.029252583123966856	0.04799189986085917	0.02719633984806628	-0.02993581193211403	0.0449448116202438	0.04827035689774555	-0.05729778075042608	-0.019007303927716046	0.03448699862565678	-0.002152564074496289	0.06754635332894414	0.038874310227535167	0.048533668897227954	0.06104438660096513	-0.001597071494490589	-0.005499176069865953	0.048625596587167925	-0.02169433769878332	-0.00840519006750904	-0.007582292263619553	-0.0345415196923996	-0.027421282142172432	0.024375900306078897	-0.02839225955677867	0.003987720348391642	0.0016555298066030632	-0.009770043964669576	0.020367420625511657	-0.05226075320034488	0.004720544766172883	-0.025538158745234837	-0.03780232952693206	0.010337459364106506	-0.12909778410634146	-0.06775235807813919	-0.01896999122819599	-0.07296033170876935	-0.1211029286990648	-0.050027300791921234	0.2138483188779629	0.22461266152253662	0.20667854555537854	0.21612696491261613	-0.08435400163968995	-0.10784110818116391	-0.031463585221393156	-0.02812622609765089	-0.03146358504322886	-0.028126226389411556	0.12034980802441204	0.03945334164075665	0.11935608805930145	0.10756163063169193	0.1317147162903313	0.120246539706554	0.6123345694987105	0.5512650762681155	0.9155183308915457	1.202465651043123	0.8390724224514825	1.0171168811909574	-0.24744396514442374	-0.27788992380410976	0.9319417158684989	1.2290874633952453	1.2910475760078552	0.0	-0.4734978334206487	-0.5395277108770831	0.9348024298931062	1.2339928123468202	1.2304030373103945	2.26227105004539	-0.501178267879309	-0.5914760360943535
QSM-X-R2pnet-E5-Dia	0.2591334203783101	0.2663876504797176	-0.08012975286705083	0.08597228603858899	-0.03429503055840065	0.21908150753501068	0.18532741710213593	0.1982640030205334	0.019701176074286522	0.21908150736343396	0.2591334203783101	-0.010080608958848264	-0.03429503055840065	0.010302565811935555	0.21908150753501068	-0.05331550904109644	-0.022708386968000347	0.0419409527455863	0.18532741710213593	-0.09194939420037605	-0.047761001341252544	0.020096296198238113	0.009209525292276083	-0.23170117669582138	-0.19344410430881917	0.2615823067727521	0.009310926449705301	0.03187917845878764	0.22253386202300465	0.21604851717987417	0.17386437078333947	0.19727073584106508	0.18252421158992335	0.034283053360566175	0.018616016596026127	0.2043967640990966	-0.06970629862538183	0.26791361393986834	-0.158452139796117	-0.019320327414711076	0.27070554515082446	0.17142368561116608	-0.131559443945965	0.05906349710094473	0.13420358821305015	-0.27827145159396705	0.20013149421265747	0.23209034384084173	0.13816610832898563	0.11867433995396158	0.11494802890845625	-0.19289658588596667	-0.1851715582573291	-0.2354262610084048	0.23760013607586267	-0.06065672797110312	0.0009826308851743671	-0.030069197100479488	0.1705731613516837	0.149276243161391	-0.06233000045943327	-0.055518608049701025	-0.08321817814033743	0.1350539872255098	-0.16197449269604208	-0.20046538562038968	-0.2036241178850522	-0.1995091056739286	-0.1931336800284596	-0.2355217686121009	-0.02106525037007603	-0.012979178946178943	0.09496322328242146	0.09728927750144183	-0.16498501416187977	-0.15527499706399506	-0.18888202643533644	-0.23734910320339542	-0.18888202640352708	-0.237349101746528	0.13217429182146795	0.11794154953677978	-0.056536765560471346	-0.05048338332766335	-0.04729322226370505	-0.041079681249211006	-0.43904488786932805	-0.4108056334454601	-1.1720962899103307	-0.8983217104513573	-0.4042050769897727	-0.3179463405585254	0.9592592265879469	0.7539721806417898	-1.1783778808068928	-0.9029335116200811	-0.5787208629850725	-0.4734978334206487	0.0	1.2955357095380247	-1.175987470593534	-0.9018315888767016	-0.6090115580259301	-0.5159438771869989	2.571859892533911	1.2636175380769532
QSM-X-R2pnet-E4-Dia	0.289245145342803	0.29684336717618703	-0.09089003736121916	0.09341907029738672	-0.040975566903499884	0.2498976381857238	0.21474194577731143	0.2276980231156681	0.017776573898232725	0.24989763822204877	0.289245145342803	-0.00930894312528525	-0.040975566903499884	0.004999347669238403	0.2498976381857238	-0.06257569093877816	-0.029233563469086513	0.04377202756292818	0.21474194577731143	-0.10716637466478085	-0.04478890595057628	0.01666463497237841	0.004349804484287436	-0.24182570826349697	-0.2124500360644679	0.2908919602937024	0.005235529512003957	0.034034386668042246	0.2527825789357612	0.24690068913489893	0.20070591289246278	0.22650167463831106	0.20703362347182597	0.03782644885273069	0.020604216916880785	0.23259841760720995	-0.0753275304470998	0.30217053787091597	-0.18232377018405507	-0.025720347848046637	0.30225484024325555	0.1906567234288127	-0.13879784637807063	0.07419133604159975	0.14788225281894946	-0.308709607752294	0.21986476749766334	0.26458665854385	0.15031896198753933	0.1271474946667084	0.12301750098980786	-0.22036297554941542	-0.21138514912995912	-0.2588332918004753	0.2651498972167333	-0.04939042970733239	-0.004400493694118437	-0.039478851983155865	0.19843901910273054	0.1667100906706799	-0.0513811516660338	-0.06829295839521535	-0.09970095035109072	0.15957148226966264	-0.18671815220610205	-0.2242445421784299	-0.22047286891375223	-0.22459880581311842	-0.22601656853387866	-0.26915949863265926	-0.02178698348681124	-0.012655340610223583	0.11114291056246005	0.1129614955662391	-0.1930114141456261	-0.18549482755901997	-0.21557347830917814	-0.2681622131697039	-0.21557347826028478	-0.2681622120367437	0.1579411905175961	0.1266906277159136	-0.06695392537838243	-0.06220264161978295	-0.05578802008693638	-0.0507772656973753	-0.46895715081473305	-0.4394635620434502	-0.8526066686795162	-1.1389298460594324	-0.3019690946368025	-0.3623323488860134	0.8041611538690645	0.9451926724567945	-0.852875244587369	-1.1507941166978741	-0.4539799192951651	-0.5395277108770831	1.2955357095380247	0.0	-0.8511598993120764	-1.1469525890691992	-0.4803975763116752	-0.5970050324031343	1.233699599816423	2.331564705359029
QSM-X-R2*-E5-X	-0.12653615371938437	-0.1313705063926578	0.018375172199948494	-0.05908318075571139	0.005670367207765681	-0.08741040959570795	-0.060347747466861765	-0.07383075420045707	-0.02579946566629556	-0.08741040906578298	-0.12653615371938437	-0.008577719396053845	0.005670367207765681	-0.024082309393652128	-0.08741040959570795	0.0036174213542694137	-0.007659472021580881	-0.019618732723902372	-0.060347747466861765	0.016657294538403204	0.030438799621099542	-0.02293314481566867	-0.021918946443758528	0.11341379692721221	0.06087690576103231	-0.12535788653539134	-0.019892611285060157	-0.02345397744835628	-0.08345521549311237	-0.07498851104391198	-0.055687563016994825	-0.06485758688349684	-0.04947448865484775	-0.0004839769431632483	-0.022453689763365408	-0.06204873557167735	0.053261463909164364	-0.14677825097720343	0.05074155502785616	0.020180270535403482	-0.11909214697700532	-0.05074736302330348	0.08202918357597828	0.004368334545282991	-0.039870837125940764	0.12058198475573387	-0.0955890339794063	-0.07737438717491742	-0.07428109751716198	-0.06451617920946312	-0.06246914035734079	0.059018811654307834	0.058827019664000696	0.11354354465522143	-0.11841324773030275	0.047949610482364416	-0.01125806860340878	-0.0034489936031922375	-0.05510506196150483	-0.08730146362688337	0.04899330288256037	0.0025518171114973253	0.008786590016623078	-0.04357861391855383	-0.0008553728391759257	0.04641035070865453	0.07668859661496233	0.042914771908310397	0.011369485957477568	0.08106765893679213	0.13569691714494675	0.13822190185392794	0.07335343666897184	0.0780113129229122	0.021823962110892155	0.003353435323989343	0.06628109152345242	0.0867057254885776	0.06628109191848976	0.08670572424146414	0.013717093304681289	-0.029041200146998673	0.09500223458066998	0.08506934502018161	0.09801748688992153	0.08818977486959943	0.5898826822829437	0.5362577521299718	2.746157577292286	1.2290457896058515	0.7868095073308362	0.630432120173188	-0.6289875348595766	-0.4765962771243962	4.275318932790344	1.2509260595612748	1.2798138141584015	0.9348024298931064	-1.1759874705935338	-0.8511598993120764	0.0	1.253639216473155	1.3351877370058376	0.9805404420382224	-1.223092193444494	-0.888698625923209
QSM-X-R2*-E4-X	-0.14791090367823997	-0.15275571885575565	0.030620178096766287	-0.061075294633983146	0.0120683736644851	-0.10983185296068754	-0.08196185160308345	-0.0952699058826967	-0.022927167506554783	-0.10983185287062495	-0.14791090367823997	-0.006465854642516165	0.0120683736644851	-0.01960897800241839	-0.10983185296068754	0.013328963077790143	-0.0010710176512576791	-0.02080671871528523	-0.08196185160308345	0.031167416944258366	0.030498180016134278	-0.019808893933965864	-0.016553234670249717	0.12558139974786608	0.08049570192213498	-0.14654839440716347	-0.015874132821656818	-0.026577809253383447	-0.10591950053472143	-0.09782280662944698	-0.07580632828314347	-0.08671977412698381	-0.06689211607466494	-0.001960470124696007	-0.026054035741256996	-0.08232632148256469	0.059852120024021085	-0.17350727779523517	0.06961176032542463	0.02625899589321202	-0.14425770385937942	-0.06882340766313622	0.08762102899576196	-0.007598995816950506	-0.053715324629899884	0.14628296959794707	-0.10942601087599864	-0.10144227746565401	-0.08207621432478056	-0.06925070134308278	-0.06686029560170755	0.08174488542361028	0.08011159326347901	0.13293237232973407	-0.1373763058513157	0.045969342176342	-0.005314772513999714	0.00816845177089121	-0.07535390430431792	-0.09735072774150391	0.047186768683447386	0.015299946168826446	0.026278855633840602	-0.060846944503514654	0.01215585511234242	0.065835897810682	0.09138770383911957	0.06264835511613526	0.03414763015917255	0.1039978406038539	0.1457336051941147	0.14741340508034578	0.07021081505628175	0.07460859271083012	0.0382686087194534	0.019991072178358524	0.08665975901442764	0.11378389818937659	0.08665975927236039	0.113783897345887	-0.00559972824112525	-0.04029688966375983	0.1081186655225969	0.09874451361772199	0.1106076413913105	0.10135842484874188	0.6468436590634375	0.5882930616642185	1.2326321477929858	2.733025978275658	0.6371614825174938	0.7533140952363179	-0.5229539257284566	-0.5945874197879387	1.2519020877671259	4.0283624762635615	0.9386161358912266	1.23399281234682	-0.9018315888767016	-1.1469525890691992	1.253639216473155	0.0	0.9622661769836653	1.3407762589042906	-0.9205987549890635	-1.2246468736712954
QSM-X-R2*-E5-Para	-0.010295162688525228	-0.013578813154282806	-0.04051292277227988	-0.036075550667776735	-0.02228014623934882	0.026989227916479952	0.04795163538907228	0.034495694396285935	-0.03465957052927286	0.02698922815329361	-0.010295162688525228	-0.027665419910377048	-0.02228014623934882	-0.03779748328693755	0.026989227916479952	-0.04304461728798298	-0.03677382878974997	-0.0050337028075266	0.04795163538907228	-0.051363825889101176	0.01721747837783946	-0.029304965397964115	-0.03641504804169924	0.0053850056134017495	-0.060482906472004216	-0.0061832894853070045	-0.032490964118832684	-0.011278735430933875	0.03713488640903633	0.04688007134114267	0.04824662592989898	0.050422617645341124	0.06475006504690055	0.026245396213189016	-0.018126095935578238	0.057827125005860444	0.03323294132698068	-0.03422402680185107	-0.04420987499067245	0.01140321002663583	0.015707357181828436	0.049593971931885965	0.03756043363788967	0.060295874294728255	0.03878214685719333	-0.01978601441046744	-0.007123055639542493	0.050228579758812286	-0.020031529066144364	-0.020260856418951027	-0.019610078062262497	-0.05791588134999313	-0.05160360796615425	0.0050203675246191775	-0.01310045151407252	0.026398642739679987	-0.025689742623091268	-0.03676555677076021	0.04569357411888873	-0.028440975113907734	0.027021539157757474	-0.045848849319291014	-0.056459865992637026	0.037834577437767455	-0.12411804785327854	-0.08581246942208424	-0.03925299806347504	-0.09045992483728073	-0.13418513197994147	-0.056372097312534744	0.1793322340112687	0.1892369907840772	0.18209607663422278	0.19100122896871147	-0.09355798350778091	-0.11409737550742385	-0.04828306023202321	-0.04880375835449416	-0.04828305995507461	-0.04880375929451495	0.13010731868748737	0.0532119591794602	0.08569146177374866	0.07456823682071241	0.09511822375114645	0.0841622074459151	0.5534105740035494	0.4979036899357575	1.2994855351813914	0.9456613400837666	1.0093343330950622	0.7963641116871717	-0.3490221158580137	-0.2408231643857452	1.3310806254313405	0.9598821938987838	2.5750612998798865	1.2304030373103945	-0.6090115580259301	-0.4803975763116752	1.3351877370058371	0.9622661769836652	0.0	1.2730612624221003	-0.6218153912858859	-0.5025879724230515
QSM-X-R2*-E4-Para	-0.025942462884782042	-0.029046405913511257	-0.025619418326519934	-0.03513912038544528	-0.018246069390254988	0.010732284079511108	0.03251992111954608	0.01956915095471538	-0.032278854967576265	0.010732284037067464	-0.025942462884782042	-0.020651465412559737	-0.018246069390254988	-0.03581479201139662	0.010732284079511108	-0.031173164518726003	-0.02884378351129404	-0.007716406240497757	0.03251992111954608	-0.03546040748192817	0.024044223976721152	-0.02861405599687682	-0.032186258996953834	0.025296800678524953	-0.036576338274579	-0.02227678612153822	-0.0299056175226027	-0.015817387964730818	0.01989659473524625	0.029529443010622738	0.033535088126258654	0.033907711393880956	0.05180860894015488	0.026595746274217357	-0.021152945017183396	0.042606858460810026	0.03972105528247154	-0.05471574747913884	-0.02765058443928504	0.015163497970604501	-0.006344877076852733	0.026443699476498304	0.043961570811106666	0.05270201512837395	0.01885423423500788	0.0050169582092450355	-0.017326120721732285	0.0310380842919808	-0.02413049586852557	-0.023262124585720925	-0.022254396433339194	-0.03633790783096104	-0.031639244035304145	0.024216320070230536	-0.025858857755059188	0.039080673203454555	-0.021169945862863398	-0.024539512194272084	0.03185502474415126	-0.0318376300774757	0.03970934719529443	-0.03314761211984231	-0.037880721034531196	0.027409188545407897	-0.11500395712615444	-0.06636398568671975	-0.023952982888728956	-0.07109613832773334	-0.11435414226614735	-0.039642603771761334	0.1890388746248193	0.19911228161848354	0.18281710803954643	0.19154216953923417	-0.08320536031094641	-0.10440591697160154	-0.032261177785011	-0.022162118197997113	-0.032261177644929806	-0.02216211871446218	0.11233987304080242	0.038488548271709305	0.09492140333535451	0.08402797005087463	0.10533375293921426	0.09468930378397056	0.6003740870567924	0.5416073315522739	0.9640979626077192	1.3083322198844618	0.8112345534450531	0.9766100309288323	-0.2831559597132159	-0.31661467827390155	0.97834946223825	1.3359203618695827	1.2565504646690786	2.2622710500453898	-0.5159438771869989	-0.5970050324031343	0.9805404420382224	1.3407762589042904	1.2730612624221003	0.0	-0.5270561243785955	-0.6216515398289695
QSM-X-R2*-E5-Dia	0.25892258346047303	0.2642006263504625	-0.08965256565860302	0.06815916127462558	-0.0553294793684278	0.2235329479160546	0.19245696850430494	0.2055372170805412	0.0007331217667117055	0.223532947601208	0.25892258346047303	-0.015458347002906304	-0.0553294793684278	-0.004562643235822882	0.2235329479160546	-0.05080668979307187	-0.02504309786347226	0.021887560853765076	0.19245696850430494	-0.08411536528830017	-0.02513992395664961	0.0005706812278238888	-0.004359223441474203	-0.21435307199104198	-0.18503948004754078	0.26018111765754925	-0.008298294630371255	0.0318396830694746	0.22511871444008139	0.21817114438264393	0.18273956177451844	0.20254287831452428	0.18656977479936337	0.033802322600006804	0.02468424719624975	0.20378794169370412	-0.07745470075656372	0.27375702010360753	-0.1658755324358316	-0.03426148225902798	0.2714883469738191	0.1409073134560688	-0.12734237008116547	0.06378499697882316	0.1029552160261882	-0.27757660508463705	0.19400600231633053	0.22266912909080758	0.13766019357742565	0.1082387227522858	0.1046345835348348	-0.19627151440179422	-0.18975341069002943	-0.2373777687153372	0.2411829414711425	-0.03939824887651769	-0.016444627780117002	-0.042452733691384366	0.18005033943667734	0.16367584199783183	-0.04115665478880304	-0.06317503312719203	-0.08601980593043247	0.14796450524913723	-0.15253899664843734	-0.2015910706343207	-0.21006319773994883	-0.2003173059480799	-0.18947771424709917	-0.23137901265789576	-0.03658214813591288	-0.02979863314915463	0.08257024577016799	0.08338646405863875	-0.16635602626535342	-0.1544968553482629	-0.19413370075877806	-0.23777576215645646	-0.19413370077704073	-0.2377757606534959	0.12775532743603538	0.11949943486317675	-0.07410235681728758	-0.06727336002891296	-0.066525872263897	-0.059589075205510655	-0.4548443083704139	-0.4244228427193358	-1.2096728460605686	-0.9126099472030211	-0.4265664882315869	-0.33785171254929214	0.929793219056342	0.7301340287838103	-1.2235537681852615	-0.9203198771378347	-0.6091062815109539	-0.501178267879309	2.5718598925339102	1.233699599816423	-1.223092193444494	-0.9205987549890637	-0.6218153912858859	-0.5270561243785955	0.0	1.276829055514233
QSM-X-R2*-E4-Dia	0.2866149121269133	0.2918047992165758	-0.10116083553348332	0.06999849575605085	-0.06814721418695723	0.2532422568214402	0.2216693859419831	0.23511827385755313	-0.00642715103377659	0.25324225679175905	0.2866149121269133	-0.015002729291772937	-0.06814721418695723	-0.013984360992988023	0.2532422568214402	-0.057381825404092014	-0.030684000095329414	0.01797355652184213	0.2216693859419831	-0.09465050551051218	-0.015279143769384971	-0.008285726865482138	-0.012545074800720268	-0.2161796665161604	-0.19802912685446272	0.28656555212332274	-0.01692546960596779	0.03404035221253555	0.2534304948892282	0.24702318411690527	0.20991236568307398	0.23079043923088186	0.20968230839979557	0.03683525991529276	0.02878772173493646	0.22938941504032767	-0.08483511935276218	0.30739580807595845	-0.18906588091092064	-0.044333325369491736	0.300418951229559	0.14861657785257126	-0.13307154543939967	0.07932255028132665	0.10531215282385208	-0.3046962906464322	0.2107636612716894	0.249913263490344	0.1494639649765278	0.1136089453226217	0.10963753630023605	-0.22148660226599937	-0.21409025852250685	-0.2586346325516353	0.2676968219237211	-0.019788633507774166	-0.026450348700752527	-0.05462580628725339	0.20848062455635866	0.18393895705040378	-0.021901904233763293	-0.07636684953082971	-0.10141495303852933	0.17421283147349856	-0.16927711062808193	-0.2219656626180843	-0.2259224137334399	-0.2217903577222076	-0.21686584181723573	-0.2597340881978435	-0.04346377060192898	-0.034994780763511715	0.09167559750723935	0.09268466347022715	-0.19095298823588827	-0.18044495715421227	-0.21979235132309044	-0.26566444602296585	-0.21979235142111403	-0.2656644450005201	0.1482686372451091	0.1260870760599435	-0.0898409151148475	-0.08389826597886808	-0.08013145713288139	-0.07405069402504819	-0.49526891049854804	-0.46228740301689647	-0.8838816580755898	-1.2049154065985492	-0.33316579041508027	-0.3979152001866517	0.7728954304108068	0.9064548568847907	-0.8890450703407937	-1.2248906214651423	-0.49075061434136036	-0.5914760360943535	1.2636175380769532	2.3315647053590296	-0.888698625923209	-1.2246468736712954	-0.5025879724230515	-0.6216515398289695	1.276829055514233	0.0
