Image	DKI Micro AD	DKI Micro ADE	DKI Micro AWF	DKI Micro AxonalD	DKI Micro KFA	DKI Micro MD	DKI Micro RD	DKI Micro RDE	DKI Micro Tortuosity	DKI Micro Trace	DKI AD	DKI AK	DKI KFA	DKI Linearity	DKI MD	DKI MK	DKI MKT	DKI Planarity	DKI RD	DKI RK	DKI Sphericity	DKI Tensor FA	DSIStudio GQI GFA	DSIStudio GQI ISO	DSIStudio GQI QA	DSIStudio Tensor AD	DSIStudio Tensor FA	DSIStudio Tensor HA	DSIStudio Tensor MD	DSIStudio Tensor RD1	DSIStudio Tensor RD2	DSIStudio Tensor RD	DSIStudio Tensor TXX	DSIStudio Tensor TXY	DSIStudio Tensor TXZ	DSIStudio Tensor TYY	DSIStudio Tensor TYZ	DSIStudio Tensor TZZ	NODDI ICVF Modulated	NODDI ICVF	NODDI ISOVF	NODDI NRMSE	NODDI OD Modulated	NODDI OD	NODDI RMSE	NODDI TF	TORTOISE MAPMRI NG	TORTOISE MAPMRI NG Par	TORTOISE MAPMRI NG Perp	TORTOISE MAPMRI PA	TORTOISE MAPMRI PATH	TORTOISE MAPMRI RTAP	TORTOISE MAPMRI RTOP	TORTOISE MAPMRI RTPP	TORTOISE MAPMRI AD	TORTOISE MAPMRI AM	TORTOISE MAPMRI FA	TORTOISE MAPMRI LI	TORTOISE MAPMRI RD	TORTOISE Tensor AD	TORTOISE Tensor AM	TORTOISE Tensor FA	TORTOISE Tensor LI	TORTOISE Tensor RD	ihMTw	ihMTR	MTR	ihMTsat	ihMTsat-B1c	R2	R2*-E5	R2*-E4	R2'-E5	R2'-E4	R1	R1-B1c	MPRAGE-MyelinW	SPACE-MyelinW	Scaled MPRAGE-MyelinW	Scaled SPACE-MyelinW	G-ihMTsat	G-ihMTR	Q-Ratio-E5	Q-Ratio-E5-B1c	Q-Ratio-E4	Q-Ratio-E4-B1c	QSM-SEPIA-E5	QSM-SEPIA-E4	QSM-X-R2'-E5-X	QSM-X-R2'-E4-X	QSM-X-R2'-E5-Para	QSM-X-R2'-E4-Para	QSM-X-R2'-E5-Dia	QSM-X-R2'-E4-Dia	QSM-X-R2pnet-E5-X	QSM-X-R2pnet-E4-X	QSM-X-R2pnet-E5-Para	QSM-X-R2pnet-E4-Para	QSM-X-R2pnet-E5-Dia	QSM-X-R2pnet-E4-Dia	QSM-X-R2*-E5-X	QSM-X-R2*-E4-X	QSM-X-R2*-E5-Para	QSM-X-R2*-E4-Para	QSM-X-R2*-E5-Dia	QSM-X-R2*-E4-Dia
DKI Micro AD	0.0	2.415587738211076	0.10354718469848495	0.40763248215410797	-0.39539208870577974	1.2025620606784677	0.5464285452152138	0.7643239924267864	0.3962754587116793	1.2025620811284332	4.9517187756431005	-0.08966069662783281	-0.39539208870577974	0.49550547278493406	1.2025620606784677	0.2865183180803926	0.26062633598343016	0.10400325718603537	0.5464285452152138	0.39744202907593357	-0.37866564661413754	0.44758968297947227	0.7202666135883157	-0.18543456243094125	0.6332764367525565	2.2418198287481563	0.4129119619549382	0.026091564499010046	0.9295272658371272	0.6024458891719717	0.39833531504468467	0.48049687475764424	0.6192023429676323	0.12812411909995275	0.07596016326972616	0.8160685260798409	-0.01813242327064718	0.7941908074302746	-0.45677017141035564	0.04093220816116589	1.0728515067040831	0.0406800315912746	-1.104618734242996	-0.6275790803826674	-0.1298172837093282	-1.0728511457001433	0.8760185130627263	0.5547569021680372	0.8692321739439621	0.7821788268218143	0.781730914306303	-0.2863898723894908	-0.47143757066993897	-1.9092258321377515	2.637212497371825	0.5909782762769747	0.43667256347915856	0.38251379035171734	0.4825753692694832	1.5138360186520379	0.5652698060336525	0.526913216187475	0.44811576807937814	0.3177702434426615	0.0006768338833544017	0.10212185389764024	-0.1525263759239984	0.037190885874885136	-0.03804127343802437	-0.7094226624531625	-0.19016224505114	-0.17213648497079287	0.17857469467428283	0.15480227639150118	-0.18301543563066416	-0.21119483373807077	-0.355250573145516	-0.4934349518150001	-0.35525056899204804	-0.49343494762351503	-0.48154105978827116	-0.7156096318802281	-0.1887116227774249	-0.20623159457104343	-0.18174763201484503	-0.19952228056068577	-0.2631338860495455	-0.24639869468481615	-0.3791912094496527	-0.38769455396008656	-0.18019388823707594	-0.18476746178054498	0.6175214805475324	0.620813991344252	-0.3812571736410972	-0.3910041665149926	-0.27844106667280766	-0.28540072644925796	0.5997805301123394	0.6161067662046962	-0.3818551982521593	-0.39189792273781243	-0.27511631099719724	-0.2833123140720515	0.6046495221296917	0.6190427133488088
DKI Micro ADE	2.415587738211076	0.0	0.225252955340957	0.4047746067280599	-0.3689730716866187	1.0394970484963435	0.4616939984071108	0.7178901732813703	0.4570302033545717	1.0394970630719937	2.415587738211076	0.03266042418191998	-0.3689730716866187	0.5389520042832133	1.0394970484963435	0.42164417719453023	0.3984385300321206	0.16603673522386156	0.4616939984071108	0.5119491912356398	-0.45602698384714374	0.5198381779987192	0.7886780261908732	-0.2929967905454396	0.6253209747362122	1.8131277550980445	0.4832817180239662	0.025835031183609726	0.7903975158896823	0.5235237463417817	0.3095606725165641	0.3916732936799198	0.5385022535155367	0.12778266041819786	0.0705871818571877	0.7321669442453328	-0.059891062971393245	0.7323350916732377	-0.32949916332411466	0.16305615749440114	1.0976240770489183	0.07387465482359991	-1.1252040333826312	-0.6420933604497757	-0.07987295296751543	-1.0976236657800433	1.110503563430836	0.6933847718434327	1.0696045289124099	0.9309346576021565	0.9301833598405561	-0.1875206182072995	-0.34397602393129906	-1.4857956799729153	1.9310537076696632	0.45220551104676154	0.509888388501945	0.44917599048240414	0.3874209830965201	1.2052886556386115	0.42688762608160774	0.5920862054747933	0.5085073377350677	0.21206555992996592	0.08697450092661371	0.19222534861829838	-0.07407046363090354	0.13245342374825442	0.06245153927996866	-0.5714697383538527	-0.10071195638679517	-0.0922377797558246	0.23496727628895137	0.20120402896241682	-0.06804265716611013	-0.09496551620465363	-0.23004218782494437	-0.3620020535215216	-0.23004218422258874	-0.36200205149294223	-0.5744468103333231	-0.764970518544265	-0.07432447974846113	-0.09197910267082844	-0.07290202167723236	-0.09079578406764244	-0.2204572408645197	-0.20642491543621982	-0.3249688026432851	-0.3336571201945424	-0.12106859465216252	-0.1265151376177205	0.5820312111386639	0.5866627338825887	-0.3272923415259552	-0.33709309324434966	-0.2276618026989232	-0.23505902747704724	0.5508672385209019	0.5678071095651419	-0.3280934465869323	-0.3381677419015526	-0.2244382084161332	-0.2328839315254919	0.5556777426593081	0.5706831853004759
DKI Micro AWF	0.10354718469848495	0.225252955340957	0.0	0.15008816316628518	0.28063683872892997	-0.2355924123862141	-0.5896979487908972	-0.25402318745601743	0.7663735317191961	-0.2355924072019947	0.10354718469848495	0.7956335447814056	0.28063683872892997	0.6906035756354015	-0.2355924123862141	1.4216346299650677	1.4667444110181804	0.4842570739152185	-0.5896979487908972	1.2761475100471857	-0.8687744069890866	0.8753412375710181	0.7467373927380044	-0.37143851302415265	0.5799978443353075	0.04871761838170856	0.9183125368916959	0.01218929778437751	-0.37967553212554717	-0.5067224310285658	-0.7801717770815343	-0.6868956538664635	-0.462236068799389	-0.04958490872575463	-0.040233431475071024	-0.2820647158830215	-0.03316688232837058	-0.24508695715959633	0.9765810800717518	0.777207037619701	-0.04618985221040886	-0.005529103717065139	-0.3455330513316133	-0.6438749564139495	0.1460193445557434	0.04619014859499566	0.637011774782051	0.2530502459488545	0.662485952399739	0.8664355288718906	0.8725963039436461	1.1262345438065395	0.9544710376941626	0.04246144997608385	0.0554691743081448	-0.6928449470045958	0.9102703741736984	0.9185370344150855	-0.7222853548240904	-0.13189441023576298	-0.7245447739621498	0.8877902996909363	0.9024027864687549	-1.101712830291748	1.0432967715437216	1.1122498725168568	0.9131020799704291	1.2108860742066814	1.227895582312442	0.5458726633139244	0.4486977992357459	0.3773485726204157	0.20165469670146585	0.14171755062863078	1.1400082512589902	1.1064089880672965	0.9904173938544126	0.8318419242336472	0.9904174035769213	0.8318419018543909	-0.6282591108881639	-0.34475929301092745	0.8095076965592733	0.8001803445450324	0.7362143374069932	0.7275936472308888	-6.285437631735121e-05	0.0005233963703515359	-0.006564599246334415	-0.009196476968915186	0.04405064511628763	0.043112493169078864	0.04678167023433115	0.05065479978392278	-0.011190282103640061	-0.013336787463397165	-0.016704378000344983	-0.019947974312698735	0.03671441119451224	0.03972809626891947	-0.01252561478577006	-0.014567368360652467	-0.016632037819222942	-0.01903152684889199	0.040866156038479054	0.04485085891545927
DKI Micro AxonalD	0.40763248215410797	0.4047746067280599	0.15008816316628518	0.0	0.3305851405266169	0.1687952519494532	-0.02793730417645517	-0.010952075379236524	0.5158017589480818	0.16879526787141585	0.40763248215410797	-0.30342477018702074	0.3305851405266169	0.4632014601744976	0.1687952519494532	-0.06959724015289102	-0.0853514109077969	0.18501624501133748	-0.02793730417645517	0.07254665706271878	-0.4326319749757879	0.47285117571391344	0.5867897074610767	-0.20017987466749795	0.4973196754690557	0.41024298651086005	0.4592061039924502	0.01152447159739845	0.14045443809872313	0.011698213020828067	-0.04526686221185878	-0.027672771752849868	0.08731699662120813	-0.03541371976456888	0.07955170131477307	0.19516766324242088	-0.010126123270860625	0.11036570494678757	-0.11864156617414814	0.1491535328209549	0.37124423373878523	0.48434558670366007	-0.6332035978557927	-0.5289112382713012	0.42426628921761683	-0.3712410699142872	0.250397736356317	-0.11124962507004209	0.24669207203915186	0.4823974893533714	0.48901696984969745	0.043173908862430915	-0.08967726912817635	-0.43965815127134067	0.4134886390578766	0.12522518798469415	0.45605364966960577	0.41990372603836285	-0.02185537833406416	0.47988008698395923	0.12272114071102737	0.5138566143650493	0.4810108273915253	-0.03338595195484779	-0.04228857678471105	0.03001811433302663	-0.05853878013986598	0.020813291450565586	0.0005183908943073811	-0.21320324353289785	0.013898383887460368	0.012445624667405796	0.15822568352971839	0.13850029777176362	0.0031579110099508663	-0.002900424933552176	-0.08279806363384051	-0.15054401163812722	-0.08279806947330383	-0.1505440172880611	-0.18040994745104383	-0.20424288233789373	0.024650916669633243	0.022101638385435975	0.025398775397661756	0.022741371979212527	-0.09072570349936827	-0.08382682303186921	-0.11334766253366377	-0.11499361847266279	0.0043650548697754055	0.001046705625496565	0.2620436194008626	0.2597202788618052	-0.11338465769117667	-0.1148308159911107	-0.05772569544039516	-0.05862960967822679	0.2122933828676022	0.2156297721534671	-0.11374673461530009	-0.1153169855392401	-0.05759563128761667	-0.058603283536485105	0.21158749943044008	0.2141108939187121
DKI Micro KFA	-0.39539208870577974	-0.3689730716866187	0.28063683872892997	0.3305851405266169	0.0	-0.70770267529605	-0.8647862634767903	-0.9939733416483665	0.48659767564864026	-0.7077026644563827	-0.39539208870577974	0.17022096640947001	4.9517187756431005	0.29199548813366194	-0.70770267529605	-0.06243298335049618	-0.011754010637754527	0.3041296473858988	-0.8647862634767903	-0.10187146251659242	-0.40754177230039146	0.3848403116487973	0.12391117172625338	-0.005127734687674299	0.1281502101453459	-0.40568250775254844	0.36896965396881193	0.0027777049330908517	-0.6911978838540432	-0.7414720214152706	-0.7775848488503214	-0.7880716816052549	-0.6065032276783232	-0.07200988763260843	-0.07632875578934721	-0.5068139649027228	-0.0039097982091416145	-0.6583372639223559	0.5714405706784338	0.2098878277585457	-0.44582609689712355	0.3965453303576401	0.10281328504841092	-0.14786237442906994	0.6003213243398894	0.44582668293138555	-0.3401460227778856	-0.4358475767423103	-0.37666549705629093	0.0020850292013913046	0.006014428373191486	0.6296192354732488	0.6054688585092525	0.40713198663760847	-0.406087695370906	-0.5472904900464474	0.3490627969261442	0.34148701862703895	-0.8083702070285653	-0.3805164907246436	-0.5355957354415298	0.2162342117193121	0.24344913291965223	-0.6416459513108842	0.21807614105587508	0.22501946462511485	0.38650193783633063	0.28225205387191493	0.31342159683430937	0.5073353380440309	0.25109624005196535	0.21815013416120307	0.0010065321490403613	-0.012840098678193797	0.4146155414742676	0.42380265586185367	0.48625252189305196	0.500704191361077	0.4862525241403482	0.5007041923005264	0.08284402959212726	0.26048628587995315	0.35383969440734486	0.3635516093194927	0.33286162484245735	0.3427804962491658	0.10034120745548672	0.09640037080867637	0.1249756797484682	0.130393060307581	0.0665640263984894	0.06791909159550616	-0.201555511731833	-0.2093385879146044	0.125787440828226	0.13242938413654726	0.0891816198122616	0.09406604070473874	-0.19501749547766276	-0.20308887271761905	0.12589364676627182	0.13268392078103342	0.08652734085635537	0.09247066091486508	-0.1968803092577668	-0.2034256196777036
DKI Micro MD	1.2025620606784677	1.0394970484963435	-0.2355924123862141	0.1687952519494532	-0.70770267529605	0.0	1.2609898128646915	1.5198080456905843	-0.07305160683737481	4.9517187756431005	1.2025620606784677	-0.2515350368462642	-0.70770267529605	0.02565852403355253	4.9517187756431005	0.003853807079783775	-0.030956777297660613	-0.1022859094460264	1.2609898128646915	0.08387526153828159	0.05263796670768479	-0.023437984826277628	0.21752753763468602	0.03262864160892837	0.240476654380714	1.2116064963925077	-0.04612844750163526	0.013505882712102147	1.7308870168519197	1.2088128345510762	0.9084825099001201	1.0777478513913206	0.9677807263603477	0.12900811600336684	0.058593766146194555	1.062123912262031	0.044241189203882474	0.9494226886710023	-0.9304801417788036	-0.31758559906744	0.8909441561206853	-0.04267771476113825	-0.49598628719883886	-0.18530354816444977	-0.2765846093407508	-0.8909439533152482	0.47335357993523297	0.45442076037233453	0.4701178206806583	0.2608160917274335	0.2579662972912147	-0.7573539474657861	-0.9694824823647042	-1.2206750463193765	1.225124194662173	0.9932469248980993	-0.028492493293512333	-0.06913737519008181	1.1180642196905797	1.1679123538740892	0.9633118902291226	0.06328339788190146	0.0034882781731001857	0.8047769395786968	-0.2882368409099885	-0.20123501748921266	-0.44174445045883226	-0.28108632779171855	-0.367977769737988	-1.039911960296051	-0.38477547525505973	-0.33370225645759966	0.06364741350385635	0.06965992437420636	-0.542739877304347	-0.5749474417291962	-0.7346731499714966	-0.873234149690509	-0.7346731430748872	-0.873234144117819	-0.18814834462265884	-0.4783823061618677	-0.49681934875091327	-0.5160389311625193	-0.46686474967248076	-0.4859652473178409	-0.2596692790240547	-0.24196981822830144	-0.3693090711246389	-0.3752033778792218	-0.22101679519123235	-0.22289463571415652	0.5241184187438279	0.5253281289922709	-0.36947392580664956	-0.37690203288136	-0.2812975289368654	-0.2862449141080887	0.5373862304130872	0.5493523242999878	-0.3693549291917936	-0.3771129520143693	-0.2785591842448067	-0.28523922840335125	0.5387910620857975	0.5483703595803249
DKI Micro RD	0.5464285452152138	0.4616939984071108	-0.5896979487908972	-0.02793730417645517	-0.8647862634767903	1.2609898128646915	0.0	1.6328011542019647	-0.5283904972000301	1.2609897874443428	0.5464285452152138	-0.37652796952705275	-0.8647862634767903	-0.41111250590007625	1.2609898128646915	-0.29785543471069215	-0.3361180428211261	-0.2966935213407206	4.9517187756431005	-0.2501972480440011	0.4814596889893291	-0.48123198021812535	-0.2132919626866336	0.10114798895329832	-0.17357742219534256	0.5731728688467665	-0.5001546811162064	-0.008709953939896459	1.3539428546703787	1.6744580547720715	1.5966590133583587	1.987545706001623	1.0892554234845127	0.0992806907206007	0.052259413155899104	0.9060830837323305	0.023729835414591546	0.8266331044686972	-1.3783077765690184	-0.544797574788231	0.6273223477703374	-0.04880459331400244	-0.07672833189027121	0.22706512929197545	-0.3018377776245414	-0.6273222364849045	0.14871098438341543	0.3321587789987136	0.13215810617290125	-0.15850257163753534	-0.1617873701891743	-1.3749419734828878	-1.4677917492698354	-0.5970463446975578	0.5640282453294166	1.0258416833855037	-0.482409888228467	-0.514836665899879	2.4506335808363247	0.6251996079697048	1.0189394594758812	-0.3706645601914797	-0.4212240691279039	1.4439439616700567	-0.6134915280883753	-0.5514447483605452	-0.7760916573662833	-0.6437079394514844	-0.7261456189256181	-0.9437319082183588	-0.41793874985006546	-0.35006368914264324	0.002146850817518358	0.03172112844284071	-0.8576089422976672	-0.88031099743234	-0.9976461954041511	-1.0327939224867715	-0.9976461996109767	-1.0327939254463738	0.1190460328155723	-0.1635625583524021	-0.6665924177237363	-0.679273647349072	-0.6122584537675089	-0.6244291785145768	-0.14559221637541359	-0.1348584159615041	-0.1875063552791537	-0.19018793170009782	-0.1019941312217424	-0.10348832762269805	0.29455380433907574	0.2955463290611199	-0.18583051449635607	-0.1898228907014161	-0.12570989158749912	-0.1277227856959446	0.28751753240229244	0.29427643656616354	-0.1853003951657735	-0.1895559149341231	-0.1240145926950654	-0.12766665816995668	0.2855988566023728	0.2900218876334651
DKI Micro RDE	0.7643239924267864	0.7178901732813703	-0.25402318745601743	-0.010952075379236524	-0.9939733416483665	1.5198080456905843	1.6328011542019647	0.0	-0.3202391263149902	1.5198080219974153	0.7643239924267864	-0.16640855512139874	-0.9939733416483665	-0.21099065753161464	1.5198080456905843	0.023654221917171057	-0.015930678321726913	-0.1496327660022103	1.6328011542019647	0.0682025241843517	0.2424550361824555	-0.23991576357421598	0.012114766749429412	-0.029706816330312726	0.0013323307513075304	0.7600872293827737	-0.2499168532086367	0.004971998892468088	1.3312815235515272	1.3986546277277798	1.0761719238862129	1.2836077996045878	0.968966777069528	0.10970519207888473	0.04938954123157653	0.936841915515138	-0.0008881095292405553	0.8700373724882925	-0.8851956624533376	-0.2996632838335644	0.7739218446600663	-0.07585135604800172	-0.2524101277970559	0.041196121810994	-0.31158406092316715	-0.7739216906578587	0.45759984961964584	0.5501601529496983	0.44497071679735783	0.12031741782500531	0.11660409608624343	-0.8459500811360994	-0.932089458815438	-0.7281392105615719	0.7548895200919179	0.8153872121110392	-0.23249480482255266	-0.26510524369072724	1.330456441897485	0.6938898111074756	0.794171521674122	-0.12622566565733112	-0.17909539453182177	0.8828629969947781	-0.32398052766269997	-0.2587223639184676	-0.493451725799007	-0.33164661192105	-0.40044980929932167	-0.8113313175468684	-0.31332360982702756	-0.26568435113144157	0.07812817608987273	0.08791174867669747	-0.5354673873615456	-0.5586500890791353	-0.6708871166063263	-0.7474069142232304	-0.6708871180160101	-0.7474069190021942	-0.12054553594238093	-0.3675405353319919	-0.4465254521752166	-0.4616945188698942	-0.4162380057598882	-0.43137517054988156	-0.15961526757201433	-0.14849460998556402	-0.22650293589090817	-0.231636412543186	-0.10789134103143687	-0.11052166354304449	0.3711985134263545	0.37474876491664544	-0.22641328732904165	-0.2329605195518016	-0.15821118334087275	-0.16293858488844198	0.3627641459907909	0.37325862011225786	-0.2263437444272118	-0.23315742155261912	-0.15581398761353518	-0.16211349169118416	0.3630239936956977	0.3710703363049201
DKI Micro Tortuosity	0.3962754587116793	0.4570302033545717	0.7663735317191961	0.5158017589480818	0.48659767564864026	-0.07305160683737481	-0.5283904972000301	-0.3202391263149902	0.0	-0.073051597112534	0.3962754587116793	0.26480255585445844	0.48659767564864026	1.7027235068976212	-0.07305160683737481	0.55128724431164	0.5777322477174273	0.5073081542541434	-0.5283904972000301	0.6153878215462792	-1.4778977628251224	2.0697501472485844	1.2603260950177873	-0.30686048805128885	0.992666663152921	0.3474730294210457	1.6935230711137377	0.024234477000441634	-0.18309967212124764	-0.402532059211542	-0.6326516301459368	-0.5617645872805533	-0.2861122603869729	0.0330209697039962	-0.02342517176091107	-0.0752477924605682	0.009311975995558741	-0.13765845131949586	0.49004560842938555	0.5863710294323476	0.122752658273876	0.22356443953085553	-0.7994345273496489	-1.1046498053217435	0.3057419093588157	-0.12275019229188794	0.4752528923318868	0.10297939212774644	0.483007058858575	1.0206675771703155	1.031159745959875	0.7237896902911856	0.4897995652707166	-0.3090108497075789	0.3672892146215092	-0.3065414476124032	1.7360718200318137	1.5402247730622007	-0.5803933847875903	0.2457364387755233	-0.3213318929716515	1.3244814129652807	1.2674696619456893	-0.700685044258465	0.5929671025634811	0.7038385254643362	0.5642166683460841	0.7169531904045039	0.6820084325359949	0.19052367203281584	0.2491193399469543	0.2070696534966482	0.17445783565303882	0.1267092743278873	0.6068118698119501	0.579026085451351	0.4848758896490067	0.368883357766161	0.48487589599971703	0.3688833633425947	-0.5472495944293406	-0.3959520148167876	0.45554134145724506	0.44345954942771265	0.4196384696840218	0.4081964490708831	-0.09825787052937617	-0.0914587929769707	-0.15125222133842886	-0.15513826639659234	-0.06342853408781329	-0.06520418468104323	0.21952950104811736	0.2208580948116623	-0.15435592823849562	-0.15789357402043946	-0.13356039046301052	-0.13679588720210045	0.21567405083934213	0.22079838778611033	-0.15558285014518564	-0.15910971586301945	-0.13308844643246714	-0.1358280491156809	0.21918757761244173	0.22488436943988996
DKI Micro Trace	1.2025620811284332	1.0394970630719937	-0.2355924072019947	0.16879526787141585	-0.7077026644563827	4.9517187756431005	1.2609897874443428	1.5198080219974153	-0.073051597112534	0.0	1.2025620811284332	-0.25153503568620106	-0.7077026644563827	0.025658533048504784	4.9517187756431005	0.0038538081026601636	-0.030956775780708642	-0.1022859033328368	1.2609897874443428	0.08387526457001365	0.05263795788758747	-0.023437974880641806	0.2175275485213455	0.032628638487608566	0.24047666604937917	1.211606528914693	-0.04612843823438169	0.013505873998440155	1.7308870345055285	1.2088128206489137	0.9084825031929351	1.0777478390302728	0.96778071693012	0.12900811128186074	0.058593776006395766	1.062123947305326	0.04424118992034976	0.9494226780461105	-0.9304801364919855	-0.3175855952337749	0.8909441512317716	-0.04267771466751095	-0.4959863050477493	-0.1853035641107115	-0.27658460868625184	-0.8909439484263373	0.4733535816952173	0.45442076017388816	0.47011782198284197	0.26081610087900964	0.25796630521440467	-0.7573539398534905	-0.9694824770150159	-1.2206750783522013	1.225124219826782	0.9932469199889398	-0.028492482777706905	-0.06913736438111556	1.1180641963010758	1.1679123749782254	0.963311885134834	0.06328340734881045	0.0034882877117524756	0.8047769316427694	-0.28823683854364596	-0.20123501088244572	-0.4417444432943157	-0.28108632048905896	-0.36797776049504033	-1.0399119637451912	-0.38477547387356126	-0.33370225356579664	0.06364741430646007	0.06965992619267873	-0.5427398714543595	-0.5749474359618442	-0.7346731460279073	-0.8732341438934396	-0.7346731391312983	-0.8732341383207466	-0.18814834901274202	-0.47838231044050633	-0.4968193437518913	-0.5160389285582386	-0.46686474464229033	-0.4859652445691773	-0.2596692834455946	-0.24196982280765733	-0.3693090725749909	-0.3752033783739321	-0.22101679192273144	-0.22289463212044833	0.5241184227291639	0.5253281322050964	-0.369473926505658	-0.37690203212604284	-0.28129752942387537	-0.2862449136833612	0.5373862286957765	0.5493523203501242	-0.369354929817658	-0.3771129511246643	-0.2785591847468879	-0.285239228066689	0.5387910599738464	0.5483703555312116
DKI AD	4.9517187756431005	2.415587738211076	0.10354718469848495	0.40763248215410797	-0.39539208870577974	1.2025620606784677	0.5464285452152138	0.7643239924267864	0.3962754587116793	1.2025620811284332	0.0	-0.08966069662783281	-0.39539208870577974	0.49550547278493406	1.2025620606784677	0.2865183180803926	0.26062633598343016	0.10400325718603537	0.5464285452152138	0.39744202907593357	-0.37866564661413754	0.44758968297947227	0.7202666135883157	-0.18543456243094125	0.6332764367525565	2.2418198287481563	0.4129119619549382	0.026091564499010046	0.9295272658371272	0.6024458891719717	0.39833531504468467	0.48049687475764424	0.6192023429676323	0.12812411909995275	0.07596016326972616	0.8160685260798409	-0.01813242327064718	0.7941908074302746	-0.45677017141035564	0.04093220816116589	1.0728515067040831	0.0406800315912746	-1.104618734242996	-0.6275790803826674	-0.1298172837093282	-1.0728511457001433	0.8760185130627263	0.5547569021680372	0.8692321739439621	0.7821788268218143	0.781730914306303	-0.2863898723894908	-0.47143757066993897	-1.9092258321377515	2.637212497371825	0.5909782762769747	0.43667256347915856	0.38251379035171734	0.4825753692694832	1.5138360186520379	0.5652698060336525	0.526913216187475	0.44811576807937814	0.3177702434426615	0.0006768338833544017	0.10212185389764024	-0.1525263759239984	0.037190885874885136	-0.03804127343802437	-0.7094226624531625	-0.19016224505114	-0.17213648497079287	0.17857469467428283	0.15480227639150118	-0.18301543563066416	-0.21119483373807077	-0.355250573145516	-0.4934349518150001	-0.35525056899204804	-0.49343494762351503	-0.48154105978827116	-0.7156096318802281	-0.1887116227774249	-0.20623159457104343	-0.18174763201484503	-0.19952228056068577	-0.2631338860495455	-0.24639869468481615	-0.3791912094496527	-0.38769455396008656	-0.18019388823707594	-0.18476746178054498	0.6175214805475324	0.620813991344252	-0.3812571736410972	-0.3910041665149926	-0.27844106667280766	-0.28540072644925796	0.5997805301123394	0.6161067662046962	-0.3818551982521593	-0.39189792273781243	-0.27511631099719724	-0.2833123140720515	0.6046495221296917	0.6190427133488088
DKI AK	-0.08966069662783281	0.03266042418191998	0.7956335447814056	-0.30342477018702074	0.17022096640947001	-0.2515350368462642	-0.37652796952705275	-0.16640855512139874	0.26480255585445844	-0.25153503568620106	-0.08966069662783281	0.0	0.17022096640947001	0.1650503160815799	-0.2515350368462642	0.8631932184403183	0.9487973158437826	0.32714703421034136	-0.37652796952705275	0.5837079272926236	-0.33453454804366833	0.2886832468090579	0.1208229134475338	-0.25437406727571504	0.030241860925680705	-0.1597824683063986	0.27478500550577684	-0.005292754726195884	-0.3529430560746519	-0.31503441830322	-0.4747997838098439	-0.4206803170930744	-0.33808724157905157	0.010122008050871897	-0.08052502941803855	-0.27627199695360355	-0.14515895169014115	-0.236781395966468	0.7056318240319864	0.4741547802076878	-0.12671958904619926	-0.02854563304092655	0.12951647583574524	-0.030454026813204037	0.0956187501363547	0.12671955812585212	0.3804382802937271	0.44158375018926943	0.29915416751684076	0.27388479272442356	0.2754754043472722	0.5842467799162088	0.6796271245467326	0.31911399742325874	-0.16117944308853133	-0.6086985894101301	0.2778900704654364	0.2606799180579485	-0.45756874732552827	-0.41716235023023435	-0.6280827889627051	0.18237573018790634	0.18721402958371672	-0.594034456487917	0.6099997881534105	0.6001038271418955	0.5799623462814044	0.6487659049895109	0.6749413697101921	0.5510497807289751	0.3702627611759978	0.3200092507787671	0.13509571674372978	0.09545342463321622	0.686979848452463	0.6850863185534386	0.719940038038819	0.6902478140910134	0.7199400440571432	0.6902478149416075	-0.31488671262796114	-0.11246073862674186	0.5716240322283147	0.569249109988389	0.5299079514156672	0.5271427591487975	0.10415094404182039	0.0975368506799817	0.12882553866422203	0.1283176887105168	0.12649487333091866	0.12447695141241744	-0.11936717685116859	-0.1178876942833478	0.12662579070323268	0.12625392057210533	0.10372200596294345	0.10182009479588926	-0.1271519278740977	-0.12595663504086113	0.1259269585424494	0.12565371532736422	0.10320226827767444	0.10199028008880998	-0.12486298541744645	-0.12275997814600086
DKI KFA	-0.39539208870577974	-0.3689730716866187	0.28063683872892997	0.3305851405266169	4.9517187756431005	-0.70770267529605	-0.8647862634767903	-0.9939733416483665	0.48659767564864026	-0.7077026644563827	-0.39539208870577974	0.17022096640947001	0.0	0.29199548813366194	-0.70770267529605	-0.06243298335049618	-0.011754010637754527	0.3041296473858988	-0.8647862634767903	-0.10187146251659242	-0.40754177230039146	0.3848403116487973	0.12391117172625338	-0.005127734687674299	0.1281502101453459	-0.40568250775254844	0.36896965396881193	0.0027777049330908517	-0.6911978838540432	-0.7414720214152706	-0.7775848488503214	-0.7880716816052549	-0.6065032276783232	-0.07200988763260843	-0.07632875578934721	-0.5068139649027228	-0.0039097982091416145	-0.6583372639223559	0.5714405706784338	0.2098878277585457	-0.44582609689712355	0.3965453303576401	0.10281328504841092	-0.14786237442906994	0.6003213243398894	0.44582668293138555	-0.3401460227778856	-0.4358475767423103	-0.37666549705629093	0.0020850292013913046	0.006014428373191486	0.6296192354732488	0.6054688585092525	0.40713198663760847	-0.406087695370906	-0.5472904900464474	0.3490627969261442	0.34148701862703895	-0.8083702070285653	-0.3805164907246436	-0.5355957354415298	0.2162342117193121	0.24344913291965223	-0.6416459513108842	0.21807614105587508	0.22501946462511485	0.38650193783633063	0.28225205387191493	0.31342159683430937	0.5073353380440309	0.25109624005196535	0.21815013416120307	0.0010065321490403613	-0.012840098678193797	0.4146155414742676	0.42380265586185367	0.48625252189305196	0.500704191361077	0.4862525241403482	0.5007041923005264	0.08284402959212726	0.26048628587995315	0.35383969440734486	0.3635516093194927	0.33286162484245735	0.3427804962491658	0.10034120745548672	0.09640037080867637	0.1249756797484682	0.130393060307581	0.0665640263984894	0.06791909159550616	-0.201555511731833	-0.2093385879146044	0.125787440828226	0.13242938413654726	0.0891816198122616	0.09406604070473874	-0.19501749547766276	-0.20308887271761905	0.12589364676627182	0.13268392078103342	0.08652734085635537	0.09247066091486508	-0.1968803092577668	-0.2034256196777036
DKI Linearity	0.49550547278493406	0.5389520042832133	0.6906035756354015	0.4632014601744976	0.29199548813366194	0.02565852403355253	-0.41111250590007625	-0.21099065753161464	1.7027235068976212	0.025658533048504784	0.49550547278493406	0.1650503160815799	0.29199548813366194	0.0	0.02565852403355253	0.5539456725835507	0.555406708242722	0.22841347187763753	-0.41111250590007625	0.6872241440500191	-0.9873090592026532	1.4104590584509913	1.2306180750596998	-0.2751107645956478	1.0062607077678927	0.45580620608248945	1.3104082761470524	0.027213570599978497	-0.07671891052163891	-0.36063512691465444	-0.4465237839948973	-0.4400220193559922	-0.17979157484626537	0.03338754155038078	0.00846385095536974	-0.01207935959484323	0.043497994169138396	-0.03137318488591118	0.3787686892241697	0.5142713669684466	0.189904623005705	0.05139853493870316	-0.9324585031833714	-1.226767307775853	0.10641185490534856	-0.1899034518354673	0.5248758329077677	0.09216332346615053	0.5638867920190578	1.0098989193104353	1.0239494287424171	0.6059627508506863	0.37468958768728716	-0.4324445525574594	0.47924220850392785	-0.20740238993299076	1.3508542303209388	1.295564817255071	-0.45425949332123355	0.371032768126331	-0.22273221287411876	1.2794355677017613	1.2283769866111671	-0.5767010556052017	0.5542502458863496	0.6376637000842141	0.47286401389445204	0.6369701251933976	0.60273076832027	0.10270480814615404	0.20224615385110306	0.16729005231273839	0.17024125831801576	0.12640482257879967	0.5016435524227074	0.4782034689815377	0.37414153606075656	0.26777039876874936	0.37414153853598026	0.2677704020847133	-0.5602571379968255	-0.4403497421211234	0.38003714734936744	0.3697094440311423	0.35135348368396313	0.3412993073197429	-0.12466849792828683	-0.11650325643043467	-0.17246999449112027	-0.17722273075735917	-0.07257633997052688	-0.07407462456006371	0.2596141076398249	0.2631135846593586	-0.1760920524924594	-0.18082137949390414	-0.14571543492369873	-0.14957684474016636	0.25236414062792206	0.2588738284020303	-0.17725913560801695	-0.18199301850663446	-0.1444030618823612	-0.14798078761079198	0.2567080552956789	0.2635162850423348
DKI MD	1.2025620606784677	1.0394970484963435	-0.2355924123862141	0.1687952519494532	-0.70770267529605	4.9517187756431005	1.2609898128646915	1.5198080456905843	-0.07305160683737481	4.9517187756431005	1.2025620606784677	-0.2515350368462642	-0.70770267529605	0.02565852403355253	0.0	0.003853807079783775	-0.030956777297660613	-0.1022859094460264	1.2609898128646915	0.08387526153828159	0.05263796670768479	-0.023437984826277628	0.21752753763468602	0.03262864160892837	0.240476654380714	1.2116064963925077	-0.04612844750163526	0.013505882712102147	1.7308870168519197	1.2088128345510762	0.9084825099001201	1.0777478513913206	0.9677807263603477	0.12900811600336684	0.058593766146194555	1.062123912262031	0.044241189203882474	0.9494226886710023	-0.9304801417788036	-0.31758559906744	0.8909441561206853	-0.04267771476113825	-0.49598628719883886	-0.18530354816444977	-0.2765846093407508	-0.8909439533152482	0.47335357993523297	0.45442076037233453	0.4701178206806583	0.2608160917274335	0.2579662972912147	-0.7573539474657861	-0.9694824823647042	-1.2206750463193765	1.225124194662173	0.9932469248980993	-0.028492493293512333	-0.06913737519008181	1.1180642196905797	1.1679123538740892	0.9633118902291226	0.06328339788190146	0.0034882781731001857	0.8047769395786968	-0.2882368409099885	-0.20123501748921266	-0.44174445045883226	-0.28108632779171855	-0.367977769737988	-1.039911960296051	-0.38477547525505973	-0.33370225645759966	0.06364741350385635	0.06965992437420636	-0.542739877304347	-0.5749474417291962	-0.7346731499714966	-0.873234149690509	-0.7346731430748872	-0.873234144117819	-0.18814834462265884	-0.4783823061618677	-0.49681934875091327	-0.5160389311625193	-0.46686474967248076	-0.4859652473178409	-0.2596692790240547	-0.24196981822830144	-0.3693090711246389	-0.3752033778792218	-0.22101679519123235	-0.22289463571415652	0.5241184187438279	0.5253281289922709	-0.36947392580664956	-0.37690203288136	-0.2812975289368654	-0.2862449141080887	0.5373862304130872	0.5493523242999878	-0.3693549291917936	-0.3771129520143693	-0.2785591842448067	-0.28523922840335125	0.5387910620857975	0.5483703595803249
DKI MK	0.2865183180803926	0.42164417719453023	1.4216346299650677	-0.06959724015289102	-0.06243298335049618	0.003853807079783775	-0.29785543471069215	0.023654221917171057	0.55128724431164	0.0038538081026601636	0.2865183180803926	0.8631932184403183	-0.06243298335049618	0.5539456725835507	0.003853807079783775	0.0	2.8028210807036342	0.38110039804335316	-0.29785543471069215	1.7395040974224323	-0.6717714069477082	0.6785262370403188	0.6625613963718323	-0.38098984718267526	0.49616482399069944	0.2209789306162916	0.7010765152742757	0.012100802361220608	-0.1449701836568011	-0.2450313279651348	-0.4637039782380184	-0.3878728100134898	-0.2403625363266774	0.011383714507713506	-0.025352842535681822	-0.11377859554046653	-0.07996948663176819	0.0006197722076595583	0.6807260489395369	0.7220079950577708	0.14784752499266543	-0.13994126334142942	-0.3805523616052998	-0.5489322410925629	-0.04473198038379044	-0.14784694464574027	0.9615083233360949	0.5583952025159444	1.003405721086506	0.8916247028908998	0.8933607780768408	0.7183229366064255	0.6498150806086141	-0.11128913413847692	0.22884352466254104	-0.4545853513963846	0.7114390970458615	0.7093041297653463	-0.4135529167612034	-0.006493723356463093	-0.4856214371801602	0.7198390440828013	0.7098452702351822	-0.7083341278327088	0.9413506426758372	1.005909446605444	0.7161961004925665	1.0326923725328359	1.0114061306013222	0.3396856789070439	0.3581574605498492	0.30172032471447985	0.2202377846706903	0.16090724895978814	0.862335731788989	0.8372187392179081	0.7199726413580496	0.5884155661773374	0.7199726519149375	0.5884155500997005	-0.7406465210413455	-0.5000772395520141	0.6463122961071343	0.6342643138732597	0.5925777570116522	0.5809256665085086	-0.03756860587472285	-0.03593954135243693	-0.062170330238804625	-0.06715093267821595	0.02076136537482256	0.01905826798682348	0.1376564755025857	0.14441665943971344	-0.06633502294788547	-0.07140084175546837	-0.05364423113098845	-0.05913268789792771	0.12848127052029135	0.13540079250211848	-0.06769232422756533	-0.07271768971153372	-0.05250778375337204	-0.05762432587882652	0.1333594058638585	0.14073998200300264
DKI MKT	0.26062633598343016	0.3984385300321206	1.4667444110181804	-0.0853514109077969	-0.011754010637754527	-0.030956777297660613	-0.3361180428211261	-0.015930678321726913	0.5777322477174273	-0.030956775780708642	0.26062633598343016	0.9487973158437826	-0.011754010637754527	0.555406708242722	-0.030956777297660613	2.8028210807036342	0.0	0.42504328092579374	-0.3361180428211261	1.524533629955975	-0.7064485721115061	0.7021991517897345	0.6457872071946137	-0.39224788463477883	0.4740200873540447	0.1914427194700272	0.7187392608310234	0.010738452851536111	-0.1816268317327783	-0.27230372457702856	-0.5101766124767563	-0.42643930307761285	-0.2712943482833406	0.013544885267021084	-0.038494608858216955	-0.13725139147928558	-0.08564400913801044	-0.03607565389112473	0.7308229680980071	0.7394926939543658	0.11999965124403826	-0.10431273467886525	-0.3520687995363502	-0.528248714653365	-0.001896863408002967	-0.11999919346433256	0.9192720462552291	0.5777825287459252	0.9356786719933136	0.8692934483412159	0.8691156425373344	0.7554490877994376	0.6962650511276806	-0.0775829404312224	0.19858794057326332	-0.49834101177738044	0.7276471912673288	0.7191891655196745	-0.4547926669595213	-0.04531639020273934	-0.5298592218709497	0.7069920208028837	0.6969320520797685	-0.7502969751422335	0.9577781981670348	1.031492974983541	0.7512166410493089	1.0684755312871277	1.0456297710859472	0.3793007824467444	0.3780677666808605	0.31908913822084767	0.22189122408975084	0.16175381294686478	0.9085615702452146	0.8806453906786671	0.7739311963765467	0.6376440049605109	0.7739312097457383	0.637643993709718	-0.7238195742777799	-0.47658356939669966	0.6775529210054784	0.6647265820572537	0.620387937007094	0.6080812318524915	-0.020589657104167405	-0.019495627047999814	-0.04425105036294701	-0.04895506066049588	0.032311528284788255	0.030526549716965726	0.11428687736175953	0.12078069745376865	-0.048268269678902964	-0.053019145279103376	-0.038699788203737956	-0.043971526130656594	0.10771515451842253	0.1143842546496815	-0.04961359287352035	-0.05432024338184999	-0.03771612060528216	-0.042549492819144295	0.11248623022669109	0.11969164535639305
DKI Planarity	0.10400325718603537	0.16603673522386156	0.4842570739152185	0.18501624501133748	0.3041296473858988	-0.1022859094460264	-0.2966935213407206	-0.1496327660022103	0.5073081542541434	-0.1022859033328368	0.10400325718603537	0.32714703421034136	0.3041296473858988	0.22841347187763753	-0.1022859094460264	0.38110039804335316	0.42504328092579374	0.0	-0.2966935213407206	0.33147713092751646	-1.0067717710058621	0.6817503949797806	0.5282546109644454	-0.25193550494931616	0.423516759549247	0.06353444631937105	0.6633921548755547	0.026107635762346315	-0.1929954582935709	-0.08930514250020044	-0.5600943765373334	-0.34743705504766714	-0.27231456515400126	0.007787348845337152	-0.06647562616731763	-0.05263770164534085	-0.06636384917143451	-0.1784191549676297	0.40064237649922346	0.3999555679514409	-0.009231988291120843	0.4231257002368883	-0.2710048487339727	-0.36095248763341947	0.4927412135088776	0.00923292974932769	0.2802024220566716	0.18579249938935377	0.2628278352921385	0.5218412035959975	0.512849588653194	0.4437645951206536	0.3919717094241545	-0.01621364431589181	0.0695981810469482	-0.2810000444044867	0.6544509274776027	0.6095460001043491	-0.3583287585419752	-0.04749322947672153	-0.2904013803698277	0.5296398461234978	0.5090310453823773	-0.4395610233164067	0.36962930770616376	0.45620337169655734	0.4357496730598527	0.46856107634987615	0.44685602897268484	0.21433643746630382	0.17359142822960852	0.14304793724093318	0.07907605219652215	0.048907062288083614	0.43548312928631855	0.41336059807940645	0.40476659454313035	0.3391342605304592	0.4047666104053702	0.339134264141768	-0.3188728020309285	-0.22296617610439978	0.3161710579636854	0.3055539076994116	0.28920268344556055	0.27923817315273025	-0.020517108552171103	-0.01846861595904417	-0.08084189166829389	-0.08112601019803649	-0.06340285650078006	-0.062725550269287	0.08031951906644974	0.0783179602143878	-0.08172374727177195	-0.08153175017079317	-0.0897581647520819	-0.09030731831604888	0.09604517605684498	0.09645148368682727	-0.08257841948610184	-0.08239283946180755	-0.09064442710891064	-0.09067988353510222	0.09736935301542686	0.09832544314000302
DKI RD	0.5464285452152138	0.4616939984071108	-0.5896979487908972	-0.02793730417645517	-0.8647862634767903	1.2609898128646915	4.9517187756431005	1.6328011542019647	-0.5283904972000301	1.2609897874443428	0.5464285452152138	-0.37652796952705275	-0.8647862634767903	-0.41111250590007625	1.2609898128646915	-0.29785543471069215	-0.3361180428211261	-0.2966935213407206	0.0	-0.2501972480440011	0.4814596889893291	-0.48123198021812535	-0.2132919626866336	0.10114798895329832	-0.17357742219534256	0.5731728688467665	-0.5001546811162064	-0.008709953939896459	1.3539428546703787	1.6744580547720715	1.5966590133583587	1.987545706001623	1.0892554234845127	0.0992806907206007	0.052259413155899104	0.9060830837323305	0.023729835414591546	0.8266331044686972	-1.3783077765690184	-0.544797574788231	0.6273223477703374	-0.04880459331400244	-0.07672833189027121	0.22706512929197545	-0.3018377776245414	-0.6273222364849045	0.14871098438341543	0.3321587789987136	0.13215810617290125	-0.15850257163753534	-0.1617873701891743	-1.3749419734828878	-1.4677917492698354	-0.5970463446975578	0.5640282453294166	1.0258416833855037	-0.482409888228467	-0.514836665899879	2.4506335808363247	0.6251996079697048	1.0189394594758812	-0.3706645601914797	-0.4212240691279039	1.4439439616700567	-0.6134915280883753	-0.5514447483605452	-0.7760916573662833	-0.6437079394514844	-0.7261456189256181	-0.9437319082183588	-0.41793874985006546	-0.35006368914264324	0.002146850817518358	0.03172112844284071	-0.8576089422976672	-0.88031099743234	-0.9976461954041511	-1.0327939224867715	-0.9976461996109767	-1.0327939254463738	0.1190460328155723	-0.1635625583524021	-0.6665924177237363	-0.679273647349072	-0.6122584537675089	-0.6244291785145768	-0.14559221637541359	-0.1348584159615041	-0.1875063552791537	-0.19018793170009782	-0.1019941312217424	-0.10348832762269805	0.29455380433907574	0.2955463290611199	-0.18583051449635607	-0.1898228907014161	-0.12570989158749912	-0.1277227856959446	0.28751753240229244	0.29427643656616354	-0.1853003951657735	-0.1895559149341231	-0.1240145926950654	-0.12766665816995668	0.2855988566023728	0.2900218876334651
DKI RK	0.39744202907593357	0.5119491912356398	1.2761475100471857	0.07254665706271878	-0.10187146251659242	0.08387526153828159	-0.2501972480440011	0.0682025241843517	0.6153878215462792	0.08387526457001365	0.39744202907593357	0.5837079272926236	-0.10187146251659242	0.6872241440500191	0.08387526153828159	1.7395040974224323	1.524533629955975	0.33147713092751646	-0.2501972480440011	0.0	-0.7178181078096627	0.7695763932029515	0.8786670708490874	-0.34899989744398147	0.7068839563778199	0.346078237083055	0.8113628114241845	0.017949069367666545	-0.05884540547839214	-0.20631523068734559	-0.4015658681910592	-0.3369732189913537	-0.1726783345352053	0.003051526288425538	0.004996330448572037	-0.03540438540287086	-0.030377157160079053	0.06163265873199492	0.5530743273008613	0.6701649691569788	0.21049706023633927	-0.19071999306055212	-0.591648030845454	-0.7770760407265557	-0.11476567213634578	-0.21049593034434502	0.9814189842920353	0.37362159833167746	1.1009090691711274	1.079711765982053	1.0914930493337172	0.6791180606202084	0.5320463200629579	-0.2548802036651851	0.3601166361658445	-0.33007960065299025	0.8286734772358997	0.8478562815397176	-0.35606425296930116	0.16775907272062407	-0.3581670787466781	0.9420023017503625	0.9282393302876302	-0.6414481715884356	0.8814646328519423	0.938324684630681	0.6418034676509985	0.9412502107026244	0.9169020465348898	0.22176316682389832	0.29099052985487167	0.2418122661571165	0.20613204136317345	0.14977223654174232	0.7340993263805569	0.7108856362564124	0.5703480207699017	0.4460241273387944	0.5703480273196132	0.44602410544765636	-0.7841843930256168	-0.5684320159216761	0.5466772668880386	0.535806427010854	0.5020342177595969	0.491315497128242	-0.09531533710842277	-0.09096496379434514	-0.13142940453695903	-0.13690424917539576	-0.03238251745586579	-0.033795063824216494	0.22152793080260463	0.22833733576629373	-0.1361463180160797	-0.14181969273402376	-0.11480053972241472	-0.120384915957274	0.20584522430449462	0.21311681554281903	-0.13756399745361061	-0.14320310013846016	-0.1133126208762046	-0.1186495315492022	0.21133576737284993	0.21891483037410903
DKI Sphericity	-0.37866564661413754	-0.45602698384714374	-0.8687744069890866	-0.4326319749757879	-0.40754177230039146	0.05263796670768479	0.4814596889893291	0.2424550361824555	-1.4778977628251224	0.05263795788758747	-0.37866564661413754	-0.33453454804366833	-0.40754177230039146	-0.9873090592026532	0.05263796670768479	-0.6717714069477082	-0.7064485721115061	-1.0067717710058621	0.4814596889893291	-0.7178181078096627	0.0	-2.054560429636367	-1.3277616096211442	0.34005347034747174	-1.012192845525171	-0.3266543335052482	-1.790466566279401	-0.02931550874117379	0.18030797193643996	0.2945927998654913	0.7189071918398043	0.542874702767985	0.30958854124924057	-0.026124351094192366	0.032459513129095764	0.05555072385646032	0.024654231457574168	0.1276148704077654	-0.5468818042851493	-0.6483664010541319	-0.11825978954931476	-0.28567604060079343	0.7582986209576287	1.0115687913321503	-0.37281399003819027	0.11826230091653675	-0.5561541670508586	-0.17981229817654396	-0.5688490446613068	-1.160691423495981	-1.1581071052996945	-0.7562574918057599	-0.5403613592689399	0.2770019829736876	-0.34410697848257565	0.32583065798069555	-1.8118858819622956	-1.591222033812904	0.5607094245124995	-0.19998586730126666	0.34358744589637036	-1.3667670344369027	-1.2906055431793793	0.7295919176806209	-0.6580079645935173	-0.7983514906124137	-0.6468654514034335	-0.8108717977200719	-0.7643109731378421	-0.20485372256289056	-0.24623037508714646	-0.2004112233403156	-0.16247484881674476	-0.11164846245196838	-0.6732726895632051	-0.6386034973950574	-0.5423911410505965	-0.41238746975554436	-0.5423911524086512	-0.4123874722290967	0.6173991309813257	0.4548812331094482	-0.47881524921439533	-0.46422179170040045	-0.437187299126552	-0.4234821323050544	0.10963075018565727	0.10275268567488792	0.1853031628711128	0.1889148670093019	0.10266483070162995	0.1036409436728177	-0.2387564313668939	-0.23929866466560193	0.18835627482115513	0.1915795359639779	0.172875241124327	0.1761063171156152	-0.24320162443335192	-0.24767236167157763	0.18972412197040003	0.19294442329055575	0.17278850929609457	0.17550503989952063	-0.2468366958528286	-0.25201762187554333
DKI Tensor FA	0.44758968297947227	0.5198381779987192	0.8753412375710181	0.47285117571391344	0.3848403116487973	-0.023437984826277628	-0.48123198021812535	-0.23991576357421598	2.0697501472485844	-0.023437974880641806	0.44758968297947227	0.2886832468090579	0.3848403116487973	1.4104590584509913	-0.023437984826277628	0.6785262370403188	0.7021991517897345	0.6817503949797806	-0.48123198021812535	0.7695763932029515	-2.054560429636367	0.0	1.5605032321594388	-0.3371115868231361	1.1449656821124976	0.39585952160686017	2.2051322377374936	0.028125949066201094	-0.14870568478974683	-0.3324383602446109	-0.6546432337488279	-0.5358404077186516	-0.27498960053757326	0.03307123836866959	-0.01875803099625076	-0.03854364210648654	0.003325116708413875	-0.09836032304734312	0.5140078875351697	0.6438889553570616	0.15125942872936873	0.20836030805317177	-0.8968860783639895	-1.2321256856006355	0.2854551530926568	-0.1512578720165626	0.5865021313224307	0.1575159478186098	0.6115313320847977	1.2666253794822746	1.271851900752917	0.7543958173875658	0.5074950090078819	-0.35162226701037597	0.4169648434589463	-0.29718532321982877	2.3365136350598914	1.9157754740656117	-0.553512077592401	0.27595276342367614	-0.31522087510806973	1.6350907374919914	1.5196065554577254	-0.7233631036602203	0.6688640796671975	0.8043204271178397	0.6254205147833145	0.8114206386769357	0.7627958852130479	0.17550324642655146	0.24241608236415738	0.19793352477571444	0.17446160904947391	0.12315661624962541	0.654496069974818	0.6201006519528133	0.5109500004011478	0.3803241056822771	0.510950009244192	0.38032410822302226	-0.64623414399065	-0.4853977552086836	0.4703686101784916	0.45573769044144197	0.4305521024830451	0.4167326604492552	-0.12256951134115981	-0.11479674004495659	-0.19499709959439918	-0.19936587002771808	-0.1005416829737569	-0.10179365733369747	0.26378227588518693	0.2656347235620419	-0.19859952536615447	-0.20270044843757398	-0.17723714661335843	-0.18094431165311886	0.2637908696787277	0.26951347031829015	-0.20000338380142108	-0.20410264659967034	-0.17667525562569933	-0.17991492429168107	0.26797373624193127	0.27430818020534653
DSIStudio GQI GFA	0.7202666135883157	0.7886780261908732	0.7467373927380044	0.5867897074610767	0.12391117172625338	0.21752753763468602	-0.2132919626866336	0.012114766749429412	1.2603260950177873	0.2175275485213455	0.7202666135883157	0.1208229134475338	0.12391117172625338	1.2306180750596998	0.21752753763468602	0.6625613963718323	0.6457872071946137	0.5282546109644454	-0.2132919626866336	0.8786670708490874	-1.3277616096211442	1.5605032321594388	0.0	-0.3629254806080003	1.4623032923193293	0.6737834102156812	1.554319535471174	0.030977970226802733	0.09058037094083636	-0.1015474839207676	-0.3670214615362158	-0.26956215541155604	-0.05757668607752315	0.026529748103022045	0.02382185031128552	0.16582208136682805	0.02815247758695245	0.11774607236797631	0.2674274925557063	0.5495723298151057	0.3625588097916135	0.12134101306157236	-1.3886596926939339	-1.6171621563016396	0.12825034401326427	-0.3625564503241193	0.7873403581010351	0.21077541583278778	0.8675924625013756	1.6954688870311048	1.7107011097264246	0.4879298027026006	0.2605715554913565	-0.6421835466942263	0.7035143796619002	-0.08063548982994007	1.6277525660227063	1.5574299901082518	-0.27727365109981705	0.5648678110049077	-0.10030098019866837	2.111884857030299	1.7833552372496697	-0.45095268587605125	0.5496419101931747	0.6780064368135073	0.44256329751245965	0.6502360349801132	0.5911858842264596	-0.03546298469332155	0.14724832793029607	0.11563479780351808	0.19363336421614377	0.14507837553755445	0.4527984096875457	0.4194828785654509	0.2885408920997383	0.16111145059887202	0.28854089914224906	0.16111144621806844	-0.7500370008665166	-0.6704274384200176	0.32378146281032716	0.30753022178966843	0.2964403547079714	0.28070550398235367	-0.19115867597017044	-0.1795543079406374	-0.2794757991270481	-0.28539074549154636	-0.14069200901646123	-0.141793045778981	0.41194767439234736	0.4164082027444196	-0.28389111762113955	-0.28985317514475895	-0.23657475221340177	-0.2412008836545087	0.3963647976417757	0.40517605109835214	-0.2854365491710103	-0.29147571677108897	-0.23507232901791145	-0.2396173667277674	0.40150684293173483	0.41021667702269987
DSIStudio GQI ISO	-0.18543456243094125	-0.2929967905454396	-0.37143851302415265	-0.20017987466749795	-0.005127734687674299	0.03262864160892837	0.10114798895329832	-0.029706816330312726	-0.30686048805128885	0.032628638487608566	-0.18543456243094125	-0.25437406727571504	-0.005127734687674299	-0.2751107645956478	0.03262864160892837	-0.38098984718267526	-0.39224788463477883	-0.25193550494931616	0.10114798895329832	-0.34899989744398147	0.34005347034747174	-0.3371115868231361	-0.3629254806080003	0.0	0.042123978956607355	-0.13686992414025628	-0.33659191993915255	-0.015489274114501057	0.09025328742374754	0.07475004750654884	0.1489991594561762	0.1336434345890047	0.06476156264539053	-0.054666692726451485	0.03340003628395236	-0.09879784866009006	0.1751064329548182	0.02942515997878599	-0.24346734988184027	-0.6459826858374138	-0.2671241226088469	-0.32181818578169413	0.36677786531747975	0.19620195534749862	-0.30246454342355267	0.2671250578399389	-0.6070739482158247	-0.4912585021386986	-0.5332289362278018	-0.5277274452441305	-0.5256596432275289	-0.2263395430672417	-0.23727434050487162	0.054213149073870454	-0.13839540364441197	0.5565357124879292	-0.35738530789980455	-0.3570357995362276	0.15287708254705354	0.005599113388717887	0.5660088428787802	-0.3390608135424609	-0.33744301756432915	0.24858411788591397	-0.13733597479849344	-0.15854425047839488	-0.07422813548821405	-0.19231581748153995	-0.2415904252585264	-0.3955382882346336	-0.5664846617294105	-0.5175253909108315	-0.44054500111076966	-0.3929244555253389	-0.3795972181013383	-0.39229381054731166	-0.41412244127689896	-0.4158004679270611	-0.4141224358342312	-0.41580046675579047	0.29625419432319444	0.10948584013916426	-0.5890257930659691	-0.5874217577579779	-0.5733053319922328	-0.5722134612128599	-0.33975516252767	-0.3208048540338625	-0.47092573583439284	-0.4682776833658656	-0.6193570757634788	-0.6070607783181984	0.13398077729271055	0.12325082811947054	-0.4668719840661084	-0.46445067355241837	-0.5231335862195915	-0.5213459004238818	0.2759745098824692	0.2661350994632651	-0.46534108159645643	-0.4628345702774321	-0.5223681712312273	-0.5210867742036007	0.27761749847203	0.27069435217473165
DSIStudio GQI QA	0.6332764367525565	0.6253209747362122	0.5799978443353075	0.4973196754690557	0.1281502101453459	0.240476654380714	-0.17357742219534256	0.0013323307513075304	0.992666663152921	0.24047666604937917	0.6332764367525565	0.030241860925680705	0.1281502101453459	1.0062607077678927	0.240476654380714	0.49616482399069944	0.4740200873540447	0.423516759549247	-0.17357742219534256	0.7068839563778199	-1.012192845525171	1.1449656821124976	1.4623032923193293	0.042123978956607355	0.0	0.6246127583512183	1.150046357325795	0.026828781557137426	0.13635957450559386	-0.06740502310648845	-0.30918571074751505	-0.21583685440201753	-0.03496228723593932	-0.00240698913338107	0.03813607656819534	0.13967380241974783	0.11541709220717013	0.13393155585140196	0.17054262279475238	0.2864358389712272	0.2360827748032692	-0.035219143730598194	-1.0348836907048924	-1.4758514457959357	-0.018114976936294963	-0.23607947546471408	0.4770248992147389	-0.0004867402411300645	0.5701900677706351	1.0123853168929164	1.019229301215006	0.3995516586368711	0.1666289470332669	-0.6481044700915121	0.6532606746209798	0.11942247410299767	1.1555674953297759	1.137607853098036	-0.21490120932541218	0.6143167062663747	0.10154293622982653	1.3822098807186902	1.2865195891042414	-0.3498355205023375	0.5031592166891126	0.6158694710163867	0.42645495309330983	0.5714771268242034	0.49177118160497085	-0.19278588674331	-0.07286242273381723	-0.09165627470965616	0.004423472567642595	-0.027097999328077327	0.30291525601358193	0.2676178105723346	0.1312866867569276	0.007566966561652721	0.13128669660513342	0.007566963231652141	-0.5917240483738994	-0.6281498527309448	0.10131499129117108	0.08750149228022416	0.07892105249594991	0.06515422656539924	-0.3842800982195422	-0.3617427306403085	-0.5403493684444535	-0.5466522721588093	-0.42182798101460617	-0.4189298792523366	0.5242555188288354	0.5230458171539146	-0.5446769220113566	-0.5510643704752172	-0.50726166874661	-0.5121907651493425	0.5728061065439481	0.576541016976136	-0.5460750412369724	-0.5525289269778286	-0.5049570849608199	-0.5098822586184247	0.5810732072750386	0.5870376857887839
DSIStudio Tensor AD	2.2418198287481563	1.8131277550980445	0.04871761838170856	0.41024298651086005	-0.40568250775254844	1.2116064963925077	0.5731728688467665	0.7600872293827737	0.3474730294210457	1.211606528914693	2.2418198287481563	-0.1597824683063986	-0.40568250775254844	0.45580620608248945	1.2116064963925077	0.2209789306162916	0.1914427194700272	0.06353444631937105	0.5731728688467665	0.346078237083055	-0.3266543335052482	0.39585952160686017	0.6737834102156812	-0.13686992414025628	0.6246127583512183	0.0	0.3669847295633678	0.023744526802293685	1.065438953715849	0.66081263894247	0.46235718574727686	0.5483758591501449	0.6632471496999545	0.1352922582700492	0.07503441208209881	0.8892253088279406	-0.0065113049007169835	0.8464563542068245	-0.5097636045732652	-0.01269983466643866	0.9985960748031569	0.007856036664899028	-1.0659167668361686	-0.6085192615102142	-0.16720905933029667	-0.998595550366108	0.768258582013129	0.47487024362630154	0.7747450864642857	0.703538894121531	0.7043000237800857	-0.3264035600372976	-0.5241393788476665	-1.990821900700587	2.3916989998963856	0.6463951899982754	0.39470573370883905	0.34813891961662846	0.5161791650773622	1.634976583759056	0.6211259621594984	0.4887118138893594	0.41549267200411466	0.36149632401577797	-0.04402688881210175	0.05120309815619841	-0.19109137086570682	-0.013928317723418399	-0.08682097917663786	-0.7562520812018452	-0.22887799467602618	-0.20710008652778675	0.14418368856865393	0.12606561778745107	-0.23807792375688763	-0.26411800685669257	-0.4154534015062492	-0.5521637399911573	-0.4154533971584808	-0.5521637391392028	-0.42689829810162183	-0.6662506064913618	-0.24006145110022079	-0.25512382086944446	-0.23047718956895244	-0.24579045338132205	-0.2892706473599992	-0.27116653077807457	-0.40369337722577453	-0.4117081581001192	-0.20929359155345792	-0.21304537994215997	0.6276041981289745	0.6304996670690949	-0.4057751088536875	-0.4150460549784899	-0.3025583419437372	-0.30890253105796195	0.6138860918594423	0.6289646752995124	-0.4062287083659419	-0.41578998165735775	-0.2993729566034024	-0.30704413672915293	0.6182338071066636	0.6314773537235765
DSIStudio Tensor FA	0.4129119619549382	0.4832817180239662	0.9183125368916959	0.4592061039924502	0.36896965396881193	-0.04612844750163526	-0.5001546811162064	-0.2499168532086367	1.6935230711137377	-0.04612843823438169	0.4129119619549382	0.27478500550577684	0.36896965396881193	1.3104082761470524	-0.04612844750163526	0.7010765152742757	0.7187392608310234	0.6633921548755547	-0.5001546811162064	0.8113628114241845	-1.790466566279401	2.2051322377374936	1.554319535471174	-0.33659191993915255	1.150046357325795	0.3669847295633678	0.0	0.03088539239105342	-0.18538964015302958	-0.37094134633084147	-0.7089414107322788	-0.5843923664655872	-0.31963045634669524	0.019608273495900663	-0.02929159415653142	-0.06024937003250495	-0.006069992468234604	-0.1258122523715016	0.5460840112834832	0.6514491248326516	0.1323518666821726	0.1961910735629605	-0.8794232120847659	-1.255272453412922	0.28085558850717934	-0.13234984070975492	0.5729340790035443	0.13198028091362832	0.6077911629279845	1.2655393547731077	1.2696237443893135	0.8010702608569319	0.5412917572201121	-0.3271412817706804	0.39223560807431296	-0.3242214359088743	2.4955808720107915	2.0437853029001554	-0.5843803184413272	0.25461640995942697	-0.34252172533689945	1.7204734837692472	1.6119468347117065	-0.7635047749392198	0.6891646176572311	0.8233972179373493	0.6466907193175381	0.8357077124926942	0.7910344412332155	0.19870757026867372	0.25430224968557896	0.20819077749547543	0.1738911149480559	0.121838805453444	0.6869129319561664	0.6520679018703591	0.5407064719080057	0.40789247593768285	0.5407064801249544	0.4078924780703071	-0.6427195337732701	-0.4718829161223358	0.4899721179694246	0.4758302409044853	0.44870673994994964	0.4354489365376392	-0.11553246715045494	-0.10810585278398734	-0.18424681192640155	-0.1887177297318261	-0.0951834905160689	-0.0963359008251485	0.24818817732223272	0.2506660007710175	-0.18809995096898682	-0.19220531988375583	-0.1681799281360682	-0.17200566749461832	0.2504067088571575	0.255879861856829	-0.1895797687724914	-0.19367436946652597	-0.16766179274992454	-0.17089918218559608	0.25470868894022675	0.2609172971585155
DSIStudio Tensor HA	0.026091564499010046	0.025835031183609726	0.01218929778437751	0.01152447159739845	0.0027777049330908517	0.013505882712102147	-0.008709953939896459	0.004971998892468088	0.024234477000441634	0.013505873998440155	0.026091564499010046	-0.005292754726195884	0.0027777049330908517	0.027213570599978497	0.013505882712102147	0.012100802361220608	0.010738452851536111	0.026107635762346315	-0.008709953939896459	0.017949069367666545	-0.02931550874117379	0.028125949066201094	0.030977970226802733	-0.015489274114501057	0.026828781557137426	0.023744526802293685	0.03088539239105342	0.0	-0.00038734525412667466	-0.006907620818581033	-0.018543387662836745	-0.016444075218938512	0.003795848494329719	0.0034539191389284306	-0.10378817263423325	0.009196267065644304	-0.04479149409828325	-0.01004972977014011	0.013687245992780196	0.03069468191573901	0.014814164284139454	0.025130108977225375	-0.02935836014742947	-0.020108115188136447	0.019938126961012617	-0.014814180290832873	0.026216716627592528	0.02100940562057833	0.025914561832904855	0.03461954179287144	0.03393155832741404	0.01653059879562701	0.013583731605973174	-0.025859797864126333	0.031130415702526313	-0.0009241896308135214	0.031444644888870214	0.028960428139700654	-0.015388668002815891	0.0221052442657772	-0.0019124858861654887	0.032607054411493835	0.031074681802344458	-0.018262445994636712	-0.0038504537385425108	0.02877341086398789	0.03767225500691841	0.02617431386941336	0.011493059877143908	-0.01289298523638056	0.008708435264904042	0.004889760992707554	0.018208862168336806	0.012414217764435824	0.0029046392647530564	-0.0035745899754354277	0.02719015346073581	0.023466678599572344	0.027190156077151053	0.023466680937078543	-0.018117086195008406	-0.037188512881275115	0.009147013806050515	0.005323607363818704	0.006832558802988989	0.0023994591909927	-0.0061689884695142125	-0.006920248555036351	0.001175967917112993	-0.00011400001757684095	4.9897874327810354e-05	-0.00132206613485682	0.002359171611320262	0.00474162530801293	0.00133151885655433	0.0007673461208860933	-0.003012771327119313	-0.00500170192268702	-0.005306806218539048	-0.006241217311520069	0.0012756018632520676	0.0006062589297439266	-0.002185721187863614	-0.003279790826521235	-0.004382746360096759	-0.004273536634011061
DSIStudio Tensor MD	0.9295272658371272	0.7903975158896823	-0.37967553212554717	0.14045443809872313	-0.6911978838540432	1.7308870168519197	1.3539428546703787	1.3312815235515272	-0.18309967212124764	1.7308870345055285	0.9295272658371272	-0.3529430560746519	-0.6911978838540432	-0.07671891052163891	1.7308870168519197	-0.1449701836568011	-0.1816268317327783	-0.1929954582935709	1.3539428546703787	-0.05884540547839214	0.18030797193643996	-0.14870568478974683	0.09058037094083636	0.09025328742374754	0.13635957450559386	1.065438953715849	-0.18538964015302958	-0.00038734525412667466	0.0	1.479981192676698	1.1838521634395252	1.4343922841840346	1.105632478346788	0.13050174499608402	0.0672226715261203	1.128740638014743	0.04873139986488709	0.9782809312867684	-1.1088954661428696	-0.4216872279381855	0.7581260121916078	-0.0697658698551627	-0.37762324423819665	-0.08029383002040616	-0.312562744202232	-0.7581257951353719	0.3108791095334393	0.3387410945033436	0.3080413922300705	0.10899778806500464	0.10781805152858688	-0.9166345256453727	-1.156943941055913	-1.0160941150746607	0.9721948312014205	1.0752777874985802	-0.15506376176549322	-0.18747249980107386	1.278830978194929	1.0372468261358145	1.0527560515271743	-0.05908418566696277	-0.11156565677369333	0.9731255578320529	-0.4177790860016568	-0.3429078775734226	-0.5670608766555881	-0.4254039208462504	-0.5084563460932575	-1.0594767416167508	-0.4278232549437362	-0.36839788984307653	0.01697146401437775	0.0340980208753147	-0.683850067170344	-0.7105906537254683	-0.8823915939725828	-0.9983714985395128	-0.8823915891834851	-0.998371497336003	-0.05706742016791686	-0.3416886612263231	-0.5942493490922739	-0.6084216295508478	-0.5543350095636619	-0.5683148165895545	-0.2531674848826692	-0.23615877084691958	-0.3364488515604536	-0.34046704534940514	-0.21076682769117455	-0.2118423683230899	0.463447796731222	0.46339512441039915	-0.33616580738181656	-0.3416333438070976	-0.25690625643133236	-0.25995389809394537	0.469491367078147	0.47826919405094726	-0.33578399355767485	-0.3415564071683533	-0.254581788168752	-0.25937243806632737	0.4694037440691973	0.47597725010586356
DSIStudio Tensor RD1	0.6024458891719717	0.5235237463417817	-0.5067224310285658	0.011698213020828067	-0.7414720214152706	1.2088128345510762	1.6744580547720715	1.3986546277277798	-0.402532059211542	1.2088128206489137	0.6024458891719717	-0.31503441830322	-0.7414720214152706	-0.36063512691465444	1.2088128345510762	-0.2450313279651348	-0.27230372457702856	-0.08930514250020044	1.6744580547720715	-0.20631523068734559	0.2945927998654913	-0.3324383602446109	-0.1015474839207676	0.07475004750654884	-0.06740502310648845	0.66081263894247	-0.37094134633084147	-0.006907620818581033	1.479981192676698	0.0	1.2386290070344896	1.8018034318459457	1.0509074530937041	0.11707173872351483	0.0386470174286087	1.0162647958714581	0.014272762223915146	0.8399322397023958	-1.1751523320663486	-0.4716764149865108	0.6145113132854866	0.024297987975889678	-0.1447848398100087	0.14872877383132718	-0.21751132963589645	-0.6145111913672504	0.19268290412611833	0.36993193594994334	0.17114013871143166	-0.05797817114015274	-0.0627481325329294	-1.1472855261698094	-1.2418614035602353	-0.6357215032323755	0.6132624521302349	0.9815878014099428	-0.3404617353370093	-0.3734220673940927	1.580917999541264	0.6495616245096888	0.971549438437055	-0.2552099648704211	-0.3056899444902634	1.1990370920621756	-0.5283826853230124	-0.4513887716044932	-0.6468717900698008	-0.5370238128521971	-0.619750851315484	-0.9143474834021547	-0.41588566044503006	-0.35357428945497976	-0.007377971983319356	0.017926514728915866	-0.7663855125397983	-0.7906079469117806	-0.9018304083132652	-0.9542490071974431	-0.901830405236041	-0.9542490059039532	0.048822416478124867	-0.2284273612679486	-0.6275126914244451	-0.640451893296252	-0.5818408904330201	-0.5942251876747225	-0.17227593394995414	-0.16114175273325926	-0.2405354372930819	-0.24318714846520167	-0.15278731618374244	-0.15399646595956604	0.3381063029292131	0.3377296967062654	-0.2391254846265648	-0.24296290498151674	-0.18042675322004276	-0.182533949068418	0.3375325250341103	0.3439264628567943	-0.23868474627747482	-0.2427987812994407	-0.17878904862318704	-0.18252053463218113	0.3360816329308965	0.34023124331968574
DSIStudio Tensor RD2	0.39833531504468467	0.3095606725165641	-0.7801717770815343	-0.04526686221185878	-0.7775848488503214	0.9084825099001201	1.5966590133583587	1.0761719238862129	-0.6326516301459368	0.9084825031929351	0.39833531504468467	-0.4747997838098439	-0.7775848488503214	-0.4465237839948973	0.9084825099001201	-0.4637039782380184	-0.5101766124767563	-0.5600943765373334	1.5966590133583587	-0.4015658681910592	0.7189071918398043	-0.6546432337488279	-0.3670214615362158	0.1489991594561762	-0.30918571074751505	0.46235718574727686	-0.7089414107322788	-0.018543387662836745	1.1838521634395252	1.2386290070344896	0.0	2.0362848526109514	1.1184691166898728	0.09009158413145467	0.08310614424365913	0.778785599779119	0.01885289861050084	0.7882446740167175	-1.4861621171546608	-0.6107712984230598	0.5216262641214727	-0.13006210707981336	0.018782601692522518	0.33385031662488085	-0.37955313548019665	-0.521626117764786	0.009723476621478893	0.2032645845838072	-0.006638072391104597	-0.32654961539519634	-0.3257718733493061	-1.6002501275207641	-1.5605178807082944	-0.4777873921634559	0.42353520750896184	0.9845506624809439	-0.669191699079713	-0.6919698531424548	1.8100420497833638	0.5346023455264851	0.9904502163011721	-0.5269844393809026	-0.5706083443319434	1.644331740931682	-0.7557233724046561	-0.7372534755642739	-0.9489139702601698	-0.8405596434305327	-0.9097415265450102	-0.8663686640908963	-0.41522396194900424	-0.3450748902503523	-0.022219578794805742	0.01492405210435628	-1.0110470062044619	-1.0152911448207076	-1.1158026294263932	-1.0742638511024107	-1.1158026450150333	-1.0742638626873438	0.2568363631517748	-0.022408017654646933	-0.7156169964826796	-0.7190371164842831	-0.6517339492124429	-0.6553319607267488	-0.10559668883612924	-0.0975184823039285	-0.10949150080712082	-0.11065853700840907	-0.04222409338542752	-0.043546720962484305	0.20787736618251534	0.20871639808510103	-0.10769902789610564	-0.1100897936494517	-0.05322621495381188	-0.053592599145693	0.1871178176463721	0.19168444588421504	-0.10688561996273356	-0.10950138466850841	-0.05162026974621456	-0.05352132828458851	0.1845563421150901	0.1870086958083233
DSIStudio Tensor RD	0.48049687475764424	0.3916732936799198	-0.6868956538664635	-0.027672771752849868	-0.7880716816052549	1.0777478513913206	1.987545706001623	1.2836077996045878	-0.5617645872805533	1.0777478390302728	0.48049687475764424	-0.4206803170930744	-0.7880716816052549	-0.4400220193559922	1.0777478513913206	-0.3878728100134898	-0.42643930307761285	-0.34743705504766714	1.987545706001623	-0.3369732189913537	0.542874702767985	-0.5358404077186516	-0.26956215541155604	0.1336434345890047	-0.21583685440201753	0.5483758591501449	-0.5843923664655872	-0.016444075218938512	1.4343922841840346	1.8018034318459457	2.0362848526109514	0.0	1.1567376274749754	0.10264372974171602	0.06267862924778961	0.9036725893992333	0.020177672989521313	0.8444061453820431	-1.4653281360721402	-0.5883070903827287	0.5645295735622706	-0.06457730316430052	-0.03604887047021104	0.2708987803770032	-0.31556068376500496	-0.5645294452992505	0.07234619377628854	0.26825509991762925	0.05452788759594074	-0.23147967818926982	-0.2333980376026541	-1.5092798084019774	-1.5634434282204408	-0.5474979981456295	0.5016576362383509	1.0380634660258397	-0.5477212275821945	-0.5757234274087737	2.1540802921791236	0.5905881914138452	1.0376957178728448	-0.4303800621153862	-0.4778790396850456	1.5792698701537957	-0.6872420648537496	-0.6372324567053348	-0.8470001136671603	-0.7357069709401718	-0.8161834218564363	-0.9255548591521513	-0.43389039512472993	-0.36351021708014675	-0.02312695742611072	0.011145786456828182	-0.9467869231793138	-0.9624731420568156	-1.0799789453932236	-1.08201181556521	-1.0799789520720915	-1.082011822881037	0.18456799047543945	-0.10048006625147896	-0.7118002901947579	-0.7198522250052594	-0.6517093910587184	-0.6594685521296991	-0.1419296473510457	-0.13188022012588804	-0.17117197894433445	-0.17274654037572776	-0.09622352715096341	-0.09724361743718488	0.2670917826192175	0.26707032926484625	-0.16945007581014296	-0.17227022013734078	-0.11289084769560845	-0.11374843366287674	0.25596028513736363	0.2610957606802755	-0.16875107476554024	-0.17182290407548528	-0.11136128133072865	-0.11383364893494348	0.2535570547457592	0.2565071052700302
DSIStudio Tensor TXX	0.6192023429676323	0.5385022535155367	-0.462236068799389	0.08731699662120813	-0.6065032276783232	0.9677807263603477	1.0892554234845127	0.968966777069528	-0.2861122603869729	0.96778071693012	0.6192023429676323	-0.33808724157905157	-0.6065032276783232	-0.17979157484626537	0.9677807263603477	-0.2403625363266774	-0.2712943482833406	-0.27231456515400126	1.0892554234845127	-0.1726783345352053	0.30958854124924057	-0.27498960053757326	-0.05757668607752315	0.06476156264539053	-0.03496228723593932	0.6632471496999545	-0.31963045634669524	0.003795848494329719	1.105632478346788	1.0509074530937041	1.1184691166898728	1.1567376274749754	0.0	0.11932996241747315	0.07998800046060023	0.6097934567047467	-0.10905133853435521	0.5843556966222011	-1.0142726998721392	-0.4032417424499293	0.6087793676154095	-0.04079673331323656	-0.21388105791804116	0.07382321881504364	-0.2674474301670175	-0.6087792623885026	0.20707881386007923	0.28207919636337236	0.19269525229691736	-0.02507758257889838	-0.025670125870680353	-0.9343640798170383	-1.044888697604528	-0.6670888993627474	0.6250989546602047	0.8700655087920101	-0.2936113132532209	-0.3241140513222385	1.1045333133599795	0.700643943126362	0.8637784745109051	-0.18295714344523237	-0.22832641719732816	0.9516060654988927	-0.48157217784005457	-0.4265912486858662	-0.5849845843823556	-0.49818342635576923	-0.5905714759274325	-0.8465438107212065	-0.34607518353638883	-0.29282078968783165	0.05179154634765974	0.06878403419773697	-0.6989107862560402	-0.7267610495704229	-0.8152893791399574	-0.8690742200780868	-0.8152893810539353	-0.8690742100507702	0.06065292949596645	-0.20767301749433895	-0.5401974588023395	-0.5537558119504327	-0.49996866747592333	-0.5132879732018367	-0.12441337468975908	-0.11345853108202132	-0.19577974140656806	-0.19652772639329014	-0.08947428115110974	-0.09120230337431356	0.32620804870156794	0.3218671003920275	-0.19483219057221327	-0.19599098908908646	-0.1378769645952249	-0.13681497358465922	0.2876772715869418	0.2926127345313606	-0.19432790175583528	-0.1957965571117177	-0.13668555054350204	-0.1374601012028338	0.2857772631553141	0.2881640703756713
DSIStudio Tensor TXY	0.12812411909995275	0.12778266041819786	-0.04958490872575463	-0.03541371976456888	-0.07200988763260843	0.12900811600336684	0.0992806907206007	0.10970519207888473	0.0330209697039962	0.12900811128186074	0.12812411909995275	0.010122008050871897	-0.07200988763260843	0.03338754155038078	0.12900811600336684	0.011383714507713506	0.013544885267021084	0.007787348845337152	0.0992806907206007	0.003051526288425538	-0.026124351094192366	0.03307123836866959	0.026529748103022045	-0.054666692726451485	-0.00240698913338107	0.1352922582700492	0.019608273495900663	0.0034539191389284306	0.13050174499608402	0.11707173872351483	0.09009158413145467	0.10264372974171602	0.11932996241747315	0.0	-0.07764539755610377	0.11759607760817001	-0.008418682074332119	0.10726784369485452	-0.08283300771626043	0.014579283368668301	0.11187440389370883	-0.0008734213770645739	-0.07546667728377981	0.0010594426214202946	-0.0360029766394781	-0.11187468835561115	0.09701560378019779	0.14980725443175952	0.07345728532661486	0.06098124142106454	0.059901564145150445	-0.07885597772037094	-0.08750987811532364	-0.11444215716723903	0.13837595412241258	0.08809669270537686	0.04864128522346997	0.05121741706630565	0.08816027346046461	0.10626976282494066	0.08519096280677729	0.014859179413198002	0.010009929326473115	0.08028792248569915	-0.048657716584435726	-0.03193065908974258	-0.055554607360123506	-0.040431718329268125	-0.0434854585181869	-0.08290864120594915	-0.014178803287020158	-0.011166048930529901	0.03558645301887182	0.03431053600997663	-0.06765342194473752	-0.0664030557243916	-0.08676703491431492	-0.09392296863502086	-0.08676703876413637	-0.09392296370726862	-0.045291222783998504	-0.06945444887355381	-0.03370923130685505	-0.033006314189701964	-0.031062768022144763	-0.03075777411207032	-0.008812436319604225	-0.01023469120696228	-0.023962546321158292	-0.024811953913515133	0.0008761927274316999	-9.791692775637055e-05	0.05619174130139708	0.05809967130817217	-0.023848917032482736	-0.02480055244956894	-0.012622515217122385	-0.013305791030219727	0.04657529212514088	0.048005520832371425	-0.023830371022780194	-0.02480947336046517	-0.012756691114829513	-0.013188876515373291	0.045787304899701405	0.047208534276524224
DSIStudio Tensor TXZ	0.07596016326972616	0.0705871818571877	-0.040233431475071024	0.07955170131477307	-0.07632875578934721	0.058593766146194555	0.052259413155899104	0.04938954123157653	-0.02342517176091107	0.058593776006395766	0.07596016326972616	-0.08052502941803855	-0.07632875578934721	0.00846385095536974	0.058593766146194555	-0.025352842535681822	-0.038494608858216955	-0.06647562616731763	0.052259413155899104	0.004996330448572037	0.032459513129095764	-0.01875803099625076	0.02382185031128552	0.03340003628395236	0.03813607656819534	0.07503441208209881	-0.02929159415653142	-0.10378817263423325	0.0672226715261203	0.0386470174286087	0.08310614424365913	0.06267862924778961	0.07998800046060023	-0.07764539755610377	0.0	0.03693860860646952	-0.04879415036735871	0.08475533634587294	-0.0724372823124624	-0.015112282914123103	0.07482091603909849	-0.02197592722777569	-0.07605492036719483	-0.022371960390972515	-0.03614232767230104	-0.07482095970553458	0.041635201410972135	-0.004428183240866843	0.046447618055521174	0.027200149177053847	0.02924599414551874	-0.059333889383602116	-0.06797045260164784	-0.08523441460226767	0.07058524422623297	0.10187189644545663	-0.034218051043488205	-0.03992419253517358	0.06283241151549308	0.08520932341312609	0.10232036096783416	-0.017378932151619727	-0.025679042687257826	0.06549948734533594	-0.023289721059759974	-0.03372552364231661	-0.05082324469123165	-0.04376011683712461	-0.04474968838589629	-0.10145020952868987	-0.06302112650383074	-0.06118479061484074	-0.0029232737144188523	-0.0056284096374274095	-0.07113498708735681	-0.07148316752586095	-0.08174355894289739	-0.07901546498120629	-0.08174355272471208	-0.07901545404163918	-0.016462626167791584	-0.04124054964993407	-0.07467086563116851	-0.07643575963234694	-0.07416157410045772	-0.0760677779651304	-0.054671336181127274	-0.05404122802101125	-0.06523767347019616	-0.06689077228476406	-0.04191793276664124	-0.04442326021152185	0.0765829892747786	0.0739985451234099	-0.0642412989706462	-0.06667216894053214	-0.051575915190791286	-0.0529543776615585	0.07332383232620511	0.07575832553254902	-0.06440793668696514	-0.06678767840679119	-0.050017080803063066	-0.05120842714489905	0.07609615043968783	0.07914011299008189
DSIStudio Tensor TYY	0.8160685260798409	0.7321669442453328	-0.2820647158830215	0.19516766324242088	-0.5068139649027228	1.062123912262031	0.9060830837323305	0.936841915515138	-0.0752477924605682	1.062123947305326	0.8160685260798409	-0.27627199695360355	-0.5068139649027228	-0.01207935959484323	1.062123912262031	-0.11377859554046653	-0.13725139147928558	-0.05263770164534085	0.9060830837323305	-0.03540438540287086	0.05555072385646032	-0.03854364210648654	0.16582208136682805	-0.09879784866009006	0.13967380241974783	0.8892253088279406	-0.06024937003250495	0.009196267065644304	1.128740638014743	1.0162647958714581	0.778785599779119	0.9036725893992333	0.6097934567047467	0.11759607760817001	0.03693860860646952	0.0	0.057525475693265334	0.5114710337599769	-0.8174904549930119	-0.26529116292654104	0.6822863295325055	0.07247720200636515	-0.42126649105247316	-0.1311314169317418	-0.13975992707775273	-0.6822860155675342	0.3291407771233806	0.36497285387079825	0.3043970471930424	0.1941565682032686	0.1924784073192746	-0.6818083242482055	-0.8398558627375265	-0.8433534988708498	0.8552603890660383	0.7064196656878615	-0.02910767341598348	-0.05435924363015859	0.8495767749717827	0.8356131747174931	0.6946081893961025	0.028301736287190408	-0.01693064244012604	0.720385179973528	-0.4036072032774737	-0.3072934520995369	-0.46890539917209234	-0.3673726066962718	-0.416464051068853	-0.722652275395021	-0.2670293679016481	-0.23025566907484563	0.08662375076187603	0.0921299115555292	-0.5191138671479533	-0.5308266023771496	-0.6369122828871459	-0.6993085668208561	-0.6369122698182718	-0.6993085707080837	-0.07423833423903739	-0.27857619370863673	-0.40366619558179384	-0.40992884977886757	-0.37880374920202775	-0.3851569634604474	-0.19714615033701385	-0.1861218640003991	-0.24598094715451682	-0.25015428074808616	-0.11303798230714437	-0.11983912607640318	0.4154722504242728	0.41339662292238005	-0.24589044710682334	-0.251350452142382	-0.17165225769591308	-0.17628658757255805	0.3798335242599339	0.3873916986233058	-0.24585630672066006	-0.2515028874607039	-0.16934060272519774	-0.1749332290201438	0.38028484753040476	0.3861646821709372
DSIStudio Tensor TYZ	-0.01813242327064718	-0.059891062971393245	-0.03316688232837058	-0.010126123270860625	-0.0039097982091416145	0.044241189203882474	0.023729835414591546	-0.0008881095292405553	0.009311975995558741	0.04424118992034976	-0.01813242327064718	-0.14515895169014115	-0.0039097982091416145	0.043497994169138396	0.044241189203882474	-0.07996948663176819	-0.08564400913801044	-0.06636384917143451	0.023729835414591546	-0.030377157160079053	0.024654231457574168	0.003325116708413875	0.02815247758695245	0.1751064329548182	0.11541709220717013	-0.0065113049007169835	-0.006069992468234604	-0.04479149409828325	0.04873139986488709	0.014272762223915146	0.01885289861050084	0.020177672989521313	-0.10905133853435521	-0.008418682074332119	-0.04879415036735871	0.057525475693265334	0.0	0.05682672829595867	-0.08057145182610374	-0.22441240351739628	-0.12319143588414426	-0.19991002701666966	-0.014968975501425973	-0.13184071767206282	-0.18718001404592463	0.12319114298616815	-0.18087936169433919	-0.23249700216047342	-0.13508034907195274	-0.08038648002584002	-0.08068759343729154	-0.023677068375845246	-0.07717633591061426	-0.0465971286920327	0.0053939186125401	0.07616390502950462	-0.006548607060570752	0.007624805929793943	0.03860006080635159	0.0681373383725363	0.07764545266491485	0.0027531918333262456	0.007796425231152141	0.04734690622794891	0.07739929651283642	0.025650216211802447	0.006610754316281477	0.013295369360968009	0.02560342708741105	-0.04283221199713049	-0.0508016670175828	-0.041608607477028305	-0.07474463965248915	-0.059745655085167416	-0.045791158436349226	-0.04166518434717795	-0.07079761397259977	-0.06165232913478438	-0.07079760940423249	-0.06165233347424011	-0.006507132533287224	-0.009077185901663799	-0.04871562764125287	-0.04747326994735074	-0.04278072915448631	-0.041557911614341116	0.02931552313201945	0.026483768771205587	-0.01411620424074103	-0.012926011327286265	-0.04078692786933335	-0.036916208818626464	-0.007972909725171718	-0.004395574788102084	-0.013824965059574423	-0.013713144957568032	-0.028294026720983873	-0.02694830433123894	-0.0021479829735747196	-0.0009871407719363953	-0.012959892088257959	-0.012826523935936505	-0.028055059091882568	-0.027095670357743844	-0.0028605569480173528	-0.002972225841212882
DSIStudio Tensor TZZ	0.7941908074302746	0.7323350916732377	-0.24508695715959633	0.11036570494678757	-0.6583372639223559	0.9494226886710023	0.8266331044686972	0.8700373724882925	-0.13765845131949586	0.9494226780461105	0.7941908074302746	-0.236781395966468	-0.6583372639223559	-0.03137318488591118	0.9494226886710023	0.0006197722076595583	-0.03607565389112473	-0.1784191549676297	0.8266331044686972	0.06163265873199492	0.1276148704077654	-0.09836032304734312	0.11774607236797631	0.02942515997878599	0.13393155585140196	0.8464563542068245	-0.1258122523715016	-0.01004972977014011	0.9782809312867684	0.8399322397023958	0.7882446740167175	0.8444061453820431	0.5843556966222011	0.10726784369485452	0.08475533634587294	0.5114710337599769	0.05682672829595867	0.0	-0.6936432010363478	-0.1945959529113124	0.7565781583846758	-0.13509173883032213	-0.39062628282610296	-0.09278771822396709	-0.32269453562618405	-0.7565779475488354	0.43648849505177606	0.41885771678926653	0.43791190989826245	0.17951337539189152	0.1793119510206243	-0.6472681478630307	-0.7148747041208127	-0.8079706807835572	0.7954233731314254	0.7556973083657461	-0.10800520363903822	-0.1389825909374786	0.8120240208804245	0.7866064034049874	0.738594827965424	-0.021237347886092574	-0.06913242172700086	0.6734637276548449	-0.22114366777125624	-0.18984181946950424	-0.4598341878580608	-0.2645155566144283	-0.31513051403431364	-0.7676608365423075	-0.33600586772787955	-0.291349662618252	0.019382213547828615	0.03148041198702353	-0.45634328034413696	-0.46919651243353044	-0.6120909651429476	-0.6971480201379308	-0.6120909767686458	-0.6971480325944035	-0.17408871162717868	-0.4017333260324751	-0.4224437092978852	-0.43273429690390464	-0.394603814671335	-0.4051381778842704	-0.19315839920127637	-0.1820818470228392	-0.2482375472497253	-0.2550694966173375	-0.14050693244653562	-0.13889727956791503	0.36337495967629646	0.37494371686330624	-0.24838163144030792	-0.2570055015652817	-0.17199853345832222	-0.17732763058323886	0.3872566306203729	0.39937998003490693	-0.2482530303161946	-0.25711924891109905	-0.16945690553665227	-0.1763041934114562	0.38854814806373367	0.3987789576263994
NODDI ICVF Modulated	-0.45677017141035564	-0.32949916332411466	0.9765810800717518	-0.11864156617414814	0.5714405706784338	-0.9304801417788036	-1.3783077765690186	-0.8851956624533376	0.49004560842938555	-0.9304801364919855	-0.45677017141035564	0.7056318240319864	0.5714405706784338	0.3787686892241697	-0.9304801417788036	0.6807260489395369	0.7308229680980073	0.40064237649922346	-1.3783077765690186	0.5530743273008613	-0.5468818042851493	0.5140078875351697	0.2674274925557063	-0.24346734988184027	0.17054262279475238	-0.5097636045732652	0.5460840112834832	0.013687245992780196	-1.10889546614287	-1.1751523320663486	-1.4861621171546608	-1.4653281360721406	-1.0142726998721392	-0.08283300771626043	-0.0724372823124624	-0.8174904549930119	-0.08057145182610374	-0.6936432010363478	0.0	0.8081396713339175	-0.5081680248704367	-0.011976578535123173	0.07630209874304003	-0.21850711866295758	0.23889028213248079	0.5081676962037761	0.11072228604931317	-0.04689273171256851	0.12021459148140252	0.310595566882264	0.3114076259520005	1.819655501658385	2.658492201312618	0.6032085355430811	-0.5036039008587907	-1.2800284091655334	0.5321105414166105	0.5632663684933743	-1.610374636401202	-0.7016488861748558	-1.303496100378511	0.42919144908128093	0.47433872871114674	-1.9562070939856595	0.8870405394177311	0.8185560543150864	1.0093139229338604	0.9515374707235535	1.0770452201520568	1.1021445622476949	0.5289979341679978	0.4432591121894993	0.07462197591014415	0.031507935354134334	1.2636194438583512	1.2911934993338143	1.4816490492454333	1.4530101981853893	1.481649061410989	1.453010189341316	-0.29040976089606374	0.03431902277042559	0.9067173306170462	0.9163777790708446	0.8207465781682222	0.8294679259736464	0.1572274567767643	0.14597488575604062	0.1981923105873296	0.19918956260344226	0.13684049670765452	0.1375013137788749	-0.27085312958485697	-0.26936551943028963	0.19560843739123007	0.19772131026179235	0.13908664877208976	0.1389544989884945	-0.2671119456157184	-0.270792106900361	0.1946399999872394	0.1970175354514193	0.1376143866222483	0.13912312888742917	-0.26442706019459966	-0.2660617597485485
NODDI ICVF	0.04093220816116589	0.16305615749440114	0.777207037619701	0.1491535328209549	0.2098878277585457	-0.31758559906744	-0.544797574788231	-0.29966328383356444	0.5863710294323476	-0.31758559523377494	0.04093220816116589	0.4741547802076878	0.2098878277585457	0.5142713669684466	-0.31758559906744	0.7220079950577706	0.7394926939543658	0.3999555679514408	-0.544797574788231	0.6701649691569788	-0.6483664010541319	0.6438889553570616	0.5495723298151057	-0.6459826858374138	0.2864358389712272	-0.012699834666438663	0.6514491248326516	0.03069468191573901	-0.4216872279381855	-0.4716764149865108	-0.6107712984230598	-0.5883070903827287	-0.40324174244992933	0.0145792833686683	-0.015112282914123103	-0.26529116292654104	-0.2244124035173962	-0.19459595291131235	0.8081396713339175	0.0	0.05432259806210708	0.17322131658552378	-0.356411830796607	-0.40484273452540404	0.28547770144428736	-0.05432212807729005	0.6482875936037586	0.37840809008581167	0.6191014947923479	0.7389770459352601	0.7388071247478428	0.7624848690744573	0.7731038475916833	0.09727479003311222	-0.0066348492046163976	-0.6397169763072325	0.6662172229684563	0.6573895408082797	-0.6237929831701586	-0.18473138935096098	-0.6600908188111488	0.6047467584502326	0.6024535226889255	-0.7875229736644662	0.5841851889041904	0.6230691700604106	0.5194660532734722	0.6688360169557713	0.710188486429014	0.4925640256108771	0.4891356055557403	0.41888992604012154	0.266599255131546	0.2112080779392374	0.7874224614452708	0.7846266128008895	0.7590675439392968	0.6757370037938606	0.7590675395718948	0.6757370007957421	-0.4200170472163976	-0.19670040760830826	0.7349077078159838	0.7260733602436763	0.6792281805563322	0.6709563874593483	0.10048961093855005	0.09271382634480488	0.12889898585828619	0.12530574696469307	0.21404948337927382	0.20790247975952297	-0.0025950687658026998	0.002773710134418401	0.12714160206076192	0.12399860408087558	0.1383117808575193	0.1349472649717557	-0.05629299236034039	-0.0504565587538963	0.1255137039908335	0.12240251067210138	0.13803428303152385	0.1352642650875962	-0.05507795990732386	-0.04961739408669068
NODDI ISOVF	1.0728515067040834	1.0976240770489183	-0.04618985221040886	0.37124423373878523	-0.44582609689712355	0.8909441561206851	0.6273223477703374	0.7739218446600663	0.122752658273876	0.8909441512317714	1.0728515067040834	-0.12671958904619926	-0.44582609689712355	0.189904623005705	0.8909441561206851	0.14784752499266543	0.11999965124403826	-0.009231988291120841	0.6273223477703374	0.21049706023633927	-0.11825978954931476	0.15125942872936873	0.3625588097916135	-0.2671241226088469	0.2360827748032692	0.9985960748031573	0.1323518666821726	0.014814164284139454	0.7581260121916078	0.6145113132854866	0.5216262641214728	0.5645295735622706	0.6087793676154095	0.11187440389370883	0.07482091603909849	0.6822863295325055	-0.12319143588414426	0.7565781583846758	-0.5081680248704367	0.05432259806210708	0.0	0.16825770104699947	-0.6451417308324638	-0.2714110346003737	-0.011766342414351821	-4.9517187756431005	0.7756440960194567	0.623723786061616	0.7232189104729989	0.47832004157630875	0.4801703488492067	-0.4185666528603634	-0.5108310405194322	-0.9192530890436419	1.0150715792317242	0.5034891207328112	0.14743666515686707	0.09890207196777556	0.576851790107913	0.8395191401741567	0.4857373913935238	0.2183541720422694	0.16113166753536304	0.42968197171291567	-0.1500489553015341	-0.07350596817100127	-0.34761990774371343	-0.12740748412670114	-0.17361211842820023	-0.6120017338404435	-0.10631577381425866	-0.0871716628136875	0.2645536162009597	0.24042219379810478	-0.23120544933501253	-0.24480730387575522	-0.3703758191623207	-0.477578937227979	-0.370375818946548	-0.4775789339144889	-0.3130505916646736	-0.4780274261203627	-0.15766745995003997	-0.16847313076212672	-0.1445040209024515	-0.15552979719870852	-0.11773003604853563	-0.10869918180413826	-0.15581058379947407	-0.16388529876218869	0.03567690975353146	0.0260805745089943	0.4204701203153721	0.4244210218798773	-0.1559453054138654	-0.16507456036530538	-0.05602933294256328	-0.06372044231088124	0.3593483910280563	0.37364952865779544	-0.15644582651516645	-0.1658164377279703	-0.052263443622829815	-0.06068244962294706	0.3622752256603037	0.374641851281275
NODDI NRMSE	0.0406800315912746	0.07387465482359991	-0.005529103717065139	0.48434558670366007	0.3965453303576401	-0.04267771476113825	-0.04880459331400244	-0.07585135604800172	0.22356443953085553	-0.04267771466751095	0.0406800315912746	-0.02854563304092655	0.3965453303576401	0.05139853493870316	-0.04267771476113825	-0.13994126334142942	-0.10431273467886525	0.4231257002368883	-0.04880459331400244	-0.19071999306055212	-0.28567604060079343	0.20836030805317177	0.12134101306157236	-0.32181818578169413	-0.035219143730598194	0.007856036664899028	0.1961910735629605	0.025130108977225375	-0.0697658698551627	0.024297987975889678	-0.13006210707981336	-0.06457730316430052	-0.04079673331323656	-0.0008734213770645739	-0.02197592722777569	0.07247720200636515	-0.19991002701666966	-0.13509173883032213	-0.011976578535123178	0.17322131658552378	0.16825770104699952	0.0	-0.08771527308928752	0.00839360858906778	1.83652187581829	-0.16825971015013827	0.06890369285795227	0.12737067116012588	-0.01146655916297451	0.1565811105733131	0.14993482769259495	0.011956977331196678	0.015192651872386932	0.015417692990370303	0.00014449022470073872	-0.11272064536893343	0.1821047227512689	0.11552299954977217	-0.06530733822318478	-0.04588799233617571	-0.1078553510024256	0.08219343065096493	0.05005757955314647	-0.03997627421410102	-0.17546094028693177	-0.058262670986286146	-0.05558809106936245	-0.045134330197858966	-0.06362460919271637	0.04264591739084988	0.16414245593839935	0.160762165759071	0.20322340295871047	0.1880156528677075	0.0420262822205899	0.031130722195539733	0.0820528366165259	0.05714658988822849	0.08205283710201605	0.05714659816235151	0.050925393537559184	0.06162997735484878	0.12915094964996565	0.12031220976683069	0.12998942639480365	0.12187411858805167	0.12209099997164767	0.12131553141194325	0.11899634846528101	0.12103272259710064	0.18919300941036005	0.18353679311684148	0.006071018643027362	-0.001100087018437482	0.12188783019508967	0.12427845518873286	0.15863152025562813	0.16153094672684917	-0.014949002245927576	-0.011627610067688497	0.12169589061550919	0.12388652315566913	0.15667098363041407	0.1589875129985256	-0.020549135338485798	-0.01897168281328318
NODDI OD Modulated	-1.1046187342429963	-1.125204033382631	-0.3455330513316133	-0.6332035978557927	0.10281328504841092	-0.49598628719883886	-0.0767283318902712	-0.2524101277970559	-0.7994345273496489	-0.49598630504774943	-1.1046187342429963	0.12951647583574524	0.10281328504841092	-0.9324585031833714	-0.49598628719883886	-0.3805523616052998	-0.3520687995363502	-0.2710048487339727	-0.0767283318902712	-0.591648030845454	0.7582986209576283	-0.8968860783639895	-1.3886596926939339	0.36677786531747975	-1.0348836907048924	-1.0659167668361686	-0.8794232120847659	-0.02935836014742947	-0.37762324423819665	-0.14478483981000867	0.018782601692522518	-0.03604887047021104	-0.21388105791804116	-0.07546667728377981	-0.07605492036719483	-0.4212664910524731	-0.014968975501425973	-0.3906262828261029	0.07630209874304003	-0.35641183079660693	-0.6451417308324637	-0.08771527308928752	0.0	1.2397212768528403	-0.005161335247333034	0.6451418426338431	-0.8350111279940943	-0.26961640563902933	-0.9005659314184405	-1.2727545074111324	-1.273948313883887	-0.12309268301249356	0.0783599562148564	1.0783105195497589	-1.116418951963626	-0.21048737209358673	-0.9204737561992992	-0.8853826593152306	-0.03448583242309694	-0.9951227431515762	-0.1924053908007829	-1.1285222299939461	-1.017338248293257	0.09223146237376625	-0.22771411459968594	-0.3261817546596849	-0.10960108568074953	-0.28460386080566663	-0.23209606172094482	0.3239071248906934	0.001461831456257586	0.011037315247317027	-0.19698049994031727	-0.16103192323251173	-0.11988001680104218	-0.0949289630340649	0.032560438127816546	0.14982870916689153	0.0325604349867554	0.14982871191435426	0.6326077377984771	0.7064917280861316	-0.07718917381379353	-0.0625594315356929	-0.06778555452603345	-0.05318300096523513	0.20791493791278853	0.19516344226354634	0.30033174558853365	0.30808916832838473	0.1256488769352843	0.1286031169177813	-0.5090862608305476	-0.516309459224812	0.30373633576876946	0.31217395063770853	0.22771831780861457	0.23309801194630933	-0.4684010581513734	-0.482037225180373	0.30497175327423215	0.31359955105814846	0.22515457088314983	0.23101392286992325	-0.47343194678037726	-0.4858620122617541
NODDI OD	-0.6275790803826674	-0.6420933604497757	-0.6438749564139495	-0.5289112382713012	-0.14786237442906994	-0.18530354816444977	0.22706512929197545	0.041196121810993996	-1.1046498053217435	-0.18530356411071153	-0.6275790803826674	-0.030454026813204037	-0.14786237442906994	-1.2267673077758532	-0.18530354816444977	-0.5489322410925629	-0.528248714653365	-0.3609524876334194	0.22706512929197545	-0.7770760407265557	1.0115687913321503	-1.2321256856006355	-1.6171621563016396	0.19620195534749862	-1.475851445795936	-0.6085192615102142	-1.2552724534129218	-0.020108115188136447	-0.08029383002040616	0.14872877383132718	0.33385031662488085	0.2708987803770032	0.07382321881504364	0.0010594426214202953	-0.022371960390972515	-0.1311314169317418	-0.13184071767206282	-0.09278771822396709	-0.21850711866295758	-0.4048427345254042	-0.27141103460037375	0.00839360858906778	1.2397212768528405	0.0	-0.014239433840532363	0.271410133791909	-0.55314379611664	-0.033040422496156956	-0.6536874035070239	-1.114930665037627	-1.1203616451843574	-0.45455769361273207	-0.21654014360713622	0.6221664186184642	-0.6386081407083476	0.04985785099273754	-1.2773674734146292	-1.2937855231506077	0.27330935697293574	-0.5794761922137149	0.06670936589668282	-1.5799784119378912	-1.4992843322384417	0.41562049650499094	-0.5057604485084033	-0.6051396695367471	-0.40672351560710746	-0.5795690894348434	-0.5251151926158832	0.05093131158447087	-0.09919364833662361	-0.07380328936972462	-0.1349659229990268	-0.09473292515078051	-0.3937993405192529	-0.36533833708412267	-0.23895530770486645	-0.12402497733078194	-0.23895531339434523	-0.12402497321951587	0.5778073580425395	0.5458547324116851	-0.2594384802052308	-0.24775805919343635	-0.23725099428292598	-0.22584149109799231	0.20556584074254558	0.191899878860893	0.2904637128355449	0.2959437600965612	0.17465539801000768	0.17417403467245104	-0.37942690674846963	-0.38419600660532316	0.294988618849706	0.30063692277672227	0.2560546328921701	0.2598748542112988	-0.3706391848452807	-0.3779510650162031	0.2961807247714187	0.3018606208219431	0.25424056016456	0.25795984232923663	-0.3763303294852666	-0.38395024542747763
NODDI RMSE	-0.1298172837093282	-0.07987295296751543	0.1460193445557434	0.42426628921761683	0.6003213243398894	-0.2765846093407508	-0.3018377776245414	-0.31158406092316715	0.3057419093588157	-0.27658460868625184	-0.1298172837093282	0.0956187501363547	0.6003213243398894	0.10641185490534856	-0.2765846093407508	-0.04473198038379044	-0.001896863408002967	0.4927412135088776	-0.3018377776245414	-0.11476567213634578	-0.37281399003819027	0.2854551530926568	0.12825034401326427	-0.30246454342355267	-0.018114976936294963	-0.16720905933029667	0.28085558850717934	0.019938126961012617	-0.312562744202232	-0.21751132963589645	-0.37955313548019665	-0.31556068376500496	-0.2674474301670175	-0.0360029766394781	-0.03614232767230104	-0.13975992707775273	-0.18718001404592463	-0.32269453562618405	0.23889028213248079	0.28547770144428736	-0.011766342414351821	1.83652187581829	-0.005161335247333033	-0.014239433840532369	0.0	0.011763709597283517	0.0058469928401330825	0.03165179927075269	-0.0646332837246487	0.1552131514781722	0.14940734905611874	0.25053626292341125	0.270339121072811	0.1980615788258783	-0.17464089218288315	-0.33939322271017586	0.25922726628293735	0.20070001874170995	-0.32100084455331146	-0.23597929177663124	-0.3337633790800237	0.13092187467968305	0.11332837164279273	-0.28296220881169465	-0.01379171753230267	0.07794805509882104	0.12555998501644075	0.10993504570694153	0.10877888421490599	0.25657821339280296	0.26429680641143904	0.24401982988364124	0.1789868588432145	0.15757876184437045	0.23801305784650298	0.2320729994501502	0.30210706615706145	0.28241276004555654	0.3021070672928151	0.28241276828110645	0.0431474318546831	0.12878585615891552	0.28886950255346816	0.2842079733706803	0.27812403446644973	0.27416013105508635	0.15351957621438136	0.14987976656742225	0.16484483635743225	0.16743075357314705	0.20171270844976869	0.19669070933578744	-0.08554252649019072	-0.09257844836522185	0.16720401452324754	0.1704565419522128	0.18091005399913607	0.1841051294462254	-0.10195179621702427	-0.10065725220756348	0.16695863061735786	0.17010848181053456	0.1784474279205986	0.18148747715654115	-0.10696369679904134	-0.10665930651051306
NODDI TF	-1.0728511457001433	-1.0976236657800433	0.04619014859499566	-0.3712410699142872	0.44582668293138555	-0.8909439533152482	-0.6273222364849045	-0.7739216906578587	-0.12275019229188794	-0.8909439484263373	-1.0728511457001433	0.12671955812585212	0.44582668293138555	-0.1899034518354673	-0.8909439533152482	-0.14784694464574027	-0.1199991934643326	0.009232929749327691	-0.6273222364849045	-0.21049593034434502	0.11826230091653675	-0.1512578720165626	-0.3625564503241193	0.2671250578399389	-0.23607947546471408	-0.998595550366108	-0.13234984070975495	-0.014814180290832873	-0.7581257951353719	-0.6145111913672504	-0.5216261177647861	-0.5645294452992504	-0.6087792623885026	-0.11187468835561115	-0.07482095970553458	-0.6822860155675342	0.12319114298616816	-0.7565779475488352	0.5081676962037761	-0.05432212807729005	-4.9517187756431005	-0.16825971015013824	0.6451418426338431	0.271410133791909	0.011763709597283513	0.0	-0.7756442580774846	-0.6237246199556711	-0.7232178286340832	-0.47831939693423736	-0.48016979541735005	0.41856673969749897	0.510831010372555	0.9192533606928	-1.015070937835816	-0.5034830861395135	-0.14743530266907665	-0.09889995850298536	-0.576851550126952	-0.8395157137711844	-0.48573145363484754	-0.21835184934431362	-0.16112905498758387	-0.429680556660543	0.15004921245997416	0.07350628557315572	0.3476200764832969	0.12740776647671162	0.1736123683671376	0.6120021254939322	0.10631567599554426	0.0871715358893453	-0.26455393012049466	-0.24042250037066484	0.2312058562870722	0.2448077273813492	0.37037288295222554	0.47757916950426743	0.3703728827364421	0.4775791661907848	0.31305006211249176	0.4780268949669906	0.1576676109854532	0.16847328734961625	0.14450408983234878	0.15552986805220564	0.11773002939698199	0.10869890361439144	0.15581077234188234	0.16388538417035642	-0.03567707473268455	-0.026080778884448125	-0.42047037381702346	-0.42442123567656753	0.1559454929582867	0.16507464742562744	0.056029483304266416	0.06372052074695021	-0.3593484849008071	-0.37364950836264077	0.156446015093344	0.1658165259297216	0.05226368375190884	0.060682599029249384	-0.3622752466976233	-0.3746417660197033
TORTOISE MAPMRI NG	0.8760185130627263	1.110503563430836	0.637011774782051	0.250397736356317	-0.3401460227778856	0.47335357993523297	0.14871098438341543	0.45759984961964584	0.4752528923318868	0.4733535816952173	0.8760185130627263	0.3804382802937271	-0.3401460227778856	0.5248758329077677	0.47335357993523297	0.9615083233360949	0.9192720462552291	0.2802024220566716	0.14871098438341543	0.9814189842920353	-0.5561541670508586	0.5865021313224307	0.7873403581010351	-0.6070739482158247	0.4770248992147389	0.768258582013129	0.5729340790035443	0.026216716627592528	0.3108791095334393	0.19268290412611833	0.009723476621478893	0.07234619377628854	0.20707881386007923	0.09701560378019779	0.041635201410972135	0.3291407771233806	-0.18087936169433919	0.43648849505177606	0.1107222860493132	0.6482875936037585	0.7756440960194566	0.06890369285795227	-0.8350111279940944	-0.55314379611664	0.0058469928401330825	-0.7756442580774846	0.0	0.9924758074611312	2.286035177734682	1.2398625701098462	1.239617913525028	0.1632150926343237	0.09243756291475135	-0.6149595767347876	0.7784546118425532	-0.005348876478662559	0.6052771460959689	0.5590737042309776	0.05579524344606737	0.4726294573248529	-0.03109773589124709	0.6727960025383065	0.6060956380426492	-0.16105327680106812	0.3972494432698534	0.48895860843373046	0.200600785699248	0.4555315256252645	0.414864473116208	-0.11549579179495094	0.19451514004591844	0.16932371189098253	0.34989322572881143	0.29077136380305735	0.32807954020956187	0.30759382640774596	0.19445910716442497	0.07957569755342564	0.19445910868315408	0.07957568956355764	-0.7770748991817369	-0.730729871418302	0.31163135819899196	0.29524727686621427	0.2923125710984947	0.27587038480711656	-0.07305313871014085	-0.06891822949047846	-0.12224087403613483	-0.1304056605594926	0.0669079260937931	0.060265105756255	0.37325092091953715	0.3823094670821911	-0.12497420374137495	-0.13380326911908036	-0.05142082754575548	-0.058939217682190244	0.31389764134587644	0.32912256483170016	-0.1263351968101917	-0.1353377122139711	-0.04907252862583487	-0.057073443697928855	0.31755366873083474	0.33113424665686636
TORTOISE MAPMRI NG Par	0.5547569021680372	0.6933847718434327	0.2530502459488545	-0.11124962507004209	-0.4358475767423103	0.45442076037233453	0.3321587789987136	0.5501601529496983	0.10297939212774644	0.45442076017388816	0.5547569021680372	0.44158375018926943	-0.4358475767423103	0.09216332346615053	0.45442076037233453	0.5583952025159444	0.5777825287459252	0.18579249938935377	0.3321587789987136	0.37362159833167746	-0.17981229817654396	0.1575159478186098	0.21077541583278778	-0.4912585021386986	-0.0004867402411300645	0.47487024362630154	0.13198028091362832	0.02100940562057833	0.3387410945033436	0.36993193594994334	0.2032645845838072	0.26825509991762925	0.28207919636337236	0.14980725443175952	-0.004428183240866843	0.36497285387079825	-0.23249700216047342	0.41885771678926653	-0.0468927317125685	0.37840809008581167	0.6237237860616159	0.12737067116012588	-0.26961640563902933	-0.033040422496156956	0.03165179927075269	-0.6237246199556711	0.9924758074611312	0.0	0.8302330457037809	0.47034410522553144	0.4605087611606674	-0.13223072541974884	-0.07645805051135866	-0.34735743276576375	0.4735431121315737	0.05674466260556476	0.1590421857438473	0.10781865939707629	0.24920094538550222	0.19265665210453442	0.03779653483998105	0.118136967386609	0.07159525667866486	0.10453362992335648	0.12764646129911106	0.20297851455935922	0.007814125900107834	0.173411958821211	0.13914814445179743	-0.12857253809403815	0.12977455526459541	0.12040636373507528	0.2849327314237168	0.2475296237865573	0.11044802600662633	0.09417043040930831	0.059572476605184006	-0.0048751091702819195	0.059572484138011396	-0.004875103845061779	-0.42211903551597285	-0.45414887281479777	0.15715895147556175	0.14110621416385524	0.15066945373267884	0.1346751585819187	0.018474999229798342	0.017083649150379507	-0.01581311415328726	-0.021730865187946688	0.12499993129802732	0.11813985931906024	0.21488909295825856	0.22046772283157126	-0.01577996218974454	-0.02241982554239493	0.04095963210316475	0.03501600566445646	0.17223162470864314	0.1843796877834718	-0.016563913256472662	-0.023387858919792146	0.04273124286553961	0.036214066344193836	0.17323313660738457	0.18364690010856408
TORTOISE MAPMRI NG Perp	0.8692321739439621	1.0696045289124099	0.662485952399739	0.24669207203915186	-0.37666549705629093	0.4701178206806583	0.13215810617290125	0.44497071679735783	0.483007058858575	0.47011782198284197	0.8692321739439621	0.29915416751684076	-0.37666549705629093	0.5638867920190578	0.4701178206806583	1.003405721086506	0.9356786719933136	0.2628278352921385	0.13215810617290125	1.1009090691711274	-0.5688490446613068	0.6115313320847977	0.8675924625013756	-0.5332289362278018	0.5701900677706351	0.7747450864642857	0.6077911629279845	0.025914561832904855	0.3080413922300705	0.17114013871143166	-0.006638072391104597	0.05452788759594074	0.19269525229691736	0.07345728532661486	0.046447618055521174	0.3043970471930424	-0.13508034907195274	0.43791190989826245	0.12021459148140252	0.6191014947923479	0.7232189104729989	-0.01146655916297451	-0.9005659314184405	-0.6536874035070239	-0.0646332837246487	-0.723217828634083	2.286035177734682	0.8302330457037809	0.0	1.2943910629314241	1.2944067638300558	0.1910884666206103	0.10181404408217616	-0.6564657282544826	0.7870173015987927	0.00798404643275042	0.63571278275979	0.6065639603748306	0.04261205352820472	0.5090750298894272	-0.01828336087285031	0.7535491382324863	0.6886233102993499	-0.18403130252388306	0.44012983990740756	0.5283356398777895	0.23145767932770797	0.4905073474686136	0.44603672641832115	-0.12755245851159952	0.16895755160000064	0.14358774286181053	0.3127661912678549	0.2564058365118491	0.33951782730039864	0.31756752085021034	0.1939608591573343	0.07593091521093846	0.19396086164835094	0.07593090504956194	-0.8047163937864481	-0.7661246241147062	0.29860762341731045	0.28248495189461675	0.27835780587476994	0.2622033331270902	-0.10989449139180252	-0.1037932071012399	-0.167412654956109	-0.17577198569213642	0.016961471422218176	0.011609078824448215	0.39991819344541585	0.40959540690983004	-0.17057317501413985	-0.17955733661937728	-0.09962372145430202	-0.10718595799969524	0.3468188012058847	0.3614526627790473	-0.17198118847275368	-0.18112343595813246	-0.09713718759199598	-0.10515467223963232	0.3512141595010031	0.3644788481355827
TORTOISE MAPMRI PA	0.7821788268218143	0.9309346576021565	0.8664355288718906	0.4823974893533714	0.0020850292013913046	0.2608160917274335	-0.15850257163753534	0.12031741782500531	1.0206675771703155	0.26081610087900964	0.7821788268218143	0.27388479272442356	0.0020850292013913046	1.0098989193104353	0.2608160917274335	0.8916247028908998	0.8692934483412159	0.5218412035959975	-0.15850257163753534	1.079711765982053	-1.160691423495981	1.2666253794822746	1.6954688870311048	-0.5277274452441305	1.0123853168929164	0.703538894121531	1.2655393547731077	0.03461954179287144	0.10899778806500464	-0.05797817114015274	-0.32654961539519634	-0.23147967818926982	-0.02507758257889838	0.06098124142106454	0.027200149177053847	0.1941565682032686	-0.08038648002584002	0.17951337539189152	0.310595566882264	0.7389770459352601	0.4783200415763087	0.1565811105733131	-1.2727545074111326	-1.114930665037627	0.1552131514781722	-0.47831939693423736	1.2398625701098462	0.47034410522553144	1.2943910629314241	0.0	3.661333200799619	0.48219761198006345	0.2993806624983648	-0.6151460108728432	0.7282755130265951	-0.12682831254686933	1.3257440712584885	1.2388778324857015	-0.24616310264515284	0.500962486385157	-0.15054500521522335	1.4889700535577042	1.3217541075080064	-0.4573621656184051	0.5795482628408574	0.7161706844700513	0.4405569982058629	0.6917061245383531	0.6359237562194091	-0.005452768732551811	0.21268311053135394	0.1753732445108414	0.27071962211162265	0.2116574214158972	0.5112682668904566	0.4794443334673445	0.350695186445553	0.21495143554906268	0.3506951919381686	0.21495143203181943	-0.8532859161997655	-0.7305137783853465	0.4011653941661405	0.38285371875331553	0.3691361918855457	0.3512909260064874	-0.13715627914324338	-0.1294372538911079	-0.21677606143504885	-0.22377119879715682	-0.05633912861997243	-0.05993619755676332	0.3987667973440899	0.40486728977738295	-0.22076523574654086	-0.22792643937462914	-0.16564734005446424	-0.1716461575669485	0.36578911124758207	0.3774395077479518	-0.22242693399504232	-0.22970440963534358	-0.16390154724072387	-0.1699400015470164	0.37060002162832634	0.3816263107698632
TORTOISE MAPMRI PATH	0.781730914306303	0.9301833598405561	0.8725963039436461	0.48901696984969745	0.006014428373191486	0.2579662972912147	-0.1617873701891743	0.11660409608624343	1.031159745959875	0.25796630521440467	0.781730914306303	0.2754754043472722	0.006014428373191486	1.0239494287424171	0.2579662972912147	0.8933607780768408	0.8691156425373344	0.512849588653194	-0.1617873701891743	1.0914930493337172	-1.1581071052996945	1.271851900752917	1.7107011097264246	-0.5256596432275289	1.019229301215006	0.7043000237800857	1.2696237443893135	0.03393155832741404	0.10781805152858688	-0.0627481325329294	-0.3257718733493061	-0.2333980376026541	-0.025670125870680353	0.059901564145150445	0.02924599414551874	0.1924784073192746	-0.08068759343729154	0.1793119510206243	0.3114076259520005	0.7388071247478428	0.4801703488492067	0.14993482769259495	-1.273948313883887	-1.1203616451843574	0.14940734905611874	-0.48016979541735005	1.239617913525028	0.4605087611606674	1.2944067638300558	3.661333200799619	0.0	0.486742821851268	0.3012881832444575	-0.6141867234894918	0.7287842389911574	-0.12867121193329578	1.3318754246098876	1.2460811379297392	-0.24867497590915616	0.5035924242606292	-0.1523032628128191	1.5038702110694502	1.3353856965864717	-0.4600776828902402	0.5825179942657835	0.7149958738299196	0.43761689772335677	0.6906022195750577	0.637806346456426	-0.0029452075207249294	0.21508439620868222	0.1777957660303064	0.2719426231083763	0.21311853455779617	0.5092942619698746	0.47854422229580634	0.348028730902251	0.2139159835909129	0.3480287361759084	0.21391597837895304	-0.8496878336880244	-0.7224356287130148	0.40273230643971514	0.3850312041792492	0.37084027210063986	0.3535774812158836	-0.1390113397521374	-0.13127287156464865	-0.21457987809472448	-0.22154511137973754	-0.05342658595330504	-0.05711051238244339	0.39822606533411514	0.4043759863398422	-0.2185879982123782	-0.2257436249347252	-0.16288309142849147	-0.16885435860434064	0.3644548238169984	0.37608112433450624	-0.22023759336614065	-0.22750511834521647	-0.1611290302590979	-0.1671575342342295	0.3693076379972624	0.38031838550591396
TORTOISE MAPMRI RTAP	-0.2863898723894908	-0.1875206182072995	1.1262345438065395	0.043173908862430915	0.6296192354732488	-0.7573539474657861	-1.3749419734828878	-0.8459500811360994	0.7237896902911856	-0.7573539398534905	-0.2863898723894908	0.5842467799162088	0.6296192354732488	0.6059627508506863	-0.7573539474657861	0.7183229366064255	0.7554490877994376	0.4437645951206536	-1.3749419734828878	0.6791180606202084	-0.7562574918057599	0.7543958173875658	0.4879298027026006	-0.2263395430672417	0.3995516586368711	-0.3264035600372976	0.8010702608569319	0.01653059879562701	-0.9166345256453727	-1.1472855261698094	-1.6002501275207641	-1.5092798084019774	-0.9343640798170383	-0.07885597772037094	-0.059333889383602116	-0.6818083242482055	-0.023677068375845246	-0.6472681478630307	1.8196555016583849	0.7624848690744573	-0.4185666528603634	0.011956977331196678	-0.12309268301249356	-0.45455769361273207	0.25053626292341125	0.41856673969749897	0.1632150926343237	-0.13223072541974884	0.1910884666206103	0.48219761198006345	0.486742821851268	0.0	1.9075266398501787	0.38836874964207174	-0.3149057212945507	-1.0584933397466536	0.7832162072558078	0.8234585021416673	-1.640503376559439	-0.44911997330290804	-1.0801636559046015	0.6790660018148816	0.7301770978926947	-2.7369065660434795	0.9667696121719551	0.9254955047105454	1.0703712169249486	1.0659086490244951	1.181642748191296	0.8959506475522577	0.48247484898778775	0.400844433986132	0.07970735914903769	0.033227282618623025	1.2806059401386476	1.2860902913955028	1.3140572154524202	1.2032664754215223	1.314057228452924	1.203266464192622	-0.3781538752088682	-0.062301090775520485	0.8641044786959797	0.867850023928056	0.7803575726610597	0.783819849705674	0.082415543901859	0.07601634893109821	0.10315953665991269	0.10324441853488564	0.06653921923415233	0.06690252846067989	-0.16441241599836817	-0.16336116702533798	0.09995971602491391	0.10105936608247576	0.05510547359164646	0.05450807686387994	-0.15780888536300178	-0.16037463384563988	0.09888398906266775	0.10022168960934785	0.054040950122878184	0.05490071780867535	-0.1542810471777651	-0.15484204819978564
TORTOISE MAPMRI RTOP	-0.47143757066993897	-0.34397602393129906	0.9544710376941626	-0.08967726912817635	0.6054688585092525	-0.9694824823647042	-1.4677917492698354	-0.932089458815438	0.4897995652707166	-0.9694824770150159	-0.47143757066993897	0.6796271245467326	0.6054688585092525	0.37468958768728716	-0.9694824823647042	0.6498150806086141	0.6962650511276806	0.3919717094241545	-1.4677917492698354	0.5320463200629579	-0.5403613592689399	0.5074950090078819	0.2605715554913565	-0.23727434050487162	0.1666289470332669	-0.5241393788476665	0.5412917572201121	0.013583731605973174	-1.156943941055913	-1.2418614035602353	-1.5605178807082944	-1.5634434282204408	-1.044888697604528	-0.08750987811532364	-0.06797045260164784	-0.8398558627375265	-0.07717633591061426	-0.7148747041208127	2.6584922013126175	0.7731038475916833	-0.5108310405194322	0.015192651872386932	0.0783599562148564	-0.21654014360713622	0.270339121072811	0.510831010372555	0.09243756291475135	-0.07645805051135866	0.10181404408217616	0.2993806624983648	0.3012881832444575	1.9075266398501787	0.0	0.6154618125081996	-0.5183370694670969	-1.2927871126162043	0.5257582405879895	0.5562220397515797	-1.7433553777315849	-0.7073545043168751	-1.3140923484966063	0.4224668656267433	0.46814514712824135	-2.0391021031314946	0.8689176971587514	0.7966981966638509	0.9916931893869668	0.9289720917153922	1.056995415873092	1.1082244960210195	0.5301692546271813	0.44370709947508646	0.07415007619792591	0.03076911408554474	1.2591535977837447	1.2921632659824323	1.473982050666194	1.4510091654890227	1.4739820597621998	1.4510091536467882	-0.2855450168993443	0.043306435383392884	0.9076417316437212	0.9182993377679306	0.8210850638591173	0.8305579231546881	0.1574233753288129	0.1458780378164933	0.20442916114559162	0.20521375819142565	0.14259955456874465	0.1426957047323283	-0.27660106917604654	-0.27502377283279306	0.202014907163474	0.20393478241477117	0.1458936670850287	0.14554653593830147	-0.27583500729183613	-0.2794445760432429	0.20106838889358003	0.20325050045126664	0.14443888071488362	0.1457348426948972	-0.27318567543927647	-0.2746979228235806
TORTOISE MAPMRI RTPP	-1.9092258321377515	-1.4857956799729153	0.04246144997608385	-0.43965815127134067	0.40713198663760847	-1.2206750463193765	-0.5970463446975578	-0.7281392105615719	-0.3090108497075789	-1.2206750783522013	-1.9092258321377515	0.31911399742325874	0.40713198663760847	-0.4324445525574594	-1.2206750463193765	-0.11128913413847692	-0.0775829404312224	-0.01621364431589181	-0.5970463446975578	-0.2548802036651851	0.2770019829736876	-0.35162226701037597	-0.6421835466942263	0.054213149073870454	-0.6481044700915121	-1.990821900700587	-0.3271412817706804	-0.025859797864126333	-1.0160941150746607	-0.6357215032323755	-0.4777873921634559	-0.5474979981456295	-0.6670888993627474	-0.11444215716723903	-0.08523441460226767	-0.8433534988708498	-0.0465971286920327	-0.8079706807835572	0.6032085355430811	0.09727479003311222	-0.919253089043642	0.015417692990370303	1.0783105195497589	0.6221664186184642	0.1980615788258783	0.9192533606928	-0.6149595767347876	-0.34735743276576375	-0.6564657282544826	-0.6151460108728432	-0.6141867234894918	0.38836874964207174	0.6154618125081996	0.0	-2.2167673118727067	-0.7592146553026452	-0.34784939711803825	-0.31029070091597144	-0.5605661628984543	-2.1889942187375224	-0.734208241303671	-0.4614868566952994	-0.39262458693103974	-0.42599030444699326	0.10484969318769852	0.009720730470617589	0.2385598533508609	0.07946719852230029	0.1601405403756262	0.8764689579528856	0.29894623030071027	0.2702516939449756	-0.09483295220666732	-0.0842375627177381	0.3220346478744267	0.35189535278781536	0.5109353573783392	0.6574344623311968	0.5109353515752212	0.6574344583271373	0.36220724920405745	0.6341785082225343	0.32756413067869816	0.34465161012007983	0.31389706824756863	0.3311191360329135	0.32280719890298076	0.3021814186760989	0.45454071723546524	0.46215145852801504	0.26353151976483613	0.26598886142590183	-0.6550728810382628	-0.657211764947269	0.45614399723196025	0.4650590498493012	0.3512954514333706	0.35685137684065643	-0.6531350619924696	-0.6670552744303949	0.45647880293203874	0.4657172356560373	0.3479503974190009	0.3550233802898723	-0.6576166928528415	-0.6697097804561004
TORTOISE MAPMRI AD	2.637212497371825	1.9310537076696632	0.0554691743081448	0.4134886390578766	-0.406087695370906	1.225124194662173	0.5640282453294166	0.7548895200919179	0.3672892146215092	1.225124219826782	2.637212497371825	-0.16117944308853133	-0.406087695370906	0.47924220850392785	1.225124194662173	0.22884352466254104	0.19858794057326332	0.0695981810469482	0.5640282453294166	0.3601166361658445	-0.34410697848257565	0.4169648434589463	0.7035143796619002	-0.13839540364441197	0.6532606746209798	2.3916989998963856	0.39223560807431296	0.031130415702526313	0.9721948312014205	0.6132624521302349	0.42353520750896184	0.5016576362383509	0.6250989546602047	0.13837595412241258	0.07058524422623297	0.8552603890660383	0.0053939186125401	0.7954233731314254	-0.5036039008587907	-0.0066348492046163976	1.0150715792317244	0.00014449022470073872	-1.116418951963626	-0.6386081407083476	-0.17464089218288315	-1.015070937835816	0.7784546118425532	0.4735431121315737	0.7870173015987927	0.7282755130265951	0.7287842389911574	-0.3149057212945507	-0.5183370694670969	-2.2167673118727067	0.0	0.6471762848434675	0.41928277390356017	0.37263243429350745	0.5077796062003554	1.7486726533778774	0.6212933087211794	0.5156274741798285	0.44071050304623643	0.35222340086121434	-0.031645748617978066	0.0654830884961469	-0.17958399964703833	-0.0008890671194601606	-0.07581706522524805	-0.7655716328121432	-0.22895649623762868	-0.20781063247046885	0.14681280914898664	0.1275927599067656	-0.22927471680122358	-0.2570223412799112	-0.4090580939695714	-0.5492144518136427	-0.4090580890106359	-0.5492144481991391	-0.4447015188996507	-0.6906310134441797	-0.23605962561090985	-0.25275935196353755	-0.22723690374575561	-0.24418423099542136	-0.2904693214707361	-0.272426253584688	-0.4098047849365371	-0.41805758176406715	-0.21378568060888611	-0.21778138359386154	0.6362062729777074	0.639059396790361	-0.41198248376437036	-0.4215272255206021	-0.3085340076743638	-0.3151708964931746	0.6225517155764875	0.6378606589416995	-0.4125219632235941	-0.42235751059762044	-0.3051342771108143	-0.31304943127854196	0.627539086393673	0.641011118963572
TORTOISE MAPMRI AM	0.5909782762769747	0.45220551104676154	-0.6928449470045958	0.12522518798469415	-0.5472904900464474	0.9932469248980993	1.0258416833855037	0.8153872121110392	-0.3065414476124032	0.9932469199889398	0.5909782762769747	-0.6086985894101301	-0.5472904900464474	-0.20740238993299076	0.9932469248980993	-0.4545853513963846	-0.49834101177738044	-0.2810000444044867	1.0258416833855037	-0.33007960065299025	0.32583065798069555	-0.29718532321982877	-0.08063548982994007	0.5565357124879292	0.11942247410299767	0.6463951899982754	-0.3242214359088743	-0.0009241896308135214	1.0752777874985802	0.9815878014099428	0.9845506624809439	1.0380634660258397	0.8700655087920101	0.08809669270537686	0.10187189644545663	0.7064196656878615	0.07616390502950462	0.7556973083657461	-1.2800284091655336	-0.6397169763072327	0.503489120732811	-0.11272064536893343	-0.21048737209358673	0.04985785099273754	-0.33939322271017586	-0.5034830861395135	-0.005348876478662559	0.05674466260556476	0.00798404643275042	-0.12682831254686933	-0.12867121193329578	-1.0584933397466536	-1.2927871126162043	-0.7592146553026452	0.6471762848434675	0.0	-0.31426438601768364	-0.3500642206330506	1.099662122196566	0.8460510620664682	4.079918069688906	-0.21535105106258934	-0.2687996362204132	1.1353189985123822	-0.5386128605341268	-0.4681125776054569	-0.6302346574610216	-0.5755780416718018	-0.6985768950866236	-1.5731109129844745	-0.7425062472416437	-0.6400266741660071	-0.17994183058870844	-0.14247343647669952	-0.9896122687875685	-1.0401227357477036	-1.3264557145708016	-1.5502902519982933	-1.326455706883772	-1.550290224590683	0.0848967569811789	-0.25674687909539207	-1.033846934575257	-1.0607234310673517	-0.9558101986775912	-0.9806651788133449	-0.3741848197821385	-0.35035418263617346	-0.531663720396753	-0.5356568282772285	-0.4597993168642528	-0.4571809819544689	0.47717618818877566	0.47129251892804513	-0.528023769610598	-0.5335604347245428	-0.467080935061334	-0.47014852318284045	0.5657898344273129	0.5692633911133764	-0.5269919193598375	-0.5328300846886344	-0.4638860842665218	-0.4687941945688473	0.5676273205955683	0.5710092556968559
TORTOISE MAPMRI FA	0.43667256347915856	0.509888388501945	0.9102703741736984	0.45605364966960577	0.3490627969261442	-0.028492493293512333	-0.482409888228467	-0.23249480482255266	1.7360718200318137	-0.028492482777706905	0.43667256347915856	0.2778900704654364	0.3490627969261442	1.3508542303209388	-0.028492493293512333	0.7114390970458615	0.7276471912673288	0.6544509274776027	-0.482409888228467	0.8286734772358997	-1.8118858819622956	2.3365136350598914	1.6277525660227063	-0.35738530789980455	1.1555674953297759	0.39470573370883905	2.4955808720107915	0.031444644888870214	-0.15506376176549322	-0.3404617353370093	-0.669191699079713	-0.5477212275821945	-0.2936113132532209	0.04864128522346997	-0.034218051043488205	-0.02910767341598348	-0.006548607060570752	-0.10800520363903822	0.5321105414166105	0.6662172229684563	0.14743666515686707	0.1821047227512689	-0.9204737561992992	-1.2773674734146292	0.25922726628293735	-0.14743530266907662	0.6052771460959689	0.1590421857438473	0.63571278275979	1.3257440712584885	1.3318754246098876	0.7832162072558078	0.5257582405879895	-0.34784939711803825	0.41928277390356017	-0.31426438601768364	0.0	2.328630107017452	-0.5671707627914973	0.27468540776945505	-0.33300161785167953	1.8091096357627408	1.6767195589555461	-0.746465391482844	0.6895217264086817	0.8274190688659259	0.6428249392200166	0.8361083606517208	0.790682321350291	0.19065498205930845	0.25878163598957615	0.21212449643680145	0.18237078112779445	0.12959287705375697	0.6760221963593771	0.6417457615874342	0.5281042450174002	0.39624112576475345	0.5281042537682019	0.39624112659648886	-0.6719417720760724	-0.4988076649006136	0.4916999096114668	0.4775030343089012	0.4503238396370007	0.43701729131808864	-0.11990733039828622	-0.11280107681956004	-0.18894213356131545	-0.19315770471044416	-0.093992425022963	-0.09499416218989663	0.2627049867199612	0.265118702627766	-0.19280622713149012	-0.19670892415047495	-0.17052850903638284	-0.17412421870116002	0.26162125529368263	0.26722254142996993	-0.194290729495747	-0.19819150773068123	-0.16990078044371942	-0.17296541401766663	0.2658760507170503	0.2720307967490826
TORTOISE MAPMRI LI	0.38251379035171734	0.44917599048240414	0.9185370344150855	0.41990372603836285	0.34148701862703895	-0.06913737519008181	-0.514836665899879	-0.26510524369072724	1.5402247730622007	-0.06913736438111556	0.38251379035171734	0.2606799180579485	0.34148701862703895	1.295564817255071	-0.06913737519008181	0.7093041297653463	0.7191891655196745	0.6095460001043491	-0.514836665899879	0.8478562815397176	-1.591222033812904	1.9157754740656117	1.5574299901082518	-0.3570357995362276	1.137607853098036	0.34813891961662846	2.0437853029001554	0.028960428139700654	-0.18747249980107386	-0.3734220673940927	-0.6919698531424548	-0.5757234274087737	-0.3241140513222385	0.05121741706630565	-0.03992419253517358	-0.05435924363015859	0.007624805929793943	-0.1389825909374786	0.5632663684933743	0.6573895408082797	0.09890207196777556	0.11552299954977217	-0.8853826593152306	-1.2937855231506077	0.20070001874170995	-0.09889995850298537	0.5590737042309776	0.10781865939707629	0.6065639603748306	1.2388778324857015	1.2460811379297392	0.8234585021416673	0.5562220397515797	-0.31029070091597144	0.37263243429350745	-0.3500642206330506	2.328630107017452	0.0	-0.5954815744952147	0.24609155015077497	-0.3687621315557253	1.8278116454269884	1.9204499116530676	-0.7800835943784193	0.7034052352148112	0.823015961344084	0.6620863677364579	0.8384505237709807	0.8063390207060799	0.22871531395097683	0.26972158106697197	0.2204558486761727	0.16495469043517527	0.11374683356512365	0.6958912142389441	0.6650738680594274	0.5531472245300559	0.4296856438368074	0.5531472322909985	0.42968564251090835	-0.6555100252543619	-0.4712889461354891	0.5074956668915611	0.4949514216592565	0.4648729232025439	0.45315766255583007	-0.11320968225219528	-0.10696106187590768	-0.1746022247927352	-0.178181465609819	-0.0915344379393475	-0.09144956461280584	0.2369410517700603	0.24018468375051927	-0.1788171491997193	-0.1819655368242103	-0.16288275681301922	-0.1658053859913025	0.23111908613930018	0.2354430728948638	-0.18032955054642288	-0.18344995071819228	-0.16229329787177083	-0.16446901704851796	0.23557712325944458	0.2406729600086764
TORTOISE MAPMRI RD	0.4825753692694832	0.3874209830965201	-0.7222853548240904	-0.02185537833406416	-0.8083702070285653	1.1180642196905797	2.4506335808363247	1.330456441897485	-0.5803933847875903	1.1180641963010758	0.4825753692694832	-0.45756874732552827	-0.8083702070285653	-0.45425949332123355	1.1180642196905797	-0.4135529167612034	-0.4547926669595213	-0.3583287585419752	2.4506335808363247	-0.35606425296930116	0.5607094245124995	-0.553512077592401	-0.27727365109981705	0.15287708254705354	-0.21490120932541218	0.5161791650773622	-0.5843803184413272	-0.015388668002815891	1.278830978194929	1.580917999541264	1.8100420497833638	2.1540802921791236	1.1045333133599795	0.08816027346046461	0.06283241151549308	0.8495767749717827	0.03860006080635159	0.8120240208804245	-1.610374636401202	-0.6237929831701586	0.576851790107913	-0.06530733822318478	-0.03448583242309694	0.27330935697293574	-0.32100084455331146	-0.576851550126952	0.05579524344606737	0.24920094538550222	0.04261205352820472	-0.24616310264515284	-0.24867497590915616	-1.640503376559439	-1.7433553777315849	-0.5605661628984543	0.5077796062003554	1.099662122196566	-0.5671707627914973	-0.5954815744952147	0.0	0.6092507511054315	1.099946728529485	-0.4421758891767272	-0.49056236432563566	1.7483547616488808	-0.712147610556109	-0.6595700150444532	-0.8827727034450739	-0.7641250124300609	-0.8530058963839848	-0.983321290159534	-0.45579019820656946	-0.381453909658666	-0.030068502012779927	0.006017892522493026	-0.9896818083533677	-1.01007125546117	-1.1394968245799886	-1.1465865546104346	-1.13949683082236	-1.1465865599371723	0.19555299953921906	-0.10040597345494418	-0.7482427767132606	-0.7589702857623324	-0.6834483532420712	-0.6935981521181859	-0.14522215953092615	-0.13479276669911494	-0.1778774104152458	-0.17975916430334066	-0.10376070470119926	-0.10487145635946285	0.27204096567796787	0.27226457411132376	-0.1758705564368106	-0.17900184917148398	-0.11897625598840059	-0.12005780287478458	0.26250189173923816	0.267787701641204	-0.1751954685102267	-0.17858321687753514	-0.11745124261672156	-0.12017388363248753	0.2601235678986451	0.263171667177997
TORTOISE Tensor AD	1.5138360186520379	1.2052886556386115	-0.13189441023576298	0.47988008698395923	-0.3805164907246436	1.1679123538740892	0.6251996079697048	0.6938898111074756	0.2457364387755233	1.1679123749782254	1.5138360186520379	-0.41716235023023435	-0.3805164907246436	0.371032768126331	1.1679123538740892	-0.006493723356463093	-0.04531639020273934	-0.04749322947672153	0.6251996079697048	0.16775907272062407	-0.19998586730126666	0.27595276342367614	0.5648678110049077	0.005599113388717887	0.6143167062663747	1.634976583759056	0.25461640995942697	0.0221052442657772	1.0372468261358145	0.6495616245096888	0.5346023455264851	0.5905881914138452	0.700643943126362	0.10626976282494066	0.08520932341312609	0.8356131747174931	0.0681373383725363	0.7866064034049874	-0.7016488861748558	-0.18473138935096098	0.8395191401741567	-0.04588799233617571	-0.9951227431515764	-0.5794761922137149	-0.23597929177663124	-0.8395157137711842	0.4726294573248529	0.19265665210453442	0.5090750298894272	0.500962486385157	0.5035924242606292	-0.44911997330290804	-0.7073545043168751	-2.1889942187375224	1.7486726533778774	0.8460510620664682	0.27468540776945505	0.24609155015077497	0.6092507511054315	0.0	0.8243809960034018	0.4024176576908799	0.342317380170782	0.4974093194253271	-0.18536693590154335	-0.10152082055976294	-0.31861915273665875	-0.171062210263613	-0.24832889815543932	-0.9489400649382584	-0.3506965841810367	-0.3142181527291249	0.0570640916618785	0.05492135861706247	-0.4132207280976429	-0.4403234070304243	-0.6143672641631559	-0.7599514661210889	-0.6143672610499575	-0.7599514642677776	-0.2689197773607745	-0.5346443250164159	-0.40868497228108747	-0.42311352541622915	-0.38895188942387904	-0.40360145675363207	-0.33003640418482394	-0.3086804131234507	-0.44890757610937165	-0.4556425059040952	-0.27473003941647617	-0.27636469883373593	0.6226064620714995	0.624468319469455	-0.4504684855495726	-0.45843659247344215	-0.3498630896280838	-0.3546252778553262	0.6223634336494103	0.6338151025563387	-0.45063716757662403	-0.45891097678537807	-0.34651833381357283	-0.3527591066095842	0.6264099808687348	0.636212683221966
TORTOISE Tensor AM	0.5652698060336525	0.42688762608160774	-0.7245447739621498	0.12272114071102737	-0.5355957354415298	0.9633118902291226	1.0189394594758812	0.794171521674122	-0.3213318929716515	0.963311885134834	0.5652698060336525	-0.6280827889627051	-0.5355957354415298	-0.22273221287411876	0.9633118902291226	-0.4856214371801602	-0.5298592218709497	-0.2904013803698277	1.0189394594758812	-0.3581670787466781	0.34358744589637036	-0.31522087510806973	-0.10030098019866837	0.5660088428787802	0.10154293622982653	0.6211259621594984	-0.34252172533689945	-0.0019124858861654887	1.0527560515271743	0.971549438437055	0.9904502163011721	1.0376957178728448	0.8637784745109051	0.08519096280677729	0.10232036096783416	0.6946081893961025	0.07764545266491485	0.738594827965424	-1.3034961003785108	-0.6600908188111487	0.4857373913935238	-0.1078553510024256	-0.1924053908007829	0.06670936589668282	-0.3337633790800237	-0.48573145363484754	-0.03109773589124709	0.03779653483998105	-0.01828336087285031	-0.15054500521522335	-0.1523032628128191	-1.0801636559046015	-1.3140923484966063	-0.734208241303671	0.6212933087211794	4.079918069688906	-0.33300161785167953	-0.3687621315557253	1.099946728529485	0.8243809960034018	0.0	-0.23484833167169536	-0.28776950934581225	1.1583437792251896	-0.5598794888143346	-0.4907858007507874	-0.6471292839884197	-0.5995614059540116	-0.7238895598993011	-1.5480199748596908	-0.7481045412596227	-0.6436174955875493	-0.1861710623195718	-0.14703530563823755	-1.0177993897381474	-1.068728546103169	-1.3572178777349875	-1.570958944270877	-1.357217869712227	-1.5709589137809479	0.10538106192485719	-0.23556970786253909	-1.0568066638718254	-1.0834947344115666	-0.9743873197233012	-0.9988876575686539	-0.3665826219176313	-0.3432180266907933	-0.5187155638816446	-0.5223571144055161	-0.4534427567223685	-0.4507209030346148	0.4603092122958435	0.45431223470268867	-0.5149969691442932	-0.5201515083363487	-0.4564307291089849	-0.4591912538091962	0.5483547628115206	0.5513866549720232	-0.5139228485741756	-0.5193697672551404	-0.45331250646132965	-0.4578688073925245	0.5500169539881947	0.5529811515848283
TORTOISE Tensor FA	0.526913216187475	0.5920862054747933	0.8877902996909363	0.5138566143650493	0.2162342117193121	0.06328339788190146	-0.3706645601914797	-0.12622566565733112	1.3244814129652807	0.06328340734881045	0.526913216187475	0.18237573018790634	0.2162342117193121	1.2794355677017613	0.06328339788190146	0.7198390440828013	0.7069920208028837	0.5296398461234978	-0.3706645601914797	0.9420023017503625	-1.3667670344369027	1.6350907374919914	2.111884857030299	-0.3390608135424609	1.3822098807186902	0.4887118138893594	1.7204734837692472	0.032607054411493835	-0.05908418566696277	-0.2552099648704211	-0.5269844393809026	-0.4303800621153862	-0.18295714344523237	0.014859179413198002	-0.017378932151619727	0.028301736287190408	0.0027531918333262456	-0.021237347886092574	0.42919144908128093	0.6047467584502326	0.2183541720422694	0.08219343065096493	-1.1285222299939461	-1.5799784119378912	0.13092187467968305	-0.21835184934431362	0.6727960025383065	0.118136967386609	0.7535491382324863	1.4889700535577042	1.5038702110694502	0.6790660018148816	0.4224668656267433	-0.4614868566952994	0.5156274741798285	-0.21535105106258934	1.8091096357627408	1.8278116454269884	-0.4421758891767272	0.4024176576908799	-0.23484833167169536	0.0	2.5198880651748463	-0.6369148660215712	0.6624711526476754	0.7889464005105216	0.5775791802510667	0.7803721565351537	0.7280666749478347	0.09814984355011043	0.2034334055914528	0.16284750959009306	0.17551391788871756	0.12489762600983574	0.5913299211390352	0.5569991214235744	0.428052491744347	0.29979715822853015	0.42805249896494924	0.2997971551671282	-0.732031561795176	-0.5875400085604794	0.4167235686417969	0.4021994229243747	0.3815511553296541	0.3676881767865717	-0.16094587287043918	-0.1513809736428023	-0.23712652855825248	-0.2417261325866781	-0.1280959140404568	-0.127949262245537	0.3272679979108868	0.3312026793393581	-0.2419661747477267	-0.2462004783416123	-0.2108605263319405	-0.2144652421697519	0.31986660831312425	0.3255518826351523	-0.2435564616277339	-0.24781394215741775	-0.20978120204221548	-0.21293669549573796	0.3251405291814458	0.3313671944479715
TORTOISE Tensor LI	0.44811576807937814	0.5085073377350677	0.9024027864687549	0.4810108273915253	0.24344913291965223	0.0034882781731001857	-0.4212240691279039	-0.17909539453182177	1.2674696619456893	0.0034882877117524756	0.44811576807937814	0.18721402958371672	0.24344913291965223	1.2283769866111671	0.0034882781731001857	0.7098452702351822	0.6969320520797685	0.5090310453823773	-0.4212240691279039	0.9282393302876302	-1.2906055431793793	1.5196065554577254	1.7833552372496697	-0.33744301756432915	1.2865195891042414	0.41549267200411466	1.6119468347117065	0.031074681802344458	-0.11156565677369333	-0.3056899444902634	-0.5706083443319434	-0.4778790396850456	-0.22832641719732816	0.010009929326473115	-0.025679042687257826	-0.01693064244012604	0.007796425231152141	-0.06913242172700086	0.47433872871114674	0.6024535226889255	0.16113166753536304	0.05005757955314647	-1.017338248293257	-1.4992843322384417	0.11332837164279273	-0.16112905498758387	0.6060956380426492	0.07159525667866486	0.6886233102993499	1.3217541075080064	1.3353856965864717	0.7301770978926947	0.46814514712824135	-0.39262458693103974	0.44071050304623643	-0.2687996362204132	1.6767195589555461	1.9204499116530676	-0.49056236432563566	0.342317380170782	-0.28776950934581225	2.5198880651748463	0.0	-0.6857554982051047	0.6755133071852122	0.7859736481479157	0.6008502978240495	0.7875506532216078	0.7478450665899885	0.15304539687621735	0.22690904984065188	0.1830600500555876	0.1652576495397181	0.115347636916389	0.625581929330431	0.5944672189690879	0.4701808265120715	0.3489690304100459	0.4701808327789115	0.3489690266282651	-0.690597005785663	-0.5308052241300496	0.446827784198377	0.4338970563159258	0.409793605530489	0.3975247300512694	-0.14010571481283338	-0.13184435972746317	-0.20386345520065724	-0.20771965300669679	-0.10938151791567988	-0.10843920746038056	0.28072894623077754	0.28531459647012253	-0.20893694055921125	-0.21223639333898467	-0.1851996257735716	-0.18810666828459727	0.2697209052152864	0.274018799998647	-0.2105275563757353	-0.21382113097338906	-0.184156846211992	-0.18634237972810008	0.27506110392731575	0.28015007997998637
TORTOISE Tensor RD	0.3177702434426615	0.21206555992996592	-1.101712830291748	-0.03338595195484779	-0.6416459513108842	0.8047769395786968	1.4439439616700567	0.8828629969947781	-0.700685044258465	0.8047769316427694	0.3177702434426615	-0.594034456487917	-0.6416459513108842	-0.5767010556052017	0.8047769395786968	-0.7083341278327088	-0.7502969751422335	-0.4395610233164067	1.4439439616700567	-0.6414481715884356	0.7295919176806209	-0.7233631036602203	-0.45095268587605125	0.24858411788591397	-0.3498355205023375	0.36149632401577797	-0.7635047749392198	-0.018262445994636712	0.9731255578320529	1.1990370920621756	1.644331740931682	1.5792698701537957	0.9516060654988927	0.08028792248569915	0.06549948734533594	0.720385179973528	0.04734690622794891	0.6734637276548449	-1.9562070939856588	-0.7875229736644662	0.42968197171291567	-0.03997627421410102	0.09223146237376625	0.41562049650499105	-0.28296220881169465	-0.429680556660543	-0.16105327680106812	0.10453362992335648	-0.18403130252388306	-0.4573621656184051	-0.4600776828902402	-2.7369065660434795	-2.0391021031314946	-0.42599030444699326	0.35222340086121434	1.1353189985123822	-0.746465391482844	-0.7800835943784193	1.7483547616488808	0.4974093194253271	1.1583437792251896	-0.6369148660215712	-0.6857554982051047	0.0	-0.9464775459382582	-0.9109769174283047	-1.072345230674221	-1.0537317180198156	-1.1650357137560114	-0.9543937883086442	-0.5095915459235136	-0.42523491265216956	-0.09129867542838721	-0.04431178173570465	-1.3072605922289724	-1.31350858188385	-1.3915372002361077	-1.2790751169974628	-1.391537216308044	-1.2790751035440933	0.362733836907873	0.04562619151156863	-0.8996951286915396	-0.9038139331842299	-0.812425218190168	-0.8162791504985638	-0.10780146572766287	-0.10052941403423178	-0.13089673447408381	-0.13119790367330456	-0.09290380125648376	-0.09349400647062225	0.18909912593094882	0.18757782794139152	-0.1279788796331354	-0.1293949239476899	-0.08255635664080122	-0.08226938113941575	0.18321605242430458	0.1856332075418037	-0.12691941129539713	-0.12856435138384767	-0.08135608502152405	-0.08254871284870041	0.18009820542671523	0.1805940158621004
ihMTw	0.0006768338833544024	0.0869745009266137	1.0432967715437216	-0.04228857678471105	0.21807614105587514	-0.2882368409099885	-0.6134915280883753	-0.3239805276627	0.592967102563481	-0.2882368385436459	0.0006768338833544024	0.6099997881534105	0.21807614105587514	0.5542502458863495	-0.2882368409099885	0.9413506426758372	0.9577781981670348	0.36962930770616376	-0.6134915280883753	0.8814646328519421	-0.6580079645935173	0.6688640796671975	0.5496419101931747	-0.13733597479849344	0.5031592166891126	-0.04402688881210175	0.6891646176572311	-0.003850453738542511	-0.4177790860016568	-0.5283826853230122	-0.7557233724046561	-0.6872420648537495	-0.48157217784005446	-0.048657716584435726	-0.023289721059759974	-0.4036072032774737	0.07739929651283642	-0.22114366777125624	0.8870405394177311	0.5841851889041902	-0.1500489553015341	-0.17546094028693177	-0.22771411459968594	-0.5057604485084034	-0.01379171753230267	0.15004921245997416	0.3972494432698534	0.12764646129911106	0.44012983990740756	0.5795482628408574	0.5825179942657835	0.9667696121719551	0.8689176971587514	0.10484969318769854	-0.031645748617978066	-0.5386128605341268	0.6895217264086817	0.7034052352148112	-0.712147610556109	-0.18536693590154335	-0.5598794888143346	0.6624711526476754	0.6755133071852122	-0.9464775459382582	0.0	1.9275569068933087	1.1574549843982147	1.9301242559807805	1.924937143004342	0.49568321577665647	0.31738885736343514	0.2585823458444216	0.07466358211775119	0.02658503506586788	0.9869241782983844	0.947226688046908	0.8478423162629939	0.718352896614151	0.8478423246730088	0.7183528813572949	-0.9413556006517845	-0.5895238717316829	0.6289872999031749	0.6147315626837524	0.5708218454530998	0.5574931473636895	-0.05040579674393656	-0.04914796734857614	-0.07785987234456751	-0.08362412360301094	-0.08712653275706608	-0.08479087955774299	0.01115360072603827	0.020448278250496305	-0.08179542507020228	-0.08752074563283394	-0.10952378583634001	-0.11601230039874162	0.05868958308804101	0.0635928461615349	-0.08270958291266059	-0.0881765640979105	-0.10779964545406076	-0.11367907483849227	0.06593090121136887	0.07221513957224496
ihMTR	0.10212185389764024	0.19222534861829838	1.1122498725168568	0.03001811433302663	0.22501946462511485	-0.20123501748921266	-0.5514447483605452	-0.25872236391846765	0.7038385254643362	-0.20123501088244572	0.10212185389764024	0.6001038271418954	0.22501946462511485	0.6376637000842141	-0.20123501748921266	1.005909446605444	1.031492974983541	0.45620337169655734	-0.5514447483605452	0.938324684630681	-0.7983514906124137	0.8043204271178397	0.6780064368135073	-0.15854425047839488	0.6158694710163867	0.051203098156198404	0.8233972179373493	0.02877341086398789	-0.3429078775734226	-0.4513887716044932	-0.7372534755642739	-0.6372324567053348	-0.4265912486858662	-0.03193065908974258	-0.03372552364231661	-0.3072934520995369	0.025650216211802447	-0.18984181946950424	0.8185560543150865	0.6230691700604106	-0.07350596817100127	-0.05826267098628614	-0.3261817546596849	-0.6051396695367471	0.07794805509882104	0.07350628557315572	0.4889586084337304	0.20297851455935922	0.5283356398777895	0.7161706844700513	0.7149958738299196	0.9254955047105454	0.7966981966638509	0.009720730470617592	0.0654830884961469	-0.468112577605457	0.8274190688659259	0.823015961344084	-0.6595700150444532	-0.10152082055976294	-0.4907858007507874	0.7889464005105216	0.7859736481479157	-0.9109769174283047	1.9275569068933092	0.0	1.201214345113121	2.649838004867648	1.9656732691957237	0.4011713322844311	0.2946557500129551	0.23732017891952065	0.10120932001097985	0.04773616643246294	0.9781472494533505	0.9157607538570506	0.8204348437968711	0.658957023277166	0.8204348499351326	0.6589570129812465	-1.073042500329975	-0.7296173041033478	0.6080867452866479	0.5884346444600111	0.5494446072262258	0.5310326398344605	-0.10288067773009386	-0.09799786607093859	-0.1683758322474465	-0.1748995140488026	-0.14338661907682373	-0.14176441004536544	0.12137728385592983	0.1285975747240837	-0.17101682399322854	-0.17732100090036226	-0.18485167581917783	-0.19162468643359126	0.17281691862455356	0.17917712818955994	-0.17214733279401806	-0.17832901170334894	-0.1836014938616301	-0.19002283079616508	0.1792650533986619	0.18697169708324737
MTR	-0.1525263759239984	-0.07407046363090354	0.9131020799704291	-0.05853878013986598	0.38650193783633063	-0.44174445045883226	-0.7760916573662833	-0.493451725799007	0.5642166683460841	-0.4417444432943157	-0.1525263759239984	0.5799623462814044	0.38650193783633063	0.47286401389445204	-0.44174445045883226	0.7161961004925665	0.7512166410493089	0.4357496730598527	-0.7760916573662833	0.6418034676509985	-0.6468654514034335	0.6254205147833144	0.44256329751245965	-0.07422813548821405	0.42645495309330983	-0.19109137086570682	0.646690719317538	0.03767225500691841	-0.5670608766555881	-0.6468717900698009	-0.9489139702601698	-0.8470001136671603	-0.5849845843823556	-0.055554607360123506	-0.05082324469123166	-0.46890539917209234	0.006610754316281479	-0.4598341878580608	1.0093139229338604	0.5194660532734722	-0.34761990774371343	-0.05558809106936245	-0.10960108568074953	-0.40672351560710746	0.12555998501644075	0.34762007648329696	0.200600785699248	0.007814125900107837	0.23145767932770797	0.44055699820586297	0.43761689772335677	1.0703712169249486	0.9916931893869669	0.23855985335086097	-0.17958399964703833	-0.6302346574610216	0.6428249392200166	0.6620863677364579	-0.8827727034450739	-0.31861915273665875	-0.6471292839884197	0.5775791802510667	0.6008502978240495	-1.072345230674221	1.1574549843982147	1.201214345113121	0.0	1.3235800116382572	1.23206756899114	0.6092939035777187	0.309090173055952	0.24370080462694427	0.007283735575890279	-0.03981185456286297	0.9809141454754503	0.9190197079210471	0.9636036495887546	0.8391580133939396	0.9636036534798901	0.8391580027856674	-0.5821997109096149	-0.34467807353416	0.6102057606289184	0.5895444330211014	0.5465228868649207	0.5271843729470214	-0.049001267578573995	-0.049625578840082084	-0.10129478534090752	-0.10197206594047623	-0.14984857801324356	-0.14678674150631085	-0.02302277355680718	-0.023231058501767425	-0.10265605671264814	-0.10268728379754208	-0.15285839806819473	-0.1539828534301658	0.030736921852677866	0.029608508758625196	-0.10338544204423998	-0.10320157868606343	-0.15366759094337992	-0.1541025239228976	0.034970128208348425	0.03573329460010947
ihMTsat	0.037190885874885136	0.1324534237482544	1.2108860742066814	0.02081329145056559	0.2822520538719149	-0.28108632779171855	-0.6437079394514844	-0.33164661192105	0.7169531904045039	-0.2810863204890589	0.037190885874885136	0.6487659049895109	0.2822520538719149	0.6369701251933976	-0.28108632779171855	1.0326923725328359	1.0684755312871281	0.46856107634987615	-0.6437079394514844	0.9412502107026244	-0.8108717977200719	0.8114206386769357	0.6502360349801133	-0.19231581748153995	0.5714771268242034	-0.013928317723418399	0.8357077124926942	0.026174313869413355	-0.4254039208462504	-0.5370238128521971	-0.8405596434305327	-0.7357069709401718	-0.4981834263557691	-0.040431718329268125	-0.04376011683712461	-0.3673726066962718	0.013295369360968002	-0.2645155566144283	0.9515374707235535	0.6688360169557713	-0.12740748412670114	-0.045134330197858966	-0.28460386080566663	-0.5795690894348434	0.10993504570694153	0.12740776647671162	0.4555315256252644	0.173411958821211	0.4905073474686136	0.6917061245383531	0.6906022195750577	1.0659086490244951	0.9289720917153921	0.07946719852230029	-0.0008890671194601595	-0.5755780416718018	0.8361083606517208	0.8384505237709807	-0.764125012430061	-0.171062210263613	-0.5995614059540116	0.7803721565351537	0.7875506532216077	-1.0537317180198156	1.9301242559807805	2.649838004867648	1.3235800116382572	0.0	2.353895047764588	0.49869145005179694	0.34877702863185256	0.28235995564689986	0.1107997896226988	0.05351994253445506	1.1774382307553497	1.103683999982578	0.9818525256577677	0.7932358844986945	0.9818525347166379	0.793235872222004	-0.9770874078349499	-0.6097235129837202	0.705112890281544	0.6873274247293253	0.6343213539552824	0.6191252316857522	-0.07106267105005809	-0.0674479832869825	-0.11410062028984502	-0.1197466550675825	-0.10007764543236608	-0.09913273235846315	0.06547026181415698	0.07169871563517388	-0.1169124770216956	-0.12228588997944545	-0.13695180156464232	-0.14345258709644323	0.1097554132904456	0.11467468266442603	-0.11808148469571467	-0.12328297551438003	-0.1358706770355893	-0.1415534271970424	0.11614894142786768	0.12277560001390006
ihMTsat-B1c	-0.03804127343802437	0.06245153927996866	1.227895582312442	0.0005183908943073767	0.31342159683430937	-0.367977769737988	-0.7261456189256181	-0.40044980929932167	0.6820084325359949	-0.36797776049504033	-0.03804127343802437	0.6749413697101921	0.31342159683430937	0.60273076832027	-0.367977769737988	1.011406130601322	1.0456297710859472	0.44685602897268484	-0.7261456189256181	0.9169020465348898	-0.7643109731378421	0.7627958852130478	0.5911858842264596	-0.2415904252585264	0.49177118160497085	-0.08682097917663785	0.7910344412332154	0.011493059877143908	-0.5084563460932575	-0.619750851315484	-0.90974152654501	-0.8161834218564362	-0.5905714759274326	-0.0434854585181869	-0.04474968838589629	-0.416464051068853	0.025603427087411045	-0.3151305140343137	1.0770452201520568	0.710188486429014	-0.17361211842820023	-0.06362460919271637	-0.23209606172094482	-0.5251151926158832	0.10877888421490599	0.1736123683671376	0.41486447311620794	0.13914814445179743	0.44603672641832115	0.6359237562194091	0.637806346456426	1.1816427481912963	1.0569954158730919	0.1601405403756262	-0.07581706522524805	-0.6985768950866236	0.790682321350291	0.8063390207060799	-0.8530058963839848	-0.24832889815543932	-0.7238895598993013	0.7280666749478347	0.7478450665899885	-1.1650357137560112	1.924937143004342	1.9656732691957237	1.23206756899114	2.353895047764588	0.0	0.6059661433532113	0.404035885202949	0.33198542593440833	0.11556218430626593	0.059930351058387885	1.2949491984206263	1.2566138118213301	1.0813784230156471	0.9028834277550573	1.081378432918833	0.9028834113980634	-0.9140309243720341	-0.4963585661014853	0.7855430219653494	0.777244181145791	0.7078776495481854	0.7012927388993287	-0.024097421081904942	-0.024162818110056494	-0.036071886979777534	-0.040895824412589044	-0.03142287632372913	-0.031048861329092903	-0.006148415707497364	2.7843572846776668e-05	-0.03884031557906787	-0.04348274580864218	-0.06430713639158647	-0.0703408831079071	0.022464357748208555	0.02621623688856245	-0.039991729068718056	-0.044401492101340624	-0.06337378715398174	-0.06848062320151617	0.028584759557426207	0.03393867330467135
R2	-0.7094226624531627	-0.5714697383538526	0.5458726633139244	-0.21320324353289785	0.5073353380440309	-1.0399119602960512	-0.9437319082183588	-0.8113313175468684	0.19052367203281584	-1.0399119637451912	-0.7094226624531627	0.5510497807289751	0.5073353380440309	0.10270480814615404	-1.0399119602960512	0.3396856789070439	0.3793007824467444	0.21433643746630382	-0.9437319082183588	0.22176316682389832	-0.2048537225628906	0.17550324642655146	-0.03546298469332155	-0.3955382882346336	-0.19278588674330993	-0.7562520812018453	0.1987075702686737	-0.012892985236380555	-1.0594767416167505	-0.9143474834021547	-0.8663686640908963	-0.9255548591521513	-0.8465438107212065	-0.08290864120594915	-0.10145020952868987	-0.722652275395021	-0.04283221199713049	-0.7676608365423075	1.1021445622476949	0.4925640256108771	-0.6120017338404435	0.04264591739084988	0.3239071248906934	0.05093131158447087	0.25657821339280296	0.6120021254939322	-0.11549579179495097	-0.12857253809403815	-0.12755245851159952	-0.005452768732551814	-0.0029452075207249294	0.8959506475522574	1.1082244960210197	0.8764689579528858	-0.7655716328121431	-1.573110912984474	0.1906549820593085	0.22871531395097683	-0.983321290159534	-0.9489400649382584	-1.5480199748596908	0.09814984355011046	0.15304539687621735	-0.954393788308644	0.49568321577665664	0.4011713322844311	0.6092939035777187	0.49869145005179694	0.6059661433532113	0.0	0.6698142685586977	0.5865044079478476	0.07327869640597304	0.05409127719320171	0.8339211642732639	0.8694836894674057	1.1445583310447056	1.384351511202285	1.1445583179918513	1.3843514838865827	-0.018249946676094028	0.30905802332144844	0.8619133810054138	0.8802181041611512	0.8099760015971385	0.8269503060073395	0.4043317917753137	0.37866880387564417	0.5827036577248107	0.5879312523447153	0.4290692609065391	0.4314378140687648	-0.6269670193706223	-0.6159883775676034	0.5795303237583214	0.5854442667176952	0.4929738301654107	0.49578527726134697	-0.6696703634332569	-0.6753176034647835	0.5788805312786152	0.585178603916708	0.49058059864152703	0.4959192140647726	-0.6693419208415404	-0.673601355521295
R2*-E5	-0.19016224505114	-0.10071195638679516	0.4486977992357459	0.013898383887460368	0.25109624005196535	-0.38477547525505973	-0.41793874985006546	-0.31332360982702756	0.2491193399469543	-0.38477547387356126	-0.19016224505114	0.3702627611759978	0.25109624005196535	0.20224615385110306	-0.38477547525505973	0.35815746054984915	0.37806776668086056	0.17359142822960852	-0.41793874985006546	0.29099052985487167	-0.24623037508714646	0.24241608236415738	0.1472483279302961	-0.5664846617294104	-0.07286242273381724	-0.22887799467602618	0.25430224968557896	0.00870843526490404	-0.4278232549437362	-0.41588566044503006	-0.41522396194900424	-0.43389039512472993	-0.34607518353638883	-0.014178803287020158	-0.06302112650383072	-0.2670293679016481	-0.0508016670175828	-0.3360058677278795	0.5289979341679978	0.4891356055557403	-0.10631577381425866	0.16414245593839935	0.0014618314562575808	-0.09919364833662361	0.26429680641143904	0.10631567599554426	0.19451514004591844	0.12977455526459541	0.16895755160000064	0.21268311053135394	0.21508439620868222	0.48247484898778786	0.5301692546271813	0.29894623030071027	-0.22895649623762868	-0.7425062472416438	0.25878163598957615	0.26972158106697197	-0.45579019820656946	-0.3506965841810367	-0.7481045412596226	0.2034334055914528	0.22690904984065186	-0.5095915459235136	0.3173888573634352	0.2946557500129551	0.309090173055952	0.34877702863185256	0.4040358852029491	0.6698142685586977	0.0	1.7610674277595648	1.0995540620864501	0.9259953630996017	0.5415975574063641	0.5571727522895543	0.6324652477925583	0.6495526257882897	0.6324652514932462	0.6495526028490141	-0.13350543260506822	0.08067391568207696	1.4777634329412113	1.4727784635687395	1.4753088153802796	1.473579098863733	0.3669093391691114	0.35737928738967206	0.5173091367819503	0.5190736473480789	0.8128455436472282	0.805167445840174	-0.03921084362921053	-0.026479415087425826	0.5055374020987655	0.507295833399234	0.5230139104787185	0.5269996724132651	-0.34501720279567827	-0.33585763908717564	0.5045099831434242	0.5061341800853632	0.5203265469638442	0.5227630898070966	-0.35081421537532864	-0.34688174325614207
R2*-E4	-0.17213648497079287	-0.0922377797558246	0.3773485726204157	0.0124456246674058	0.21815013416120313	-0.33370225645759966	-0.35006368914264324	-0.26568435113144157	0.2070696534966482	-0.33370225356579664	-0.17213648497079287	0.3200092507787671	0.21815013416120313	0.16729005231273833	-0.33370225645759966	0.30172032471447985	0.3190891382208476	0.14304793724093318	-0.35006368914264324	0.2418122661571165	-0.2004112233403156	0.19793352477571444	0.11563479780351808	-0.5175253909108315	-0.09165627470965616	-0.20710008652778675	0.20819077749547543	0.004889760992707554	-0.36839788984307653	-0.35357428945497976	-0.34507489025035226	-0.36351021708014675	-0.29282078968783165	-0.011166048930529901	-0.06118479061484074	-0.2302556690748457	-0.041608607477028305	-0.291349662618252	0.4432591121894993	0.41888992604012154	-0.0871716628136875	0.160762165759071	0.011037315247317023	-0.07380328936972462	0.24401982988364124	0.0871715358893453	0.16932371189098253	0.12040636373507528	0.14358774286181053	0.1753732445108414	0.1777957660303064	0.400844433986132	0.44370709947508646	0.2702516939449756	-0.20781063247046885	-0.6400266741660071	0.21212449643680145	0.2204558486761727	-0.381453909658666	-0.3142181527291249	-0.6436174955875493	0.1628475095900931	0.18306005005558756	-0.42523491265216956	0.2585823458444216	0.23732017891952065	0.24370080462694427	0.2823599556468999	0.33198542593440844	0.5865044079478476	1.7610674277595646	0.0	1.0428368340086958	1.206896105074613	0.45184891501541713	0.46456371496741344	0.5319564407926194	0.5517644744015902	0.5319564411379573	0.5517644583488638	-0.09885562446381597	0.09223633913388747	1.1835128792027263	1.1789327936828866	1.4535171661885553	1.445465457555017	0.35495915172216685	0.34089960532779234	0.504183332751554	0.5078179837584502	0.7794478288578178	0.8427641928252454	-0.03413451871342497	0.021824191781887096	0.49189659644941425	0.49342350468548235	0.5121850808507625	0.5152480101635168	-0.3285272325206614	-0.31988393902485823	0.4910718629554094	0.49245420379933563	0.5093339956241256	0.5109341557810665	-0.3346807144961631	-0.3312542730790475
R2'-E5	0.17857469467428289	0.23496727628895137	0.20165469670146585	0.15822568352971839	0.0010065321490403604	0.06364741350385635	0.0021468508175183595	0.07812817608987273	0.17445783565303882	0.06364741430646007	0.17857469467428289	0.13509571674372978	0.0010065321490403604	0.17024125831801576	0.06364741350385635	0.2202377846706903	0.22189122408975082	0.07907605219652215	0.0021468508175183595	0.20613204136317345	-0.16247484881674476	0.17446160904947391	0.19363336421614377	-0.44054500111076966	0.004423472567642594	0.14418368856865393	0.1738911149480559	0.018208862168336802	0.016971464014377748	-0.007377971983319356	-0.022219578794805742	-0.023126957426110713	0.05179154634765974	0.03558645301887182	-0.0029232737144188527	0.08662375076187603	-0.07474463965248915	0.019382213547828615	0.07462197591014415	0.266599255131546	0.2645536162009597	0.20322340295871047	-0.19698049994031722	-0.1349659229990268	0.1789868588432145	-0.26455393012049466	0.34989322572881143	0.2849327314237168	0.3127661912678549	0.27071962211162265	0.2719426231083763	0.07970735914903769	0.07415007619792591	-0.09483295220666732	0.14681280914898664	-0.17994183058870844	0.18237078112779448	0.16495469043517527	-0.030068502012779927	0.057064091661878494	-0.1861710623195718	0.17551391788871756	0.1652576495397181	-0.09129867542838721	0.07466358211775119	0.10120932001097986	0.007283735575890281	0.1107997896226988	0.11556218430626593	0.07327869640597304	1.0995540620864501	1.0428368340086958	0.0	1.5624079514287186	0.1791392371525894	0.17750139723677585	0.1718251262959902	0.1427047605410913	0.1718251272212589	0.1427047494287155	-0.16989861307953577	-0.10524631951311321	0.716393507160807	0.7037186384514509	0.7498960711527641	0.7371157657813859	0.1958103230378611	0.2013721827479393	0.25587958068440486	0.25410116833934665	0.6389506677920306	0.6272513632609855	0.2880665195537859	0.29844479470713636	0.24763108269037581	0.24556229993633993	0.3104481253775195	0.31029672151734744	-0.05806154650562199	-0.047167356252843996	0.24711104445441692	0.2448081811794987	0.3104517904371516	0.3085623853830685	-0.061237443036253406	-0.054865935636087895
R2'-E4	0.15480227639150124	0.20120402896241682	0.14171755062863078	0.13850029777176362	-0.012840098678193797	0.06965992437420636	0.03172112844284071	0.08791174867669747	0.12670927432788734	0.06965992619267873	0.15480227639150124	0.09545342463321622	-0.012840098678193797	0.12640482257879967	0.06965992437420636	0.1609072489597881	0.1617538129468648	0.048907062288083614	0.03172112844284071	0.14977223654174232	-0.11164846245196838	0.12315661624962541	0.14507837553755445	-0.3929244555253389	-0.027097999328077327	0.12606561778745104	0.121838805453444	0.012414217764435824	0.034098020875314695	0.01792651472891586	0.014924052104356277	0.011145786456828182	0.06878403419773697	0.03431053600997663	-0.00562840963742741	0.0921299115555292	-0.05974565508516742	0.03148041198702353	0.031507935354134334	0.2112080779392374	0.24042219379810476	0.1880156528677075	-0.16103192323251173	-0.09473292515078052	0.15757876184437042	-0.24042250037066484	0.29077136380305735	0.24752962378655724	0.25640583651184906	0.2116574214158972	0.21311853455779617	0.033227282618623025	0.03076911408554474	-0.08423756271773808	0.1275927599067656	-0.14247343647669952	0.12959287705375697	0.11374683356512365	0.006017892522493023	0.05492135861706247	-0.14703530563823755	0.12489762600983574	0.11534763691638902	-0.04431178173570465	0.02658503506586788	0.04773616643246293	-0.03981185456286297	0.05351994253445506	0.05993035105838787	0.05409127719320171	0.9259953630996016	1.2068961050746128	1.5624079514287188	0.0	0.1183275728725694	0.11706326461695542	0.11755859702350856	0.09817785172364182	0.11755859426348253	0.09817784387816939	-0.11669545201117999	-0.06694539444178432	0.6066215455089141	0.5959515067606145	0.7505286948609834	0.7379125504324636	0.18966598531252668	0.18840536216450549	0.256704113196557	0.2572552956257574	0.598931447791473	0.6539099686726908	0.252920363454616	0.3216784431681047	0.24919884304714368	0.24718431416801087	0.3089589513181562	0.30824228843571977	-0.06619509353035546	-0.0561466169711005	0.24882427206222602	0.24657213025109637	0.3085170085839889	0.30614753963456304	-0.06999997151131375	-0.0644636349405016
R1	-0.18301543563066416	-0.06804265716611013	1.1400082512589902	0.003157911009950867	0.4146155414742676	-0.542739877304347	-0.8576089422976672	-0.5354673873615456	0.6068118698119501	-0.5427398714543596	-0.18301543563066416	0.6869798484524628	0.4146155414742676	0.5016435524227075	-0.542739877304347	0.862335731788989	0.9085615702452144	0.43548312928631855	-0.8576089422976672	0.7340993263805569	-0.6732726895632051	0.6544960699748179	0.4527984096875457	-0.3795972181013383	0.3029152560135819	-0.23807792375688763	0.6869129319561663	0.002904639264753056	-0.683850067170344	-0.7663855125397983	-1.011047006204462	-0.9467869231793138	-0.6989107862560401	-0.06765342194473752	-0.07113498708735681	-0.5191138671479533	-0.04579115843634922	-0.45634328034413696	1.2636194438583512	0.7874224614452707	-0.23120544933501253	0.0420262822205899	-0.11988001680104218	-0.3937993405192529	0.238013057846503	0.2312058562870722	0.32807954020956187	0.11044802600662633	0.33951782730039864	0.5112682668904566	0.5092942619698746	1.2806059401386476	1.259153597783745	0.3220346478744267	-0.22927471680122358	-0.9896122687875682	0.6760221963593771	0.6958912142389441	-0.9896818083533677	-0.4132207280976429	-1.0177993897381474	0.5913299211390352	0.625581929330431	-1.3072605922289722	0.9869241782983845	0.9781472494533506	0.9809141454754503	1.17743823075535	1.2949491984206263	0.8339211642732639	0.5415975574063641	0.45184891501541713	0.17913923715258934	0.1183275728725694	0.0	3.1598972746606955	1.6121041604118629	1.2708236750736461	1.6121041539143304	1.2708236630597598	-0.5390568196945213	-0.1815309589271656	1.0391384674662487	1.0369203190300362	0.9280583404662905	0.9259298440034034	0.10282450284080154	0.09703123620666536	0.14750032986469733	0.14521973328338286	0.15087810224310533	0.14685139695201335	-0.1579054467950518	-0.15591628034723787	0.14458343655209666	0.14317215845085077	0.11448730539289174	0.11101484830270306	-0.17399352798890733	-0.17350448361705703	0.14326325841292725	0.1420608528457762	0.11446928480262329	0.11261536885553969	-0.16927059618043547	-0.1668824700207497
R1-B1c	-0.21119483373807077	-0.09496551620465361	1.1064089880672965	-0.0029004249335521774	0.42380265586185367	-0.5749474417291962	-0.8803109974323403	-0.5586500890791353	0.5790260854513508	-0.5749474359618442	-0.21119483373807077	0.6850863185534387	0.42380265586185367	0.4782034689815377	-0.5749474417291962	0.8372187392179083	0.8806453906786671	0.41336059807940645	-0.8803109974323403	0.7108856362564123	-0.6386034973950574	0.620100651952813	0.4194828785654509	-0.39229381054731166	0.2676178105723346	-0.26411800685669257	0.6520679018703591	-0.0035745899754354277	-0.7105906537254683	-0.7906079469117806	-1.0152911448207076	-0.9624731420568153	-0.7267610495704229	-0.0664030557243916	-0.07148316752586095	-0.5308266023771496	-0.041665184347177954	-0.46919651243353044	1.2911934993338143	0.7846266128008897	-0.24480730387575522	0.031130722195539737	-0.0949289630340649	-0.3653383370841226	0.2320729994501502	0.2448077273813492	0.307593826407746	0.09417043040930831	0.31756752085021034	0.4794443334673446	0.47854422229580634	1.2860902913955028	1.2921632659824323	0.35189535278781536	-0.2570223412799112	-1.0401227357477036	0.6417457615874342	0.6650738680594274	-1.0100712554611702	-0.4403234070304243	-1.068728546103169	0.5569991214235744	0.5944672189690879	-1.31350858188385	0.947226688046908	0.9157607538570508	0.9190197079210471	1.103683999982578	1.2566138118213301	0.869483689467406	0.5571727522895543	0.46456371496741344	0.17750139723677585	0.11706326461695542	3.1598972746606955	0.0	1.6104813218452343	1.3013900168712689	1.6104813115194954	1.301390000378912	-0.5088810642113304	-0.13566615336765847	1.059884968088143	1.0650606086159198	0.9459101967350447	0.9512715898026183	0.12186788125517996	0.11432929105810923	0.1810770660116225	0.17878617540858233	0.18018728525329447	0.17551421803772999	-0.1865790832195509	-0.18472490635079067	0.17845688507328758	0.17668668594477116	0.1469460925603803	0.14278332300214153	-0.20934613727865017	-0.20900500518553047	0.17717438743380817	0.17563241259226042	0.14690074746256335	0.1446634250568203	-0.20481350567165107	-0.202345830774193
MPRAGE-MyelinW	-0.355250573145516	-0.2300421878249443	0.9904173938544126	-0.08279806363384051	0.48625252189305196	-0.7346731499714966	-0.997646195404151	-0.6708871166063262	0.4848758896490067	-0.7346731460279071	-0.355250573145516	0.7199400380388191	0.48625252189305196	0.37414153606075656	-0.7346731499714966	0.7199726413580497	0.7739311963765467	0.40476659454313035	-0.997646195404151	0.5703480207699017	-0.5423911410505965	0.5109500004011478	0.2885408920997383	-0.41412244127689896	0.1312866867569276	-0.4154534015062493	0.5407064719080057	0.027190153460735812	-0.8823915939725829	-0.9018304083132654	-1.1158026294263932	-1.0799789453932236	-0.8152893791399574	-0.08676703491431492	-0.08174355894289739	-0.6369122828871459	-0.07079761397259977	-0.6120909651429476	1.4816490492454328	0.759067543939297	-0.3703758191623207	0.0820528366165259	0.03256043812781655	-0.23895530770486645	0.30210706615706145	0.37037288295222554	0.19445910716442497	0.05957247660518401	0.1939608591573343	0.350695186445553	0.348028730902251	1.3140572154524202	1.4739820506661936	0.5109353573783392	-0.4090580939695714	-1.3264557145708016	0.5281042450174003	0.5531472245300559	-1.1394968245799886	-0.614367264163156	-1.3572178777349875	0.428052491744347	0.47018082651207166	-1.3915372002361077	0.8478423162629938	0.8204348437968714	0.9636036495887546	0.9818525256577677	1.0813784230156476	1.1445583310447056	0.6324652477925583	0.5319564407926194	0.1718251262959902	0.11755859702350856	1.6121041604118629	1.6104813218452343	0.0	2.1115888864338226	4.9517187756431005	2.1115889107192896	-0.3523327690411328	-0.02251476614003764	1.0932331917571474	1.0960191865257705	0.9772001901777284	0.9796648059460968	0.21159010154215077	0.1999782863623546	0.28841943026812633	0.2875716496586018	0.2544833052009793	0.25078853086997016	-0.3050596580751168	-0.30153200461596624	0.28567074452832497	0.2861295943441385	0.23932300762665015	0.23786834641811286	-0.32937442854492566	-0.32986480758514264	0.2844170422573223	0.28508796520876273	0.23865779541406018	0.23902078277698072	-0.3254967809725109	-0.3241935509872856
SPACE-MyelinW	-0.4934349518150001	-0.3620020535215216	0.8318419242336472	-0.15054401163812722	0.500704191361077	-0.8732341496905093	-1.0327939224867717	-0.7474069142232304	0.368883357766161	-0.8732341438934396	-0.4934349518150001	0.6902478140910134	0.500704191361077	0.26777039876874936	-0.8732341496905093	0.5884155661773375	0.6376440049605109	0.3391342605304592	-1.0327939224867717	0.4460241273387943	-0.4123874697555445	0.3803241056822771	0.16111145059887202	-0.4158004679270611	0.00756696656165272	-0.5521637399911574	0.40789247593768285	0.02346667859957235	-0.9983714985395128	-0.9542490071974431	-1.0742638511024107	-1.08201181556521	-0.8690742200780868	-0.09392296863502086	-0.07901546498120629	-0.699308566820856	-0.0616523291347844	-0.6971480201379309	1.4530101981853896	0.6757370037938604	-0.477578937227979	0.05714658988822849	0.14982870916689153	-0.12402497733078195	0.28241276004555654	0.47757916950426743	0.07957569755342564	-0.0048751091702819195	0.07593091521093846	0.21495143554906268	0.2139159835909129	1.203266475421522	1.4510091654890227	0.6574344623311968	-0.5492144518136426	-1.5502902519982933	0.39624112576475345	0.4296856438368074	-1.1465865546104346	-0.7599514661210889	-1.5709589442708776	0.29979715822853015	0.3489690304100459	-1.2790751169974628	0.718352896614151	0.6589570232771658	0.8391580133939396	0.7932358844986945	0.9028834277550576	1.3843515112022848	0.6495526257882897	0.5517644744015902	0.1427047605410913	0.09817785172364182	1.2708236750736461	1.3013900168712689	2.1115888864338226	0.0	2.11158891467663	4.9517187756431005	-0.2225094451759699	0.10946948009185335	1.0262820173436618	1.0396347660278777	0.930726534140815	0.9424434593694775	0.277535460534084	0.26118896956612014	0.390572782726239	0.39155045246157966	0.3205680227454528	0.3179972158303177	-0.4171531287185618	-0.41275590525721306	0.3878990490252781	0.3904002936087827	0.3275189341445734	0.32747368040831415	-0.45113868876901286	-0.45400540457836785	0.38679713068992294	0.3895448848625659	0.3264059194649893	0.32853014076987946	-0.4479542116993168	-0.4488701935294731
Scaled MPRAGE-MyelinW	-0.3552505689920481	-0.23004218422258874	0.9904174035769215	-0.08279806947330383	0.4862525241403482	-0.7346731430748874	-0.9976461996109766	-0.6708871180160101	0.48487589599971703	-0.7346731391312983	-0.3552505689920481	0.7199400440571432	0.4862525241403482	0.37414153853598026	-0.7346731430748874	0.7199726519149375	0.7739312097457383	0.4047666104053702	-0.9976461996109766	0.5703480273196132	-0.5423911524086513	0.510950009244192	0.28854089914224906	-0.4141224358342313	0.13128669660513342	-0.4154533971584807	0.5407064801249544	0.027190156077151053	-0.8823915891834851	-0.9018304052360407	-1.1158026450150333	-1.0799789520720913	-0.8152893810539353	-0.08676703876413636	-0.08174355272471208	-0.6369122698182718	-0.07079760940423249	-0.6120909767686457	1.481649061410989	0.7590675395718948	-0.370375818946548	0.08205283710201607	0.0325604349867554	-0.23895531339434523	0.30210706729281506	0.3703728827364421	0.19445910868315408	0.059572484138011396	0.19396086164835094	0.3506951919381686	0.3480287361759084	1.314057228452924	1.4739820597622	0.5109353515752212	-0.4090580890106359	-1.326455706883772	0.5281042537682019	0.5531472322909985	-1.1394968308223603	-0.6143672610499575	-1.357217869712227	0.42805249896494924	0.4701808327789115	-1.391537216308044	0.8478423246730088	0.8204348499351324	0.9636036534798901	0.9818525347166379	1.081378432918833	1.1445583179918513	0.6324652514932462	0.5319564411379574	0.1718251272212589	0.11755859426348254	1.6121041539143304	1.6104813115194954	4.9517187756431005	2.1115889146766293	0.0	2.1115889389625817	-0.3523327714350792	-0.02251476732019953	1.0932331944870664	1.0960191867394307	0.9772001886622967	0.9796648026062463	0.2115900939330871	0.19997828200532675	0.2884194207522099	0.2875716401403071	0.25448329861123176	0.2507885249783194	-0.30505964574781047	-0.30153199296148375	0.28567073442915225	0.2861295849499745	0.23932299613816993	0.23786833656696393	-0.32937441975032516	-0.32986479886588477	0.2844170321105818	0.2850879557606438	0.23865778390253342	0.23902077262019764	-0.32549677160552515	-0.32419354199481487
Scaled SPACE-MyelinW	-0.49343494762351503	-0.36200205149294223	0.8318419018543909	-0.1505440172880611	0.5007041923005264	-0.8732341441178192	-1.0327939254463738	-0.7474069190021942	0.3688833633425947	-0.8732341383207466	-0.49343494762351503	0.6902478149416075	0.5007041923005264	0.2677704020847133	-0.8732341441178192	0.5884155500997005	0.6376439937097179	0.33913426414176806	-1.0327939254463738	0.44602410544765636	-0.4123874722290967	0.38032410822302226	0.16111144621806844	-0.41580046675579047	0.007566963231652143	-0.5521637391392028	0.4078924780703071	0.023466680937078543	-0.998371497336003	-0.9542490059039532	-1.0742638626873435	-1.0820118228810371	-0.8690742100507701	-0.09392296370726862	-0.07901545404163918	-0.6993085707080838	-0.06165233347424011	-0.6971480325944035	1.4530101893413159	0.6757370007957421	-0.4775789339144889	0.05714659816235151	0.14982871191435426	-0.12402497321951587	0.28241276828110645	0.4775791661907848	0.07957568956355764	-0.004875103845061776	0.07593090504956194	0.2149514320318194	0.21391597837895301	1.203266464192622	1.4510091536467882	0.6574344583271372	-0.5492144481991391	-1.550290224590683	0.39624112659648886	0.42968564251090824	-1.1465865599371723	-0.7599514642677778	-1.5709589137809479	0.2997971551671282	0.3489690266282652	-1.2790751035440933	0.7183528813572949	0.6589570129812465	0.8391580027856673	0.793235872222004	0.9028834113980634	1.3843514838865827	0.6495526028490141	0.5517644583488638	0.1427047494287155	0.09817784387816939	1.2708236630597598	1.301390000378912	2.1115889107192896	4.9517187756431005	2.1115889389625817	0.0	-0.22250943687693117	0.10946948815633914	1.0262819881418395	1.039634731482909	0.9307265111891118	0.9424434334697288	0.2775354621670755	0.26118897014637765	0.3905727802535233	0.39155044931954464	0.32056801580457506	0.3179972099088754	-0.4171531333921149	-0.41275590729842004	0.3878990462602363	0.3904002902339566	0.32751892740819616	0.32747367410558653	-0.4511386917357732	-0.45400540557308766	0.3867971280055555	0.38954488154314876	0.32640591230864546	0.3285301339625126	-0.44795421549417064	-0.4488701955387544
G-ihMTsat	-0.48154105978827116	-0.5744468103333231	-0.6282591108881639	-0.18040994745104383	0.08284402959212726	-0.1881483446226588	0.1190460328155723	-0.1205455359423809	-0.5472495944293406	-0.18814834901274202	-0.48154105978827116	-0.31488671262796114	0.08284402959212726	-0.5602571379968255	-0.1881483446226588	-0.7406465210413459	-0.7238195742777799	-0.3188728020309285	0.1190460328155723	-0.7841843930256168	0.6173991309813255	-0.64623414399065	-0.7500370008665168	0.29625419432319444	-0.5917240483738994	-0.42689829810162183	-0.6427195337732701	-0.0181170861950084	-0.05706742016791686	0.04882241647812487	0.2568363631517748	0.18456799047543945	0.060652929495966436	-0.045291222783998504	-0.016462626167791584	-0.07423833423903738	-0.006507132533287222	-0.17408871162717868	-0.29040976089606374	-0.4200170472163976	-0.3130505916646736	0.050925393537559184	0.6326077377984771	0.5778073580425395	0.0431474318546831	0.31305006211249176	-0.7770748991817369	-0.42211903551597285	-0.804716393786448	-0.8532859161997656	-0.8496878336880243	-0.3781538752088682	-0.2855450168993443	0.36220724920405745	-0.4447015188996507	0.0848967569811789	-0.6719417720760725	-0.655510025254362	0.19555299953921906	-0.2689197773607745	0.10538106192485719	-0.732031561795176	-0.690597005785663	0.362733836907873	-0.9413556006517845	-1.073042500329975	-0.5821997109096149	-0.9770874078349499	-0.9140309243720339	-0.018249946676094024	-0.13350543260506822	-0.09885562446381597	-0.16989861307953577	-0.11669545201118	-0.5390568196945213	-0.5088810642113304	-0.3523327690411328	-0.2225094451759699	-0.35233277143507924	-0.22250943687693123	0.0	1.4685140454481054	-0.33352143269230405	-0.3188081576447787	-0.3013687895204644	-0.28763711075007725	0.16974449824768767	0.16203936538616245	0.25005278579309886	0.2598596835294194	0.14556933395066304	0.14789531803728426	-0.3196637699903265	-0.3281547230882859	0.25247995068016066	0.2626519256018143	0.21900425674754445	0.22899048290945997	-0.3410108564957743	-0.35294258955465235	0.25361045309953784	0.26373588791936137	0.21595284348024904	0.22577853541563636	-0.34838685785950385	-0.36061830736323264
G-ihMTR	-0.7156096318802281	-0.764970518544265	-0.34475929301092745	-0.20424288233789373	0.26048628587995315	-0.4783823061618677	-0.16356255835240213	-0.3675405353319919	-0.39595201481678755	-0.47838231044050633	-0.7156096318802281	-0.11246073862674186	0.26048628587995315	-0.4403497421211234	-0.4783823061618677	-0.5000772395520141	-0.4765835693966996	-0.22296617610439978	-0.16356255835240213	-0.5684320159216761	0.45488123310944817	-0.4853977552086836	-0.6704274384200175	0.10948584013916426	-0.6281498527309448	-0.6662506064913616	-0.4718829161223358	-0.037188512881275115	-0.3416886612263231	-0.2284273612679486	-0.02240801765464693	-0.10048006625147896	-0.207673017494339	-0.06945444887355381	-0.04124054964993407	-0.2785761937086368	-0.009077185901663802	-0.4017333260324751	0.0343190227704256	-0.19670040760830826	-0.4780274261203628	0.06162997735484878	0.7064917280861316	0.5458547324116851	0.12878585615891552	0.4780268949669906	-0.7307298714183019	-0.45414887281479777	-0.7661246241147062	-0.7305137783853464	-0.7224356287130148	-0.062301090775520485	0.043306435383392884	0.6341785082225343	-0.6906310134441797	-0.25674687909539207	-0.4988076649006136	-0.4712889461354891	-0.10040597345494418	-0.5346443250164159	-0.23556970786253903	-0.5875400085604795	-0.5308052241300496	0.04562619151156863	-0.5895238717316829	-0.7296173041033478	-0.34467807353416	-0.6097235129837203	-0.4963585661014853	0.30905802332144844	0.08067391568207696	0.09223633913388747	-0.10524631951311321	-0.06694539444178432	-0.1815309589271656	-0.13566615336765847	-0.02251476614003764	0.10946948009185334	-0.02251476732019953	0.10946948815633914	1.4685140454481054	0.0	-0.040048055533356615	-0.0156726051515876	-0.02385773390068157	-2.356983606848378e-05	0.29469498594757015	0.27880225113674234	0.4463094802594867	0.4591187420119067	0.30687470771384906	0.3085595037756021	-0.5195320366027769	-0.5285876702281334	0.4480751295108002	0.461397724526842	0.38834860279480854	0.3994647216777979	-0.5717509542168804	-0.5888978523716404	0.44904887232707535	0.4625210237984191	0.3847102192210214	0.39656558778680806	-0.5794473974657139	-0.5963078485553799
Q-Ratio-E5	-0.1887116227774249	-0.07432447974846113	0.8095076965592733	0.02465091666963325	0.3538396944073448	-0.4968193487509134	-0.6665924177237363	-0.4465254521752166	0.45554134145724506	-0.4968193437518913	-0.1887116227774249	0.5716240322283147	0.3538396944073448	0.3800371473493674	-0.4968193487509134	0.6463122961071344	0.6775529210054785	0.3161710579636854	-0.6665924177237363	0.5466772668880386	-0.47881524921439533	0.4703686101784916	0.32378146281032716	-0.5890257930659691	0.10131499129117108	-0.2400614511002208	0.4899721179694246	0.009147013806050512	-0.5942493490922741	-0.6275126914244451	-0.7156169964826796	-0.7118002901947579	-0.5401974588023395	-0.03370923130685505	-0.07467086563116851	-0.4036661955817939	-0.048715627641252875	-0.4224437092978852	0.9067173306170465	0.7349077078159838	-0.15766745995003997	0.12915094964996562	-0.07718917381379353	-0.2594384802052308	0.28886950255346816	0.1576676109854532	0.31163135819899196	0.15715895147556178	0.29860762341731045	0.4011653941661405	0.40273230643971514	0.8641044786959797	0.9076417316437212	0.32756413067869816	-0.2360596256109099	-1.0338469345752568	0.4916999096114668	0.5074956668915611	-0.7482427767132604	-0.40868497228108747	-1.0568066638718254	0.4167235686417969	0.446827784198377	-0.8996951286915398	0.6289872999031749	0.6080867452866479	0.6102057606289184	0.7051128902815439	0.7855430219653495	0.8619133810054136	1.4777634329412113	1.1835128792027263	0.716393507160807	0.6066215455089141	1.0391384674662487	1.059884968088143	1.0932331917571474	1.0262820173436618	1.0932331944870666	1.0262819881418395	-0.333521432692304	-0.040048055533356615	0.0	3.9008880710981586	2.1752040346162755	2.160958155161489	0.28372007957707324	0.27497400932594807	0.3969058946330649	0.3967986042404357	0.5787186462004335	0.5722845041445085	-0.06495074728558668	-0.05426524825098569	0.3896082573552967	0.389731792893805	0.39097689193541335	0.3920420153815898	-0.28399544420978534	-0.2760938017944749	0.38820770093261314	0.3883214047232052	0.38911537466181706	0.3895080807526625	-0.2871214795611629	-0.28275938710273935
Q-Ratio-E5-B1c	-0.20623159457104343	-0.09197910267082846	0.8001803445450324	0.022101638385435975	0.3635516093194927	-0.5160389311625193	-0.6792736473490719	-0.4616945188698943	0.44345954942771265	-0.5160389285582385	-0.20623159457104343	0.5692491099883892	0.3635516093194927	0.3697094440311424	-0.5160389311625193	0.6342643138732598	0.6647265820572537	0.3055539076994116	-0.6792736473490719	0.535806427010854	-0.46422179170040045	0.45573769044144197	0.3075302217896684	-0.5874217577579779	0.08750149228022416	-0.25512382086944446	0.47583024090448517	0.005323607363818704	-0.6084216295508477	-0.640451893296252	-0.7190371164842831	-0.7198522250052595	-0.5537558119504327	-0.03300631418970196	-0.07643575963234696	-0.40992884977886757	-0.04747326994735074	-0.43273429690390464	0.9163777790708446	0.7260733602436763	-0.16847313076212672	0.1203122097668307	-0.06255943153569292	-0.24775805919343635	0.28420797337068027	0.16847328734961625	0.29524727686621416	0.14110621416385524	0.2824849518946168	0.38285371875331553	0.3850312041792492	0.867850023928056	0.9182993377679308	0.34465161012007983	-0.2527593519635375	-1.0607234310673517	0.4775030343089012	0.4949514216592565	-0.7589702857623325	-0.4231135254162292	-1.0834947344115666	0.4021994229243747	0.4338970563159258	-0.9038139331842299	0.6147315626837524	0.5884346444600114	0.5895444330211014	0.6873274247293253	0.7772441811457909	0.8802181041611512	1.4727784635687398	1.1789327936828866	0.7037186384514509	0.5959515067606145	1.0369203190300362	1.0650606086159198	1.0960191865257702	1.0396347660278777	1.0960191867394307	1.039634731482909	-0.31880815764477877	-0.015672605151587596	3.900888071098163	0.0	2.1614291204750815	2.1821224837552786	0.2901639649763803	0.28009080356073496	0.41049891143183137	0.4102406491798563	0.5889388613481247	0.5822054863265695	-0.08247675091698507	-0.07146184048952828	0.4046102095644305	0.404415286687337	0.40480193194838393	0.40507030875258865	-0.3031992248312881	-0.29572117389185376	0.4032696261064406	0.40308440927500155	0.40296106088102013	0.40273991841423085	-0.30606366682471536	-0.3018940932907962
Q-Ratio-E4	-0.18174763201484503	-0.07290202167723236	0.7362143374069932	0.025398775397661756	0.33286162484245735	-0.46686474967248076	-0.6122584537675089	-0.4162380057598883	0.4196384696840218	-0.46686474464229033	-0.18174763201484503	0.5299079514156672	0.33286162484245735	0.35135348368396313	-0.46686474967248076	0.5925777570116517	0.620387937007094	0.28920268344556044	-0.6122584537675089	0.5020342177595969	-0.437187299126552	0.4305521024830452	0.2964403547079714	-0.5733053319922328	0.07892105249594991	-0.23047718956895244	0.44870673994994964	0.006832558802988989	-0.5543350095636619	-0.5818408904330201	-0.6517339492124429	-0.6517093910587184	-0.49996866747592333	-0.031062768022144763	-0.0741615741004577	-0.37880374920202775	-0.04278072915448631	-0.3946038146713349	0.8207465781682222	0.6792281805563322	-0.1445040209024515	0.12998942639480365	-0.06778555452603345	-0.23725099428292598	0.27812403446644973	0.14450408983234878	0.2923125710984947	0.15066945373267884	0.27835780587476994	0.36913619188554564	0.3708402721006398	0.7803575726610594	0.8210850638591173	0.31389706824756863	-0.22723690374575561	-0.9558101986775912	0.45032383963700057	0.4648729232025439	-0.6834483532420712	-0.38895188942387904	-0.9743873197233012	0.3815511553296541	0.409793605530489	-0.812425218190168	0.5708218454530998	0.5494446072262258	0.5465228868649207	0.6343213539552824	0.7078776495481854	0.8099760015971382	1.47530881538028	1.4535171661885553	0.7498960711527641	0.7505286948609834	0.9280583404662905	0.9459101967350447	0.9772001901777284	0.9307265341408152	0.9772001886622967	0.9307265111891118	-0.3013687895204644	-0.02385773390068157	2.1752040346162755	2.161429120475082	0.0	3.9338050168993135	0.2902103188352677	0.2779199545212336	0.4110112872658743	0.4119242602859044	0.5974932375251809	0.6274568601283702	-0.059056461644218544	-0.01962763102566593	0.40248436663900605	0.40270883028710563	0.4074207809032772	0.4081464542457796	-0.28578753221507275	-0.27802501645632105	0.4011955583950221	0.40138966873373927	0.405233501172502	0.40533933485655665	-0.28959145871638003	-0.2856044840127271
Q-Ratio-E4-B1c	-0.19952228056068583	-0.09079578406764245	0.7275936472308888	0.022741371979212527	0.3427804962491658	-0.4859652473178409	-0.6244291785145768	-0.43137517054988156	0.4081964490708831	-0.4859652445691773	-0.19952228056068583	0.5271427591487975	0.3427804962491658	0.3412993073197429	-0.4859652473178409	0.5809256665085085	0.6080812318524915	0.27923817315273025	-0.6244291785145768	0.491315497128242	-0.4234821323050544	0.4167326604492552	0.28070550398235367	-0.5722134612128599	0.06515422656539924	-0.245790453381322	0.4354489365376392	0.0023994591909926996	-0.5683148165895546	-0.5942251876747227	-0.6553319607267488	-0.6594685521296991	-0.5132879732018367	-0.03075777411207032	-0.0760677779651304	-0.3851569634604475	-0.04155791161434112	-0.4051381778842704	0.8294679259736466	0.6709563874593483	-0.15552979719870852	0.12187411858805167	-0.053183000965235136	-0.22584149109799231	0.27416013105508635	0.15552986805220564	0.27587038480711656	0.1346751585819187	0.2622033331270902	0.3512909260064874	0.3535774812158836	0.783819849705674	0.8305579231546881	0.3311191360329135	-0.24418423099542136	-0.9806651788133449	0.43701729131808864	0.45315766255583007	-0.6935981521181859	-0.40360145675363207	-0.9988876575686542	0.3676881767865717	0.3975247300512694	-0.8162791504985638	0.5574931473636895	0.5310326398344605	0.5271843729470214	0.6191252316857522	0.7012927388993287	0.8269503060073395	1.473579098863733	1.445465457555017	0.7371157657813859	0.7379125504324636	0.9259298440034034	0.9512715898026185	0.9796648059460968	0.9424434593694775	0.9796648026062463	0.9424434334697288	-0.28763711075007725	-2.356983606848232e-05	2.1609581551614894	2.1821224837552795	3.9338050168993113	0.0	0.29754343877632	0.2838382866583868	0.42456598708063475	0.42541286347405133	0.6075560853327083	0.6375268228876323	-0.07635763603915899	-0.036812001695053956	0.41835431468894174	0.41828138756579036	0.4220798530405232	0.4220025941465682	-0.30552553419157735	-0.2982262996779336	0.41712218247748317	0.41703439030575346	0.41989168870227067	0.4193872040865311	-0.30910727981496827	-0.3053441265514755
QSM-SEPIA-E5	-0.2631338860495455	-0.2204572408645197	-6.285437631735186e-05	-0.09072570349936827	0.10034120745548672	-0.2596692790240547	-0.14559221637541359	-0.15961526757201433	-0.09825787052937617	-0.2596692834455946	-0.2631338860495455	0.10415094404182039	0.10034120745548672	-0.12466849792828683	-0.2596692790240547	-0.03756860587472285	-0.020589657104167405	-0.020517108552171103	-0.14559221637541359	-0.09531533710842277	0.10963075018565727	-0.12256951134115984	-0.19115867597017044	-0.33975516252766996	-0.3842800982195422	-0.28927064735999924	-0.11553246715045494	-0.0061689884695142125	-0.2531674848826692	-0.17227593394995414	-0.10559668883612924	-0.14192964735104568	-0.12441337468975908	-0.008812436319604225	-0.054671336181127274	-0.19714615033701385	0.02931552313201945	-0.19315839920127637	0.15722745677676433	0.10048961093855005	-0.1177300360485356	0.12209099997164767	0.2079149379127886	0.20556584074254558	0.15351957621438136	0.11773002939698199	-0.07305313871014085	0.018474999229798342	-0.10989449139180252	-0.13715627914324338	-0.1390113397521374	0.08241554390185898	0.1574233753288129	0.32280719890298076	-0.29046932147073606	-0.3741848197821385	-0.11990733039828622	-0.11320968225219528	-0.14522215953092615	-0.33003640418482394	-0.3665826219176313	-0.16094587287043918	-0.14010571481283335	-0.10780146572766287	-0.05040579674393656	-0.10288067773009384	-0.04900126757857398	-0.07106267105005809	-0.024097421081904942	0.4043317917753137	0.3669093391691113	0.35495915172216685	0.19581032303786117	0.18966598531252668	0.10282450284080154	0.12186788125517996	0.21159010154215077	0.277535460534084	0.2115900939330871	0.2775354621670755	0.16974449824768767	0.29469498594757015	0.2837200795770731	0.2901639649763803	0.2902103188352677	0.29754343877632	0.0	1.6622829446419847	1.016853772598255	1.0361867288861777	0.7942597497937598	0.7984703484562073	-0.6522225279898803	-0.6380165676352904	1.027026499454958	1.048193308931363	0.938209879001711	0.9587263534472764	-0.832923383559625	-0.8284686490949469	1.0278905384716535	1.0491489076413687	0.9369383603694252	0.9603192905503998	-0.84052897223554	-0.8442908882862619
QSM-SEPIA-E4	-0.24639869468481615	-0.20642491543621982	0.0005233963703515363	-0.08382682303186921	0.09640037080867637	-0.24196981822830144	-0.1348584159615041	-0.14849460998556405	-0.0914587929769707	-0.24196982280765733	-0.24639869468481615	0.0975368506799817	0.09640037080867637	-0.11650325643043467	-0.24196981822830144	-0.035939541352436946	-0.019495627047999814	-0.01846861595904417	-0.1348584159615041	-0.09096496379434516	0.10275268567488792	-0.11479674004495659	-0.1795543079406374	-0.3208048540338625	-0.3617427306403085	-0.27116653077807457	-0.10810585278398734	-0.006920248555036351	-0.23615877084691952	-0.16114175273325926	-0.09751848230392851	-0.13188022012588807	-0.11345853108202132	-0.010234691206962278	-0.05404122802101125	-0.18612186400039907	0.026483768771205587	-0.18208184702283917	0.14597488575604062	0.09271382634480488	-0.10869918180413826	0.12131553141194325	0.19516344226354634	0.191899878860893	0.14987976656742225	0.10869890361439144	-0.06891822949047846	0.017083649150379507	-0.10379320710123989	-0.1294372538911079	-0.13127287156464865	0.07601634893109821	0.1458780378164933	0.3021814186760989	-0.272426253584688	-0.3503541826361735	-0.11280107681956004	-0.10696106187590768	-0.13479276669911494	-0.3086804131234507	-0.3432180266907934	-0.1513809736428023	-0.13184435972746317	-0.10052941403423178	-0.04914796734857614	-0.09799786607093859	-0.049625578840082084	-0.0674479832869825	-0.024162818110056494	0.3786688038756442	0.35737928738967206	0.34089960532779234	0.20137218274793933	0.18840536216450549	0.09703123620666536	0.11432929105810923	0.1999782863623546	0.26118896956612014	0.19997828200532675	0.26118897014637776	0.16203936538616245	0.27880225113674234	0.274974009325948	0.28009080356073496	0.2779199545212336	0.2838382866583868	1.6622829446419847	0.0	0.9313039008721328	0.945800814830136	0.7461597614166935	0.7457906805533603	-0.6085363693565757	-0.5972771084180682	0.9397939940325511	0.9553491410699699	0.866108450952072	0.8814099332371621	-0.773227648907073	-0.7680613652506739	0.9405701475412248	0.9562088332973395	0.8650701352307512	0.8825828507713706	-0.7797132241839877	-0.7820373150137294
QSM-X-R2'-E5-X	-0.3791912094496527	-0.3249688026432851	-0.006564599246334415	-0.11334766253366377	0.1249756797484682	-0.3693090711246389	-0.1875063552791537	-0.22650293589090817	-0.15125222133842883	-0.3693090725749909	-0.3791912094496527	0.12882553866422203	0.1249756797484682	-0.17246999449112024	-0.3693090711246389	-0.062170330238804625	-0.04425105036294701	-0.08084189166829389	-0.1875063552791537	-0.13142940453695903	0.1853031628711128	-0.19499709959439918	-0.2794757991270482	-0.47092573583439284	-0.5403493684444535	-0.40369337722577453	-0.18424681192640155	0.0011759679171129936	-0.3364488515604537	-0.2405354372930819	-0.10949150080712082	-0.17117197894433445	-0.19577974140656806	-0.023962546321158292	-0.06523767347019616	-0.24598094715451682	-0.01411620424074103	-0.2482375472497253	0.1981923105873296	0.12889898585828619	-0.15581058379947407	0.11899634846528101	0.30033174558853365	0.29046371283554495	0.16484483635743225	0.15581077234188237	-0.12224087403613483	-0.015813114153287264	-0.167412654956109	-0.21677606143504888	-0.21457987809472448	0.10315953665991269	0.20442916114559162	0.45454071723546524	-0.4098047849365371	-0.531663720396753	-0.18894213356131545	-0.1746022247927352	-0.1778774104152458	-0.44890757610937165	-0.5187155638816446	-0.23712652855825248	-0.20386345520065724	-0.13089673447408381	-0.07785987234456751	-0.1683758322474465	-0.10129478534090752	-0.11410062028984501	-0.036071886979777534	0.5827036577248107	0.5173091367819505	0.504183332751554	0.25587958068440486	0.256704113196557	0.14750032986469733	0.1810770660116225	0.28841943026812633	0.390572782726239	0.2884194207522099	0.3905727802535233	0.2500527857930989	0.4463094802594867	0.3969058946330649	0.41049891143183137	0.4110112872658742	0.42456598708063475	1.016853772598255	0.9313039008721328	0.0	2.6006843774353503	1.385899631523007	1.3297984505284923	-0.9427994157106089	-0.8735931242638447	3.5315580675822664	2.5349421799577754	2.0448183463518803	1.893133912227424	-1.4024980864062275	-1.3161553090475604	3.5000601545729317	2.5297157543452022	2.0347411761287724	1.9064257469036932	-1.4201296853870278	-1.3489617908357983
QSM-X-R2'-E4-X	-0.38769455396008656	-0.3336571201945424	-0.009196476968915186	-0.11499361847266279	0.130393060307581	-0.3752033778792218	-0.1901879317000978	-0.231636412543186	-0.15513826639659234	-0.3752033783739321	-0.38769455396008656	0.1283176887105168	0.130393060307581	-0.17722273075735917	-0.3752033778792218	-0.06715093267821595	-0.04895506066049588	-0.08112601019803649	-0.1901879317000978	-0.13690424917539576	0.1889148670093019	-0.19936587002771813	-0.28539074549154636	-0.4682776833658656	-0.5466522721588093	-0.41170815810011924	-0.1887177297318261	-0.00011400001757684087	-0.34046704534940514	-0.24318714846520167	-0.11065853700840907	-0.17274654037572776	-0.19652772639329014	-0.024811953913515133	-0.06689077228476406	-0.25015428074808616	-0.012926011327286265	-0.2550694966173375	0.19918956260344226	0.12530574696469307	-0.16388529876218869	0.12103272259710064	0.30808916832838473	0.2959437600965612	0.16743075357314705	0.16388538417035642	-0.1304056605594926	-0.021730865187946685	-0.17577198569213642	-0.22377119879715682	-0.22154511137973754	0.10324441853488564	0.20521375819142565	0.46215145852801504	-0.41805758176406715	-0.5356568282772285	-0.19315770471044416	-0.178181465609819	-0.17975916430334066	-0.4556425059040952	-0.5223571144055161	-0.2417261325866781	-0.20771965300669679	-0.13119790367330456	-0.08362412360301094	-0.1748995140488026	-0.10197206594047623	-0.11974665506758253	-0.040895824412589044	0.5879312523447153	0.5190736473480789	0.5078179837584502	0.25410116833934665	0.2572552956257574	0.14521973328338286	0.17878617540858233	0.2875716496586019	0.39155045246157966	0.28757164014030706	0.39155044931954464	0.25985968352941935	0.4591187420119067	0.3967986042404357	0.4102406491798563	0.4119242602859044	0.42541286347405133	1.0361867288861777	0.945800814830136	2.6006843774353507	0.0	1.3434675436855692	1.3650740217749082	-0.9227002079959137	-0.892389457586592	2.5291059674053376	3.4997798019731348	1.896526324994933	2.030693152960817	-1.354174731640401	-1.3639697927898122	2.5257751857182784	3.4699517705496317	1.885581519104842	2.0414268242330484	-1.372305406469295	-1.4020448715510514
QSM-X-R2'-E5-Para	-0.18019388823707594	-0.12106859465216252	0.04405064511628763	0.004365054869775405	0.06656402639848942	-0.22101679519123235	-0.1019941312217424	-0.1078913410314369	-0.06342853408781329	-0.22101679192273144	-0.18019388823707594	0.12649487333091872	0.06656402639848942	-0.07257633997052688	-0.22101679519123235	0.02076136537482256	0.032311528284788255	-0.06340285650078006	-0.1019941312217424	-0.03238251745586579	0.10266483070162995	-0.1005416829737569	-0.14069200901646123	-0.6193570757634786	-0.42182798101460617	-0.20929359155345792	-0.09518349051606889	4.989787432781101e-05	-0.21076682769117455	-0.15278731618374244	-0.042224093385427514	-0.09622352715096341	-0.08947428115110974	0.0008761927274316999	-0.041917932766641255	-0.11303798230714437	-0.040786927869333356	-0.14050693244653564	0.13684049670765452	0.21404948337927382	0.03567690975353146	0.18919300941036005	0.1256488769352843	0.17465539801000768	0.20171270844976866	-0.03567707473268455	0.0669079260937931	0.12499993129802732	0.016961471422218172	-0.05633912861997243	-0.05342658595330504	0.06653921923415233	0.14259955456874462	0.26353151976483613	-0.2137856806088861	-0.4597993168642528	-0.09399242502296301	-0.0915344379393475	-0.10376070470119926	-0.2747300394164761	-0.4534427567223685	-0.1280959140404568	-0.10938151791567988	-0.09290380125648376	-0.08712653275706608	-0.1433866190768237	-0.14984857801324356	-0.10007764543236608	-0.031422876323729136	0.4290692609065391	0.8128455436472282	0.779447828857818	0.6389506677920306	0.5989314477914729	0.15087810224310533	0.18018728525329447	0.2544833052009793	0.3205680227454528	0.25448329861123176	0.32056801580457506	0.14556933395066302	0.30687470771384906	0.5787186462004336	0.5889388613481247	0.5974932375251809	0.6075560853327083	0.7942597497937598	0.7461597614166935	1.385899631523007	1.3434675436855692	0.0	2.2469305494086282	-0.4469225986066961	-0.41949111344054024	1.3741516552506692	1.3309571644614027	1.5451398801410658	1.499059546160673	-0.8637046773940179	-0.8261103344904056	1.3730799596376755	1.3292198815529819	1.5383994397050729	1.4890196309166004	-0.8715065752366921	-0.8433979717712657
QSM-X-R2'-E4-Para	-0.18476746178054498	-0.1265151376177205	0.043112493169078864	0.0010467056254965645	0.06791909159550616	-0.22289463571415652	-0.10348832762269805	-0.11052166354304446	-0.06520418468104323	-0.22289463212044833	-0.18476746178054498	0.12447695141241744	0.06791909159550616	-0.07407462456006371	-0.22289463571415652	0.01905826798682348	0.030526549716965726	-0.062725550269287	-0.10348832762269805	-0.033795063824216494	0.1036409436728177	-0.10179365733369745	-0.141793045778981	-0.6070607783181983	-0.4189298792523367	-0.21304537994215997	-0.09633590082514851	-0.0013220661348568197	-0.2118423683230899	-0.15399646595956604	-0.043546720962484305	-0.09724361743718485	-0.09120230337431356	-9.791692775637154e-05	-0.04442326021152185	-0.11983912607640318	-0.036916208818626464	-0.13889727956791503	0.13750131377887487	0.20790247975952292	0.026080574508994307	0.18353679311684148	0.1286031169177813	0.17417403467245104	0.1966907093357874	-0.02608077888444813	0.060265105756255	0.11813985931906024	0.011609078824448215	-0.05993619755676332	-0.05711051238244339	0.0669025284606799	0.1426957047323283	0.26598886142590183	-0.21778138359386154	-0.4571809819544689	-0.09499416218989665	-0.09144956461280584	-0.10487145635946282	-0.27636469883373593	-0.4507209030346148	-0.127949262245537	-0.10843920746038056	-0.09349400647062225	-0.08479087955774298	-0.14176441004536547	-0.14678674150631088	-0.09913273235846315	-0.031048861329092903	0.4314378140687648	0.805167445840174	0.8427641928252454	0.6272513632609856	0.6539099686726909	0.14685139695201332	0.17551421803772999	0.2507885308699702	0.31799721583031765	0.2507885249783194	0.3179972099088754	0.14789531803728426	0.3085595037756021	0.5722845041445085	0.5822054863265695	0.6274568601283703	0.6375268228876323	0.7984703484562075	0.7457906805533603	1.329798450528492	1.3650740217749082	2.2469305494086282	0.0	-0.44369372716185135	-0.3982348593042324	1.3187837395289386	1.348988174858874	1.4686317393267425	1.5179086328802518	-0.8401742037210612	-0.8336756286096251	1.3178978349363326	1.3472127627484665	1.4614539718836366	1.506254098021349	-0.8481889540084747	-0.8517908501157788
QSM-X-R2'-E5-Dia	0.6175214805475324	0.5820312111386637	0.04678167023433115	0.2620436194008626	-0.20155551173183306	0.5241184187438279	0.29455380433907574	0.3711985134263545	0.21952950104811736	0.5241184227291639	0.6175214805475324	-0.11936717685116859	-0.20155551173183306	0.2596141076398249	0.5241184187438279	0.1376564755025857	0.11428687736175953	0.08031951906644974	0.29455380433907574	0.22152793080260463	-0.2387564313668939	0.2637822758851869	0.41194767439234736	0.13398077729271055	0.5242555188288354	0.6276041981289745	0.24818817732223272	0.0023591716113202615	0.463447796731222	0.3381063029292131	0.20787736618251534	0.2670917826192175	0.32620804870156794	0.05619174130139708	0.0765829892747786	0.4154722504242728	-0.007972909725171718	0.36337495967629635	-0.27085312958485697	-0.0025950687658027	0.4204701203153721	0.006071018643027363	-0.5090862608305476	-0.37942690674846963	-0.08554252649019072	-0.42047037381702346	0.37325092091953715	0.21488909295825856	0.39991819344541585	0.3987667973440899	0.39822606533411514	-0.1644124159983682	-0.27660106917604654	-0.6550728810382628	0.6362062729777074	0.4771761881887756	0.2627049867199612	0.2369410517700603	0.27204096567796787	0.6226064620714995	0.4603092122958435	0.3272679979108868	0.28072894623077754	0.18909912593094882	0.01115360072603827	0.12137728385592983	-0.02302277355680718	0.06547026181415698	-0.006148415707497364	-0.6269670193706223	-0.03921084362921053	-0.034134518713424954	0.28806651955378604	0.252920363454616	-0.1579054467950518	-0.1865790832195509	-0.30505965807511676	-0.4171531287185618	-0.30505964574781047	-0.4171531333921149	-0.3196637699903265	-0.5195320366027769	-0.06495074728558668	-0.08247675091698507	-0.059056461644218544	-0.07635763603915897	-0.6522225279898803	-0.6085363693565758	-0.9427994157106089	-0.9227002079959137	-0.4469225986066961	-0.44369372716185135	0.0	2.0791352863536705	-0.9534974402843556	-0.9341840836993941	-0.7762650499749183	-0.7586257018205647	1.3030692468138314	1.2773000852787169	-0.9540821862782917	-0.9354723655204294	-0.7766803488411786	-0.7641202614039974	1.2900025507747184	1.2569255959032448
QSM-X-R2'-E4-Dia	0.620813991344252	0.5866627338825887	0.05065479978392278	0.2597202788618052	-0.2093385879146044	0.5253281289922709	0.29554632906111983	0.37474876491664544	0.2208580948116623	0.5253281322050964	0.620813991344252	-0.1178876942833478	-0.2093385879146044	0.2631135846593586	0.5253281289922709	0.14441665943971344	0.12078069745376868	0.07831796021438779	0.29554632906111983	0.22833733576629373	-0.23929866466560193	0.2656347235620419	0.4164082027444196	0.12325082811947054	0.5230458171539146	0.6304996670690949	0.2506660007710175	0.00474162530801293	0.46339512441039915	0.3377296967062654	0.2087163980851011	0.26707032926484625	0.3218671003920275	0.05809967130817217	0.0739985451234099	0.41339662292238005	-0.004395574788102081	0.37494371686330624	-0.26936551943028963	0.002773710134418402	0.4244210218798773	-0.001100087018437482	-0.516309459224812	-0.38419600660532316	-0.09257844836522185	-0.42442123567656753	0.3823094670821911	0.22046772283157126	0.4095954069098301	0.40486728977738295	0.4043759863398422	-0.163361167025338	-0.27502377283279306	-0.657211764947269	0.639059396790361	0.4712925189280452	0.265118702627766	0.24018468375051924	0.27226457411132376	0.624468319469455	0.45431223470268867	0.33120267933935804	0.28531459647012253	0.18757782794139152	0.02044827825049631	0.1285975747240837	-0.023231058501767425	0.07169871563517387	2.7843572846776668e-05	-0.6159883775676034	-0.026479415087425833	0.021824191781887096	0.29844479470713636	0.3216784431681047	-0.15591628034723787	-0.18472490635079067	-0.3015320046159663	-0.41275590525721306	-0.30153199296148375	-0.41275590729842004	-0.3281547230882859	-0.5285876702281334	-0.05426524825098569	-0.07146184048952828	-0.019627631025665927	-0.036812001695053956	-0.6380165676352902	-0.5972771084180681	-0.8735931242638448	-0.892389457586592	-0.41949111344054024	-0.3982348593042324	2.0791352863536705	0.0	-0.8837094583937779	-0.9052895314006998	-0.7230166180494907	-0.736044527211751	1.200610673063488	1.242045612119466	-0.8843548911473427	-0.9066394830284537	-0.7229468110223455	-0.7408657680349562	1.1907920128847314	1.2239175300432477
QSM-X-R2pnet-E5-X	-0.3812571736410972	-0.3272923415259552	-0.011190282103640061	-0.11338465769117667	0.125787440828226	-0.36947392580664956	-0.18583051449635607	-0.22641328732904165	-0.15435592823849562	-0.369473926505658	-0.3812571736410972	0.12662579070323268	0.125787440828226	-0.1760920524924594	-0.36947392580664956	-0.06633502294788544	-0.048268269678902964	-0.08172374727177194	-0.18583051449635607	-0.13614631801607968	0.18835627482115513	-0.19859952536615444	-0.28389111762113955	-0.4668719840661084	-0.5446769220113566	-0.4057751088536875	-0.18809995096898682	0.0013315188565543304	-0.33616580738181656	-0.2391254846265648	-0.10769902789610564	-0.16945007581014296	-0.19483219057221332	-0.023848917032482736	-0.0642412989706462	-0.24589044710682334	-0.013824965059574423	-0.24838163144030792	0.19560843739123007	0.12714160206076192	-0.1559453054138654	0.12188783019508967	0.30373633576876946	0.29498861884970595	0.16720401452324754	0.1559454929582867	-0.124974203741375	-0.015779962189744548	-0.17057317501413985	-0.22076523574654086	-0.2185879982123782	0.09995971602491391	0.202014907163474	0.45614399723196025	-0.41198248376437036	-0.528023769610598	-0.19280622713149012	-0.1788171491997193	-0.1758705564368106	-0.45046848554957253	-0.5149969691442932	-0.2419661747477267	-0.20893694055921125	-0.1279788796331354	-0.08179542507020228	-0.17101682399322854	-0.10265605671264814	-0.1169124770216956	-0.03884031557906787	0.5795303237583214	0.5055374020987655	0.49189659644941425	0.24763108269037581	0.24919884304714374	0.14458343655209666	0.17845688507328755	0.28567074452832497	0.3878990490252781	0.28567073442915225	0.3878990462602364	0.25247995068016066	0.4480751295108002	0.3896082573552967	0.4046102095644305	0.40248436663900594	0.41835431468894174	1.027026499454958	0.9397939940325511	3.531558067582266	2.529105967405338	1.3741516552506692	1.3187837395289381	-0.9534974402843556	-0.883709458393778	0.0	2.601447284285762	2.052001434171123	1.8967780310704727	-1.4232203532573198	-1.332708172187409	4.9517187756431	2.6003249382962195	2.042182394851718	1.9098396617694222	-1.4423934846968356	-1.367328421869927
QSM-X-R2pnet-E4-X	-0.3910041665149927	-0.33709309324434966	-0.013336787463397165	-0.1148308159911107	0.13242938413654726	-0.37690203288136004	-0.1898228907014161	-0.2329605195518016	-0.15789357402043946	-0.37690203212604284	-0.3910041665149927	0.12625392057210533	0.13242938413654726	-0.18082137949390414	-0.37690203288136004	-0.07140084175546837	-0.053019145279103376	-0.08153175017079317	-0.1898228907014161	-0.14181969273402376	0.19157953596397795	-0.20270044843757398	-0.28985317514475895	-0.46445067355241837	-0.5510643704752172	-0.41504605497849	-0.19220531988375578	0.0007673461208860942	-0.3416333438070976	-0.24296290498151674	-0.1100897936494517	-0.17227022013734078	-0.19599098908908646	-0.02480055244956894	-0.06667216894053214	-0.251350452142382	-0.013713144957568032	-0.2570055015652817	0.1977213102617924	0.12399860408087557	-0.16507456036530538	0.12427845518873286	0.31217395063770853	0.30063692277672227	0.1704565419522128	0.16507464742562744	-0.13380326911908036	-0.02241982554239493	-0.17955733661937728	-0.22792643937462914	-0.2257436249347252	0.10105936608247576	0.20393478241477114	0.4650590498493012	-0.4215272255206021	-0.5335604347245428	-0.1967089241504749	-0.1819655368242103	-0.17900184917148398	-0.45843659247344215	-0.5201515083363487	-0.24620047834161227	-0.21223639333898467	-0.1293949239476899	-0.08752074563283394	-0.17732100090036226	-0.10268728379754208	-0.12228588997944545	-0.04348274580864218	0.5854442667176952	0.507295833399234	0.49342350468548235	0.24556229993633996	0.24718431416801087	0.14317215845085077	0.17668668594477116	0.2861295943441385	0.39040029360878264	0.2861295849499745	0.3904002902339566	0.26265192560181433	0.461397724526842	0.389731792893805	0.404415286687337	0.40270883028710563	0.41828138756579036	1.048193308931363	0.9553491410699699	2.534942179957776	3.4997798019731357	1.3309571644614029	1.348988174858874	-0.934184083699394	-0.9052895314006997	2.601447284285762	0.0	1.8948238638065942	2.034363050048452	-1.3744117035095211	-1.3856897935926618	2.5988572235869265	4.943371003606502	1.8841889566890284	2.043975812196871	-1.3939148530694134	-1.4263995565261212
QSM-X-R2pnet-E5-Para	-0.27844106667280766	-0.2276618026989232	-0.016704378000344983	-0.05772569544039516	0.0891816198122616	-0.2812975289368654	-0.12570989158749912	-0.15821118334087275	-0.13356039046301052	-0.28129752942387537	-0.27844106667280766	0.10372200596294345	0.0891816198122616	-0.14571543492369873	-0.2812975289368654	-0.05364423113098845	-0.038699788203737956	-0.0897581647520819	-0.12570989158749912	-0.11480053972241472	0.172875241124327	-0.17723714661335843	-0.23657475221340177	-0.5231335862195916	-0.50726166874661	-0.3025583419437372	-0.1681799281360682	-0.003012771327119314	-0.2569062564313323	-0.18042675322004278	-0.05322621495381188	-0.11289084769560846	-0.1378769645952249	-0.012622515217122385	-0.051575915190791286	-0.17165225769591308	-0.028294026720983873	-0.17199853345832222	0.13908664877208976	0.13831178085751933	-0.05602933294256328	0.15863152025562816	0.22771831780861462	0.2560546328921701	0.18091005399913607	0.056029483304266416	-0.05142082754575548	0.04095963210316475	-0.09962372145430202	-0.16564734005446424	-0.16288309142849147	0.05510547359164647	0.1458936670850287	0.35129545143337054	-0.3085340076743638	-0.467080935061334	-0.17052850903638284	-0.16288275681301922	-0.11897625598840059	-0.3498630896280838	-0.4564307291089849	-0.2108605263319405	-0.1851996257735716	-0.08255635664080122	-0.10952378583634001	-0.1848516758191778	-0.15285839806819473	-0.13695180156464234	-0.06430713639158647	0.4929738301654107	0.5230139104787186	0.5121850808507625	0.31044812537751953	0.3089589513181562	0.11448730539289174	0.1469460925603803	0.23932300762665015	0.32751893414457334	0.23932299613816993	0.3275189274081962	0.21900425674754445	0.38834860279480854	0.39097689193541335	0.40480193194838393	0.4074207809032772	0.4220798530405233	0.938209879001711	0.866108450952072	2.0448183463518803	1.896526324994933	1.5451398801410658	1.4686317393267425	-0.7762650499749183	-0.7230166180494908	2.0520014341711224	1.8948238638065944	0.0	2.5460262150133195	-1.0643939807041036	-1.0169346265071455	2.0502866344921933	1.8918069543112803	3.76514753980498	2.5420739239716688	-1.0749989231514436	-1.0376529704245117
QSM-X-R2pnet-E4-Para	-0.285400726449258	-0.23505902747704724	-0.01994797431269873	-0.05862960967822679	0.09406604070473874	-0.2862449141080887	-0.1277227856959446	-0.16293858488844198	-0.13679588720210045	-0.2862449136833612	-0.285400726449258	0.10182009479588926	0.09406604070473874	-0.14957684474016636	-0.2862449141080887	-0.05913268789792771	-0.043971526130656594	-0.09030731831604889	-0.1277227856959446	-0.120384915957274	0.1761063171156152	-0.18094431165311886	-0.2412008836545087	-0.5213459004238818	-0.5121907651493426	-0.30890253105796195	-0.17200566749461832	-0.00500170192268702	-0.2599538980939455	-0.182533949068418	-0.053592599145693004	-0.11374843366287674	-0.13681497358465922	-0.013305791030219727	-0.0529543776615585	-0.17628658757255805	-0.02694830433123894	-0.17732763058323883	0.1389544989884945	0.1349472649717557	-0.06372044231088124	0.16153094672684917	0.23309801194630936	0.2598748542112988	0.1841051294462254	0.06372052074695021	-0.05893921768219025	0.03501600566445646	-0.10718595799969524	-0.1716461575669485	-0.16885435860434064	0.05450807686387994	0.14554653593830147	0.35685137684065643	-0.3151708964931746	-0.47014852318284045	-0.17412421870116002	-0.16580538599130254	-0.1200578028747846	-0.3546252778553262	-0.4591912538091961	-0.2144652421697519	-0.18810666828459727	-0.08226938113941576	-0.11601230039874162	-0.1916246864335913	-0.1539828534301658	-0.14345258709644323	-0.0703408831079071	0.49578527726134697	0.5269996724132652	0.5152480101635168	0.31029672151734744	0.3082422884357197	0.11101484830270307	0.14278332300214153	0.23786834641811286	0.32747368040831415	0.23786833656696396	0.32747367410558653	0.22899048290946003	0.3994647216777979	0.39204201538158967	0.40507030875258876	0.4081464542457796	0.4220025941465682	0.9587263534472766	0.8814099332371621	1.893133912227424	2.0306931529608163	1.499059546160673	1.5179086328802518	-0.7586257018205647	-0.7360445272117507	1.8967780310704727	2.0343630500484524	2.5460262150133195	0.0	-1.0407828853842394	-1.0366937745978555	1.8953241973586383	2.0301909608358084	2.4731297944177792	3.467755528347274	-1.052702279040707	-1.0626001229877613
QSM-X-R2pnet-E5-Dia	0.5997805301123396	0.5508672385209019	0.03671441119451224	0.2122933828676022	-0.19501749547766276	0.5373862304130872	0.28751753240229244	0.3627641459907909	0.21567405083934213	0.5373862286957765	0.5997805301123396	-0.1271519278740977	-0.19501749547766276	0.25236414062792206	0.5373862304130872	0.12848127052029135	0.10771515451842253	0.09604517605684498	0.28751753240229244	0.20584522430449462	-0.24320162443335192	0.2637908696787277	0.3963647976417757	0.27597450988246924	0.5728061065439481	0.6138860918594424	0.2504067088571575	-0.005306806218539049	0.469491367078147	0.3375325250341103	0.1871178176463721	0.25596028513736363	0.2876772715869418	0.04657529212514088	0.07332383232620511	0.3798335242599339	-0.00214798297357472	0.3872566306203729	-0.2671119456157184	-0.056292992360340376	0.3593483910280563	-0.014949002245927576	-0.4684010581513734	-0.37063918484528074	-0.10195179621702427	-0.3593484849008072	0.31389764134587644	0.17223162470864312	0.3468188012058847	0.36578911124758207	0.3644548238169984	-0.15780888536300178	-0.27583500729183613	-0.6531350619924696	0.6225517155764875	0.5657898344273129	0.26162125529368263	0.23111908613930018	0.26250189173923816	0.6223634336494103	0.5483547628115206	0.31986660831312425	0.2697209052152864	0.18321605242430458	0.05868958308804101	0.17281691862455356	0.030736921852677863	0.1097554132904456	0.022464357748208555	-0.669670363433257	-0.34501720279567827	-0.3285272325206614	-0.05806154650562199	-0.06619509353035546	-0.17399352798890733	-0.20934613727865012	-0.32937442854492566	-0.4511386887690128	-0.3293744197503252	-0.4511386917357731	-0.34101085649577434	-0.5717509542168803	-0.28399544420978534	-0.3031992248312881	-0.2857875322150728	-0.30552553419157735	-0.832923383559625	-0.773227648907073	-1.4024980864062278	-1.354174731640401	-0.8637046773940179	-0.8401742037210612	1.3030692468138314	1.200610673063488	-1.4232203532573198	-1.3744117035095211	-1.0643939807041036	-1.0407828853842394	0.0	2.5077005866035074	-1.4246143649192284	-1.3770842408117605	-1.0645489996085107	-1.046903353790515	3.451520917672803	2.461936001293922
QSM-X-R2pnet-E4-Dia	0.6161067662046962	0.5678071095651419	0.03972809626891947	0.2156297721534671	-0.20308887271761905	0.5493523242999878	0.29427643656616354	0.37325862011225786	0.22079838778611033	0.5493523203501242	0.6161067662046962	-0.12595663504086113	-0.20308887271761905	0.2588738284020303	0.5493523242999878	0.13540079250211848	0.1143842546496815	0.09645148368682727	0.29427643656616354	0.21311681554281903	-0.24767236167157763	0.26951347031829026	0.40517605109835225	0.2661350994632651	0.576541016976136	0.6289646752995125	0.255879861856829	-0.006241217311520068	0.4782691940509472	0.3439264628567943	0.19168444588421504	0.2610957606802755	0.2926127345313606	0.048005520832371425	0.07575832553254902	0.3873916986233058	-0.0009871407719363931	0.39937998003490693	-0.270792106900361	-0.0504565587538963	0.3736495286577954	-0.011627610067688497	-0.482037225180373	-0.3779510650162032	-0.10065725220756348	-0.37364950836264077	0.32912256483170016	0.1843796877834718	0.36145266277904725	0.3774395077479518	0.37608112433450636	-0.16037463384563988	-0.27944457604324285	-0.6670552744303949	0.6378606589416995	0.5692633911133766	0.26722254142997	0.23544307289486385	0.267787701641204	0.6338151025563388	0.5513866549720232	0.3255518826351523	0.274018799998647	0.1856332075418037	0.06359284616153489	0.17917712818955994	0.029608508758625196	0.114674682664426	0.02621623688856245	-0.6753176034647835	-0.3358576390871756	-0.31988393902485823	-0.047167356252843996	-0.056146616971100516	-0.17350448361705703	-0.20900500518553047	-0.32986480758514264	-0.45400540457836785	-0.32986479886588477	-0.45400540557308766	-0.35294258955465235	-0.5888978523716404	-0.2760938017944749	-0.29572117389185376	-0.27802501645632105	-0.2982262996779336	-0.8284686490949467	-0.7680613652506739	-1.3161553090475604	-1.3639697927898125	-0.8261103344904056	-0.8336756286096249	1.2773000852787169	1.242045612119466	-1.332708172187409	-1.3856897935926615	-1.0169346265071455	-1.0366937745978553	2.5077005866035074	0.0	-1.3341384462200938	-1.388534227326041	-1.017012565944859	-1.0448476463144039	2.401511758401017	3.162464916708169
QSM-X-R2*-E5-X	-0.3818551982521593	-0.3280934465869323	-0.01252561478577006	-0.11374673461530009	0.12589364676627182	-0.3693549291917935	-0.1853003951657735	-0.2263437444272118	-0.15558285014518564	-0.369354929817658	-0.3818551982521593	0.1259269585424494	0.12589364676627182	-0.17725913560801695	-0.3693549291917935	-0.06769232422756533	-0.04961359287352035	-0.08257841948610183	-0.1853003951657735	-0.13756399745361061	0.18972412197040003	-0.20000338380142108	-0.2854365491710103	-0.46534108159645643	-0.5460750412369724	-0.40622870836594177	-0.18957976877249139	0.0012756018632520672	-0.33578399355767485	-0.23868474627747482	-0.10688561996273355	-0.16875107476554024	-0.19432790175583528	-0.023830371022780194	-0.06440793668696514	-0.24585630672066006	-0.012959892088257959	-0.2482530303161946	0.1946399999872394	0.1255137039908335	-0.15644582651516645	0.12169589061550916	0.30497175327423215	0.2961807247714187	0.16695863061735786	0.156446015093344	-0.1263351968101917	-0.016563913256472662	-0.1719811884727537	-0.22242693399504232	-0.22023759336614065	0.09888398906266775	0.20106838889358003	0.45647880293203874	-0.4125219632235941	-0.5269919193598375	-0.194290729495747	-0.18032955054642288	-0.1751954685102267	-0.45063716757662403	-0.5139228485741756	-0.2435564616277339	-0.2105275563757353	-0.12691941129539713	-0.08270958291266059	-0.17214733279401806	-0.10338544204423998	-0.11808148469571467	-0.039991729068718056	0.5788805312786152	0.5045099831434242	0.4910718629554094	0.24711104445441692	0.24882427206222602	0.14326325841292725	0.1771743874338082	0.28441704225732234	0.38679713068992294	0.2844170321105818	0.3867971280055555	0.25361045309953784	0.44904887232707535	0.38820770093261314	0.4032696261064406	0.4011955583950221	0.41712218247748317	1.0278905384716535	0.9405701475412248	3.500060154572934	2.525775185718279	1.3730799596376755	1.3178978349363326	-0.9540821862782914	-0.8843548911473424	4.9517187756431	2.5988572235869265	2.0502866344921933	1.895324197358639	-1.4246143649192284	-1.3341384462200938	0.0	2.602256033339432	2.0410991248254406	1.9089025569163867	-1.4439224766941745	-1.3688504460720745
QSM-X-R2*-E4-X	-0.39189792273781243	-0.3381677419015526	-0.014567368360652467	-0.1153169855392401	0.13268392078103342	-0.3771129520143693	-0.1895559149341231	-0.23315742155261912	-0.15910971586301945	-0.3771129511246644	-0.39189792273781243	0.12565371532736422	0.13268392078103342	-0.18199301850663446	-0.3771129520143693	-0.07271768971153372	-0.05432024338184999	-0.08239283946180753	-0.1895559149341231	-0.14320310013846016	0.19294442329055575	-0.20410264659967034	-0.29147571677108897	-0.4628345702774321	-0.5525289269778286	-0.41578998165735775	-0.19367436946652597	0.0006062589297439263	-0.3415564071683533	-0.2427987812994407	-0.10950138466850841	-0.17182290407548528	-0.1957965571117177	-0.02480947336046517	-0.06678767840679119	-0.2515028874607039	-0.012826523935936505	-0.25711924891109905	0.1970175354514193	0.12240251067210138	-0.16581643772797028	0.12388652315566913	0.31359955105814846	0.3018606208219431	0.17010848181053456	0.16581652592972157	-0.1353377122139711	-0.023387858919792143	-0.1811234359581324	-0.22970440963534358	-0.22750511834521647	0.10022168960934785	0.20325050045126664	0.4657172356560373	-0.42235751059762044	-0.5328300846886345	-0.19819150773068128	-0.18344995071819228	-0.17858321687753514	-0.45891097678537807	-0.5193697672551404	-0.24781394215741775	-0.21382113097338906	-0.12856435138384767	-0.0881765640979105	-0.17832901170334894	-0.10320157868606346	-0.12328297551438003	-0.044401492101340624	0.585178603916708	0.5061341800853632	0.49245420379933563	0.24480818117949874	0.24657213025109637	0.14206085284577613	0.17563241259226042	0.28508796520876273	0.3895448848625659	0.2850879557606437	0.38954488154314876	0.26373588791936137	0.4625210237984191	0.3883214047232052	0.40308440927500155	0.40138966873373927	0.41703439030575346	1.049148907641369	0.9562088332973395	2.5297157543452014	3.469951770549634	1.3292198815529819	1.3472127627484662	-0.9354723655204294	-0.9066394830284537	2.6003249382962204	4.9433710036065035	1.8918069543112805	2.0301909608358084	-1.3770842408117605	-1.388534227326041	2.6022560333394313	0.0	1.8817395825049765	2.0405389460773025	-1.3967249021609867	-1.4295795855826838
QSM-X-R2*-E5-Para	-0.27511631099719724	-0.2244382084161332	-0.016632037819222942	-0.05759563128761667	0.08652734085635537	-0.2785591842448067	-0.1240145926950654	-0.15581398761353518	-0.13308844643246714	-0.2785591847468879	-0.27511631099719724	0.10320226827767444	0.08652734085635537	-0.1444030618823612	-0.2785591842448067	-0.05250778375337204	-0.037716120605282163	-0.09064442710891064	-0.1240145926950654	-0.11331262087620458	0.17278850929609457	-0.17667525562569933	-0.23507232901791145	-0.5223681712312273	-0.50495708496082	-0.2993729566034024	-0.16766179274992454	-0.0021857211878636143	-0.254581788168752	-0.17878904862318706	-0.05162026974621456	-0.11136128133072865	-0.13668555054350204	-0.012756691114829513	-0.05001708080306305	-0.16934060272519774	-0.02805505909188257	-0.16945690553665227	0.1376143866222483	0.13803428303152385	-0.05226344362282981	0.1566709836304141	0.22515457088314988	0.25424056016456	0.17844742792059856	0.05226368375190884	-0.04907252862583487	0.04273124286553961	-0.097137187591996	-0.16390154724072387	-0.1611290302590979	0.054040950122878184	0.14443888071488362	0.3479503974190009	-0.30513427711081437	-0.4638860842665218	-0.16990078044371945	-0.1622932978717708	-0.11745124261672156	-0.3465183338135728	-0.4533125064613297	-0.20978120204221545	-0.184156846211992	-0.08135608502152405	-0.10779964545406076	-0.1836014938616301	-0.15366759094337992	-0.1358706770355893	-0.06337378715398174	0.49058059864152703	0.5203265469638442	0.5093339956241256	0.3104517904371516	0.3085170085839889	0.11446928480262329	0.14690074746256335	0.23865779541406018	0.32640591946498937	0.23865778390253342	0.32640591230864546	0.21595284348024904	0.3847102192210214	0.38911537466181706	0.40296106088102013	0.40523350117250195	0.41989168870227067	0.9369383603694252	0.8650701352307512	2.0347411761287724	1.885581519104842	1.5383994397050724	1.4614539718836366	-0.7766803488411786	-0.7229468110223455	2.042182394851718	1.8841889566890284	3.7651475398049814	2.47312979441778	-1.0645489996085107	-1.017012565944859	2.041099124825441	1.8817395825049765	0.0	2.573413592040989	-1.0698037263384472	-1.0324169610482445
QSM-X-R2*-E4-Para	-0.2833123140720515	-0.2328839315254919	-0.01903152684889199	-0.058603283536485105	0.09247066091486508	-0.28523922840335125	-0.12766665816995668	-0.16211349169118416	-0.1358280491156809	-0.285239228066689	-0.2833123140720515	0.10199028008880998	0.09247066091486508	-0.14798078761079198	-0.28523922840335125	-0.05762432587882653	-0.042549492819144295	-0.09067988353510222	-0.12766665816995668	-0.11864953154920219	0.1755050398995206	-0.17991492429168104	-0.2396173667277674	-0.5210867742036007	-0.5098822586184247	-0.307044136729153	-0.1708991821855961	-0.0032797908265212346	-0.25937243806632737	-0.18252053463218113	-0.05352132828458851	-0.11383364893494348	-0.1374601012028338	-0.013188876515373295	-0.05120842714489905	-0.1749332290201438	-0.027095670357743844	-0.1763041934114562	0.13912312888742917	0.1352642650875962	-0.06068244962294706	0.1589875129985256	0.23101392286992325	0.25795984232923663	0.18148747715654115	0.060682599029249384	-0.057073443697928855	0.03621406634419383	-0.10515467223963232	-0.16994000154701644	-0.1671575342342295	0.05490071780867535	0.1457348426948972	0.3550233802898723	-0.313049431278542	-0.4687941945688473	-0.17296541401766663	-0.16446901704851796	-0.12017388363248753	-0.35275910660958415	-0.45786880739252456	-0.21293669549573796	-0.18634237972810008	-0.08254871284870038	-0.11367907483849227	-0.19002283079616508	-0.1541025239228976	-0.1415534271970424	-0.06848062320151617	0.4959192140647726	0.5227630898070966	0.5109341557810665	0.3085623853830685	0.30614753963456304	0.11261536885553969	0.14466342505682028	0.23902078277698072	0.3285301407698794	0.23902077262019764	0.3285301339625126	0.22577853541563625	0.39656558778680817	0.3895080807526625	0.40273991841423085	0.4053393348565567	0.4193872040865311	0.9603192905503997	0.8825828507713707	1.9064257469036932	2.041426824233048	1.4890196309166006	1.5062540980213488	-0.7641202614039974	-0.7408657680349562	1.9098396617694222	2.043975812196871	2.542073923971668	3.46775552834727	-1.046903353790515	-1.044847646314404	1.9089025569163867	2.040538946077303	2.5734135920409886	0.0	-1.0534160717991763	-1.0619384251886135
QSM-X-R2*-E5-Dia	0.6046495221296917	0.5556777426593081	0.040866156038479054	0.2115874994304401	-0.19688030925776687	0.5387910620857975	0.2855988566023728	0.36302399369569777	0.21918757761244173	0.5387910599738464	0.6046495221296917	-0.12486298541744645	-0.19688030925776687	0.2567080552956789	0.5387910620857975	0.1333594058638585	0.11248623022669109	0.09736935301542683	0.2855988566023728	0.21133576737284993	-0.2468366958528286	0.26797373624193127	0.40150684293173483	0.27761749847203	0.5810732072750386	0.6182338071066636	0.2547086889402267	-0.004382746360096759	0.4694037440691973	0.3360816329308965	0.1845563421150901	0.2535570547457592	0.2857772631553141	0.045787304899701405	0.07609615043968783	0.38028484753040476	-0.002860556948017353	0.38854814806373367	-0.26442706019459966	-0.05507795990732387	0.3622752256603037	-0.020549135338485798	-0.47343194678037726	-0.3763303294852666	-0.10696369679904134	-0.3622752466976233	0.31755366873083474	0.17323313660738457	0.3512141595010031	0.37060002162832634	0.3693076379972624	-0.1542810471777651	-0.27318567543927647	-0.6576166928528415	0.627539086393673	0.5676273205955683	0.2658760507170503	0.23557712325944458	0.2601235678986451	0.6264099808687348	0.5500169539881946	0.3251405291814458	0.27506110392731575	0.18009820542671523	0.06593090121136887	0.1792650533986619	0.03497012820834843	0.11614894142786768	0.028584759557426207	-0.6693419208415404	-0.3508142153753287	-0.3346807144961631	-0.061237443036253406	-0.06999997151131376	-0.16927059618043547	-0.20481350567165107	-0.32549678097251084	-0.4479542116993168	-0.3254967716055252	-0.44795421549417064	-0.34838685785950385	-0.5794473974657139	-0.2871214795611629	-0.3060636668247153	-0.2895914587163801	-0.3091072798149682	-0.8405289722355398	-0.7797132241839877	-1.4201296853870278	-1.372305406469295	-0.8715065752366921	-0.8481889540084747	1.2900025507747184	1.1907920128847314	-1.4423934846968356	-1.3939148530694132	-1.0749989231514436	-1.052702279040707	3.4515209176728	2.4015117584010164	-1.4439224766941745	-1.3967249021609867	-1.0698037263384472	-1.0534160717991763	0.0	2.535285268971408
QSM-X-R2*-E4-Dia	0.6190427133488088	0.5706831853004759	0.044850858915459285	0.2141108939187121	-0.2034256196777036	0.548370359580325	0.29002188763346515	0.3710703363049201	0.22488436943988996	0.5483703555312116	0.6190427133488088	-0.12275997814600086	-0.2034256196777036	0.2635162850423348	0.548370359580325	0.14073998200300264	0.11969164535639305	0.09832544314000302	0.29002188763346515	0.21891483037410903	-0.25201762187554333	0.27430818020534653	0.4102166770227	0.27069435217473165	0.5870376857887839	0.6314773537235766	0.2609172971585155	-0.004273536634011061	0.47597725010586356	0.34023124331968574	0.1870086958083233	0.25650710527003007	0.2881640703756713	0.047208534276524224	0.07914011299008189	0.3861646821709372	-0.0029722258412128743	0.3987789576263994	-0.2660617597485485	-0.04961739408669068	0.374641851281275	-0.01897168281328318	-0.4858620122617541	-0.38395024542747774	-0.10665930651051303	-0.3746417660197033	0.33113424665686636	0.18364690010856408	0.36447884813558273	0.3816263107698632	0.3803183855059139	-0.15484204819978564	-0.2746979228235806	-0.6697097804561004	0.6410111189635721	0.5710092556968558	0.27203079674908265	0.2406729600086764	0.263171667177997	0.636212683221966	0.5529811515848282	0.3313671944479716	0.28015007997998637	0.1805940158621004	0.07221513957224496	0.18697169708324735	0.03573329460010947	0.12277560001390009	0.03393867330467135	-0.673601355521295	-0.34688174325614207	-0.3312542730790475	-0.054865935636087895	-0.0644636349405016	-0.16688247002074974	-0.202345830774193	-0.3241935509872856	-0.44887019352947305	-0.3241935419948148	-0.4488701955387544	-0.36061830736323264	-0.5963078485553799	-0.28275938710273935	-0.3018940932907962	-0.2856044840127271	-0.3053441265514755	-0.8442908882862619	-0.7820373150137294	-1.3489617908357983	-1.4020448715510514	-0.8433979717712657	-0.8517908501157788	1.2569255959032448	1.2239175300432477	-1.367328421869927	-1.426399556526121	-1.0376529704245117	-1.0626001229877613	2.4619360012939215	3.1624649167081706	-1.3688504460720747	-1.4295795855826836	-1.0324169610482445	-1.0619384251886135	2.535285268971408	0.0
