Image	DKI Micro AD	DKI Micro ADE	DKI Micro AWF	DKI Micro AxonalD	DKI Micro KFA	DKI Micro MD	DKI Micro RD	DKI Micro RDE	DKI Micro Tortuosity	DKI Micro Trace	DKI AD	DKI AK	DKI KFA	DKI Linearity	DKI MD	DKI MK	DKI MKT	DKI Planarity	DKI RD	DKI RK	DKI Sphericity	DKI Tensor FA	DSIStudio GQI GFA	DSIStudio GQI ISO	DSIStudio GQI QA	DSIStudio Tensor AD	DSIStudio Tensor FA	DSIStudio Tensor HA	DSIStudio Tensor MD	DSIStudio Tensor RD1	DSIStudio Tensor RD2	DSIStudio Tensor RD	DSIStudio Tensor TXX	DSIStudio Tensor TXY	DSIStudio Tensor TXZ	DSIStudio Tensor TYY	DSIStudio Tensor TYZ	DSIStudio Tensor TZZ	NODDI ICVF Modulated	NODDI ICVF	NODDI ISOVF	NODDI NRMSE	NODDI OD Modulated	NODDI OD	NODDI RMSE	NODDI TF	TORTOISE MAPMRI NG	TORTOISE MAPMRI NG Par	TORTOISE MAPMRI NG Perp	TORTOISE MAPMRI PA	TORTOISE MAPMRI PATH	TORTOISE MAPMRI RTAP	TORTOISE MAPMRI RTOP	TORTOISE MAPMRI RTPP	TORTOISE MAPMRI AD	TORTOISE MAPMRI AM	TORTOISE MAPMRI FA	TORTOISE MAPMRI LI	TORTOISE MAPMRI RD	TORTOISE Tensor AD	TORTOISE Tensor AM	TORTOISE Tensor FA	TORTOISE Tensor LI	TORTOISE Tensor RD	ihMTw	ihMTR	MTR	ihMTsat	ihMTsat-B1c	R2	R2*-E5	R2*-E4	R2'-E5	R2'-E4	R1	R1-B1c	MPRAGE-MyelinW	SPACE-MyelinW	Scaled MPRAGE-MyelinW	Scaled SPACE-MyelinW	G-ihMTsat	G-ihMTR	Q-Ratio-E5	Q-Ratio-E5-B1c	Q-Ratio-E4	Q-Ratio-E4-B1c	QSM-SEPIA-E5	QSM-SEPIA-E4	QSM-X-R2'-E5-X	QSM-X-R2'-E4-X	QSM-X-R2'-E5-Para	QSM-X-R2'-E4-Para	QSM-X-R2'-E5-Dia	QSM-X-R2'-E4-Dia	QSM-X-R2pnet-E5-X	QSM-X-R2pnet-E4-X	QSM-X-R2pnet-E5-Para	QSM-X-R2pnet-E4-Para	QSM-X-R2pnet-E5-Dia	QSM-X-R2pnet-E4-Dia	QSM-X-R2*-E5-X	QSM-X-R2*-E4-X	QSM-X-R2*-E5-Para	QSM-X-R2*-E4-Para	QSM-X-R2*-E5-Dia	QSM-X-R2*-E4-Dia
DKI Micro AD	0.0	2.31784614202852	0.06715050266963164	0.3594952428657315	-0.03430055414619634	0.7596976346918399	0.2807286470122076	0.43855812275191364	0.2367170971483848	0.7596976345134927	4.9517187756431005	-0.06365254491708046	-0.03430055414619634	0.25809399898215396	0.7596976346918399	0.1717919560969852	0.16872313765740257	0.06366174546356916	0.2807286470122076	0.1853812506175813	-0.20909200385737223	0.22888617296675948	0.28982647420609264	-0.5060184707116014	0.07302014089055392	2.1935473646275643	0.22624558013048476	0.009366519911613518	0.5940462993746224	0.33484041670551484	0.23292487129222172	0.2624532753730335	0.48619303359906463	0.11724714324201893	0.057221655115585794	0.6347876565890171	-0.1272360710738922	0.6096132474281483	-0.22169711762537184	0.08317633329231057	1.1821316039956076	0.20382754900849231	-0.7140966629504523	-0.20661516617263923	0.12055360550269656	-1.151216953839796	0.7352368637013119	0.537977784380923	0.6320693345253701	0.5322530576990075	0.5235128541403434	-0.160019135207522	-0.223419791308695	-1.726882840198219	2.447830574238243	0.04913369823847207	0.21568487044307985	0.18893766087654135	0.24667165582361203	1.2170510629178626	0.03499039458346541	0.1889769936706642	0.1587288806445948	0.1495934090063778	-0.157832074955796	-0.0692294298499341	-0.14965152346832167	-0.07315851105386943	-0.07716089870565201	-0.35899703758628754	0.032769878869498836	0.01846979432849763	0.2687092239753074	0.23967831455157929	-0.06660206438894643	-0.06647584009887482	-0.10466561842744261	-0.18375896062785368	-0.10466561821778443	-0.18375895990356328	-0.08238480766737369	-0.12031497792729277	0.01236925371744424	0.01321854759270355	0.01248469740864544	0.013225600816995406	-0.13968973131677537	-0.12608179141505943	-0.2475092710589913	-0.26724357532278115	0.06544247304184656	0.04456666820716914	0.4700761044704344	0.48471627060966654	-0.2422205557999388	-0.26173907153308845	-0.14941885049199496	-0.16313113402889617	0.33809917889123337	0.363616455729946	-0.24265316198497908	-0.2621158290213487	-0.1498268804620041	-0.166812403506231	0.3370775512603462	0.36023786584542655
DKI Micro ADE	2.31784614202852	0.0	0.2069650077744777	0.4760373966312707	0.04952173430726978	0.5897605827593183	0.15645018062331942	0.33896636718519263	0.3513219699037769	0.5897605824825958	2.31784614202852	0.04835831594634758	0.04952173430726978	0.3599110887364519	0.5897605827593183	0.30627627674395835	0.3084889584248515	0.18781622235770332	0.15645018062331942	0.3089419714835456	-0.34073446980279565	0.3549416004129385	0.41624049428978654	-0.5310780598354466	0.1691786207009627	1.7912478609453473	0.3511676900543121	0.008437767464706085	0.44065796700057763	0.22766937915516328	0.10302565524789467	0.13893418457411386	0.3772007858033261	0.11066416411407352	0.04756908792498429	0.5210740760168835	-0.09246546711111346	0.5107097653796486	-0.07557488337032453	0.233845153407672	1.200233686423209	0.253609782799411	-0.8508354380671789	-0.2994526458781696	0.19426623883215324	-1.1690331022984646	0.9471323915916267	0.5847349341869774	0.8103372506190198	0.7067623600557013	0.6958408054122995	-0.030732107756595687	-0.0813703236351392	-1.4115564107524763	1.909234616928112	-0.03892323076513974	0.34047528168692	0.3091838415955617	0.11949636839128214	1.0004359555538367	-0.055740969914936336	0.3100476230618599	0.2747597319627977	0.016600190896382407	-0.0597438880120167	0.05041312730626557	-0.04006780621558155	0.0486953154149597	0.046424645401391434	-0.25837311176016037	0.11224361050301368	0.08521178597909052	0.31118180163209186	0.266258167671096	0.05636337915969058	0.05651853587239398	0.01732874011413179	-0.0661623811005541	0.01732874037223364	-0.06616238032170428	-0.19621465966748708	-0.21363338305638999	0.1353997537593804	0.13671186640977737	0.13223130220452028	0.13342559467838397	-0.1496141209896955	-0.13379209466428565	-0.27824571267527204	-0.29833056646546396	0.06842023237190399	0.0418594531278958	0.5148787124146874	0.5234908594027085	-0.27348338481587353	-0.2939018288358415	-0.1793506790008607	-0.1941902727050068	0.36533148582661146	0.39091352422827963	-0.2741567764166899	-0.29450094806274424	-0.1814190228500072	-0.20015717440959846	0.363063984212087	0.38588702319773904
DKI Micro AWF	0.06715050266963164	0.20696500777447768	0.0	0.7597156271425195	0.724566201237472	-0.574322717342005	-1.0411198999453937	-0.6676986029537151	1.0727613357949364	-0.5743227176589316	0.06715050266963164	0.7538051178424752	0.724566201237472	1.0146223313274092	-0.574322717342005	1.534484008207086	1.5317090865207021	0.8021479262367124	-1.0411198999453937	1.4933553143834501	-1.114937626688814	1.1886579943762567	1.186009825294657	-0.0016964245751776485	1.1022949343278043	0.015585211185932158	1.2139925142333619	-0.014506052706375505	-0.7286765668767916	-0.8839672072002975	-1.1864061430153496	-1.100558451428567	-0.6448333619353833	-0.044146396968557475	-0.07925481810026483	-0.5204778962539961	0.2922723281230791	-0.48084339739543513	1.3812711811267453	1.06853097135886	-0.04124595123154215	0.08555431671733232	-0.5902693196227969	-1.0511432536005143	0.2736422172368057	0.04916928451949242	0.7873563173461077	-0.008963765101021553	0.914972581629318	1.1475543268876556	1.1488053426777516	1.4447393877037706	1.3889085461123143	0.05882933862797402	0.04308170972106599	-0.5485035390426087	1.2250482801892362	1.2245076534021466	-1.1271350756314698	-0.14507341610255756	-0.5723623541620777	1.2436987112320672	1.218065137463808	-1.383692883504223	0.7842656401937442	1.1561697002334945	0.9731981312730262	1.2058485289860166	1.2105677981970648	0.6743425527907693	0.5017805815706018	0.4079124438485982	0.1889565429437964	0.10081202550403374	1.22953412317306	1.2148169936277466	1.154877051990289	1.0444779020452062	1.1548770529154415	1.0444779033458118	-0.9131235356833838	-0.6947144305969033	1.0241925454364622	1.0270459328555614	0.9732823354941602	0.9756124976407003	-0.12907304028531252	-0.10884982229640341	-0.2128184750794414	-0.21206386941205618	-0.06463158765547519	-0.09653763023829041	0.18300550628247492	0.1525999977843537	-0.21837866398262587	-0.21911508304228478	-0.2569814513332011	-0.2604266939020475	0.1415038313074506	0.1366857381172529	-0.21952962217756017	-0.22007045491207886	-0.26397649381732075	-0.2688418342733212	0.13825239939030937	0.13344644119535531
DKI Micro AxonalD	0.3594952428657315	0.4760373966312707	0.7597156271425195	0.0	0.9490254659857836	-0.25631566283260176	-0.5858717330695312	-0.43593581561199335	1.028783406366444	-0.2563156625931687	0.3594952428657315	0.1419831508494554	0.9490254659857836	0.9052359374780377	-0.25631566283260176	0.451813149411647	0.44699928830674124	0.714181441141997	-0.5858717330695312	0.5169840513294433	-1.001590782142039	1.0429773098870858	1.1071826741027362	-0.20689522517187967	0.7990742222249704	0.3228571952140375	1.0500988700155158	-0.005289517737676752	-0.3401702253416704	-0.4732362399957759	-0.6450857111661628	-0.5941701393619967	-0.2986780108742454	-0.0455264655815146	0.012397271411983778	-0.18738012685330532	0.17983639384822034	-0.2030275187531549	0.5542983943298684	0.6923505254600936	0.19938836751835043	0.5678859439434434	-0.9153071490144875	-0.8629317666605029	0.6937449832637049	-0.1929008547712745	0.5968822363594952	-0.11683113326588714	0.597362942067423	0.9413589918586843	0.9423933219446671	0.6626513856786752	0.5922412013303137	-0.2792629760768732	0.3296036182517458	-0.35263277717233477	1.0004566771011414	0.9338961950446039	-0.6188902119066193	0.22041517471502176	-0.3636530293379259	0.9781140914797174	0.919079755595178	-0.6684436109773048	0.30514658497929503	0.5908831622418668	0.5040179316121928	0.601432363852102	0.5662405457642359	0.23325254624252734	0.30067581374035807	0.24456748061866648	0.2143268330278037	0.1492181987266168	0.6095918312668072	0.5919250114847798	0.575963547197571	0.49217369413748796	0.5759635474985675	0.4921736947504601	-0.5819269200331852	-0.5498758319923749	0.5628607379828883	0.5558180033200151	0.5470900475958194	0.5400378140421596	-0.14000502936512685	-0.12025325095980081	-0.23480131297575485	-0.24189252054041124	-0.010504328051426093	-0.036483004513127526	0.2878356343861727	0.2718797881888018	-0.23226383755817093	-0.24029419377444153	-0.20886913834550078	-0.21391100973284888	0.22321100290778315	0.22997934254062366	-0.23187306119290324	-0.23926531348425958	-0.21919756000928783	-0.22939443121771094	0.2122602075134653	0.21527708110225102
DKI Micro KFA	-0.03430055414619634	0.04952173430726978	0.724566201237472	0.9490254659857839	0.0	-0.6433791320795429	-0.9598656393943312	-0.947058423631465	1.1009916057285751	-0.6433791319043382	-0.03430055414619634	0.25999051758438724	4.9517187756431005	0.9078619164586109	-0.6433791320795429	0.37669336745007964	0.4158463813033435	0.7043454108625689	-0.9598656393943312	0.3893341944007655	-0.9779838547143701	1.0353502151038805	0.8348226331759823	-0.007652434178766707	0.7386990840540847	-0.050467555566730875	0.9940207494629124	-0.010886000260661742	-0.6737178732840193	-0.800639429025039	-0.9493688045698107	-0.908551709487361	-0.5997273566185606	-0.03174508395147964	-0.08721819793753947	-0.4545646427990066	0.22012903123007177	-0.5080792016876975	0.7879407081470831	0.6369026825251564	-0.18027487911483395	0.5410543444689075	-0.4402888424488438	-0.7531784443796249	0.7515212330373199	0.1822417770559449	0.2350612832592577	-0.3062411194614143	0.23513333798575567	0.5715265974440614	0.5787699488582577	0.8755661412763914	0.83170743895327	0.10254550443933058	-0.06342277185822892	-0.47397433375904524	0.9703703547404523	0.8864625994818578	-0.9694496954961472	-0.1300038500313527	-0.47732404457273936	0.8141047305921958	0.7767943274986752	-0.8983536326637949	0.3327638522112346	0.6354576705366705	0.6186459208139734	0.6509599098659041	0.6143016073848537	0.4051224224064089	0.3213875265666338	0.2701222591933578	0.1232330084021344	0.06949075204041172	0.6668051786639517	0.6458260306262409	0.6689879573460532	0.6189593526291518	0.6689879575423181	0.6189593533100551	-0.47188550173510935	-0.4172827140790691	0.5896402808067672	0.5808135440920246	0.5750626776073341	0.5660986870090075	-0.0950877237383412	-0.07930708929453185	-0.16061219673443347	-0.1608529826781662	-0.04137003283071543	-0.06077236514562011	0.12663202472512736	0.10633550964009109	-0.15945557954779088	-0.16063495330200486	-0.16652923171545284	-0.16640838205619946	0.11393759750225037	0.110979956764681	-0.15850762092381085	-0.15896927734227181	-0.1804525110736717	-0.18621692243438623	0.09989705723817742	0.09297247157524673
DKI Micro MD	0.7596976346918399	0.5897605827593183	-0.574322717342005	-0.25631566283260176	-0.643379132079543	0.0	1.2795816237897564	1.4577968615765284	-0.49407025826129664	4.9517187756431005	0.7596976346918399	-0.3245077880833127	-0.643379132079543	-0.45547124414717394	4.9517187756431005	-0.38282913589839257	-0.3969079502176205	-0.46293804543821454	1.2795816237897564	-0.396028796478573	0.5181679421939384	-0.515485575822457	-0.43002956262662745	-0.32039369129062306	-0.5713746295650034	0.7795339647661731	-0.5177393396779775	0.013411760614215451	1.8127194222471739	1.2036045603727585	1.1119573295070158	1.1812106458708578	1.0025303552925047	0.1038229551908963	0.08767213406172199	1.0457674844469276	-0.25334913829650746	0.9060474112061668	-1.0292915185508655	-0.5732504524451227	0.6927054530640121	-0.02498427659958693	0.05956094911668242	0.46949803432488824	-0.21159883095319987	-0.6800560173342675	0.04128601769008423	0.4750208062581237	-0.03611328419022603	-0.23147664037807425	-0.23892037999009536	-0.9546113462160917	-1.0535611751547462	-0.7821234570568311	0.7598319919429778	0.3986233453308387	-0.5262738156855021	-0.5337908096724854	1.1923703943560693	0.7472434909818759	0.3959786551566759	-0.5304892291887351	-0.541963014043947	0.9617133892626009	-0.5643874701323044	-0.6756457876789248	-0.7041360484897209	-0.6959835447876204	-0.6869308956944652	-0.7449327013081323	-0.3037305935468348	-0.256003976449469	0.03595653056148548	0.07797625022870222	-0.6924879262956605	-0.6835515542131455	-0.7272922547224613	-0.7743443443685273	-0.7272922547338965	-0.7743443439128577	0.44202775449111753	0.33125652545467477	-0.5585339119400915	-0.5563054454164928	-0.5380387063721381	-0.5358677768659512	-0.009770825565243588	-0.013662981147896693	-0.017864829690216473	-0.029942844992134246	0.06895544311213524	0.08083241649929931	0.15445158786176913	0.1858546349954072	-0.011561329909835896	-0.02302019347194843	0.06681445149891692	0.06269434035845223	0.11650931539877876	0.13654801616949896	-0.011093792584473905	-0.022625564908524694	0.07091705241776151	0.06580228613566776	0.11815342714286486	0.13710879605641746
DKI Micro RD	0.2807286470122076	0.15645018062331942	-1.0411198999453937	-0.5858717330695312	-0.9598656393943314	1.2795816237897564	0.0	1.7786723467696006	-0.9961409099923922	1.2795816241500768	0.2807286470122076	-0.4010443804025451	-0.9598656393943314	-0.9498686806258078	1.2795816237897564	-0.7448156654764125	-0.7557037166819079	-0.6640521486149011	4.9517187756431005	-0.793033707908597	0.996530449620679	-1.0360370287793856	-0.9043666950935104	-0.18527058740493726	-1.0202924379457843	0.3013270454285346	-1.0345060693907866	0.01878853449562797	1.3823347211063293	1.7828339134645892	2.04231868576048	2.2673762895500555	1.0257202728866996	0.0669497588937411	0.09895652934812017	0.878592039211257	-0.313693258135596	0.8342599391351565	-1.6194643470669894	-0.8879108039830395	0.3835165362707435	-0.07259311063749035	0.4295512982526079	0.9550870966867818	-0.287230307543008	-0.37671727203224487	-0.30797304877743675	0.38657557930937486	-0.40302469770751964	-0.6561506747124608	-0.6644125228343124	-1.7424694303803	-1.764378114986264	-0.3171722683860338	0.28152919677250704	0.5151799521507057	-1.0484652273817796	-1.042405253252257	2.72283430369442	0.3392622265387367	0.5242131139272518	-1.0356686110600763	-1.0308927844424858	1.8174275627834973	-0.7473988615130681	-1.0621524611931052	-1.016571933275506	-1.109847926857526	-1.086789633862557	-0.7842577993106346	-0.43302103048550944	-0.3515770743776033	-0.08251484302422482	-0.008571948509588583	-1.1147373816303519	-1.0928365871504782	-1.105398129804213	-1.0768832997995874	-1.1053981298671285	-1.0768833008389633	0.7572044499614357	0.5856507963489694	-0.8770307106632961	-0.8749513885513688	-0.8337953052947944	-0.831553876279519	0.10485279627314509	0.08832848146646985	0.14564739119700865	0.1400503814893525	0.10205421763486952	0.1302812289870378	-0.03682860956504525	-0.0024802921751581053	0.1520510656739887	0.14694848592904705	0.21996357124912014	0.22235954352388057	-0.04424184978665758	-0.02986343254899745	0.1528256880663054	0.14753847641739187	0.2263484482160538	0.22921238868164254	-0.04149872919147213	-0.027623072661397758
DKI Micro RDE	0.43855812275191364	0.33896636718519263	-0.6676986029537152	-0.43593581561199335	-0.947058423631465	1.4577968615765284	1.7786723467696006	0.0	-0.7652603103965432	1.4577968606975824	0.43855812275191364	-0.21355285910382982	-0.947058423631465	-0.7291324999787601	1.4577968615765284	-0.41934799278574086	-0.42718974220947065	-0.4791553648384358	1.7786723467696006	-0.4698801933028653	0.7203366967239101	-0.7555864312063405	-0.633333534154907	-0.2588154841828685	-0.7590625828585893	0.44152272481635496	-0.7495339589729263	0.017664456503352823	1.3563875692818614	1.6031313332332482	1.3590884145814455	1.5189819364688504	0.9808922031018086	0.07270931714365426	0.1034639593551056	0.9008529958028476	-0.2790227658301624	0.8697629581574923	-1.0892742196273337	-0.6286061979583901	0.5697609298970817	-0.07023433216918595	0.25436115886272237	0.7011632914268602	-0.2679073796643324	-0.5594923511220119	-0.045020011462894576	0.5737666552941154	-0.12833029681397748	-0.37810810446262927	-0.3878809861458038	-1.1591987649050246	-1.1710208646528837	-0.42428018296673464	0.4292441580265184	0.4186227567079514	-0.7579214934453637	-0.7506776682427994	1.577184253848653	0.3867046079836935	0.41750796591038597	-0.7349574848250189	-0.7367862680930262	1.182596900097529	-0.5618631688103072	-0.7646839967553551	-0.7885058285381106	-0.7905933508506805	-0.7592011797551893	-0.686653315782093	-0.333086750472382	-0.27584643527389335	-0.013422856973197348	0.03836933758846436	-0.7893235551712212	-0.7697870965121714	-0.8115026207896865	-0.8263036345448017	-0.8115026206437356	-0.8263036349092547	0.5166280930261079	0.4187951759854921	-0.6319623322104791	-0.6265193624306182	-0.6065920281795799	-0.6011159188563109	0.0589546616508738	0.048719702862313356	0.06578473987041787	0.05788387750011006	0.08952846354253713	0.10758888903737344	0.06107172640660837	0.09051971936500006	0.07050645069434518	0.06259272893810837	0.14160503578682807	0.1400605097683655	0.033608235429264804	0.049844661840860324	0.07060437763032107	0.062470332150476274	0.1477690167719511	0.14655659349673214	0.037579406755519	0.053500427798447055
DKI Micro Tortuosity	0.2367170971483848	0.3513219699037769	1.0727613357949364	1.028783406366444	1.1009916057285751	-0.49407025826129664	-0.9961409099923922	-0.7652603103965432	0.0	-0.49407025822445	0.2367170971483848	0.37726640712091336	1.1009916057285751	2.0145024998682657	-0.49407025826129664	0.761954984630468	0.8114325762809623	0.8673379010251886	-0.9961409099923922	0.8021528097508663	-1.6728421614606277	2.348105475587158	1.6341212459468237	-0.12711086101024838	1.0761299789036285	0.20529782094120283	1.9568149776819839	-0.009462639761041865	-0.5830329528366255	-0.8118107932448259	-1.029401173177174	-0.9667611412397187	-0.5316865016330148	0.016951340507271297	-0.09933290026819522	-0.3803510055833344	0.2446667972616571	-0.38585887631278665	1.00160527424924	1.0523815520602182	0.04204125663272381	0.34858871956561477	-0.9079178390982551	-1.2754602163237976	0.5338814311703303	-0.03700734461893713	0.7018942934554887	-0.07418540401008158	0.7278498772677853	1.216631801616857	1.2379710668859858	1.1104117678649827	0.9981331721432091	-0.13118320156558602	0.210997530865112	-0.545638512467404	1.9551889353573706	1.5967233994866106	-1.0424053184927635	0.047988157046946193	-0.5619178590727593	1.4926722153366219	1.3177031810196127	-1.1542866039872175	0.5241478930188519	0.8657430355966159	0.7452997682052565	0.8895217698988442	0.8627218505978933	0.470041799602256	0.43735969869427066	0.35866543048606686	0.21915553951191538	0.13894137955669011	0.9218467991167469	0.9026185746143758	0.8797333213310854	0.7670388541849164	0.8797333216122268	0.767038855296476	-0.7564375947993449	-0.6381992630422172	0.8367385916279042	0.8319916714368863	0.8053587633621826	0.800552531381412	-0.13860379642211842	-0.11804845879648469	-0.23657033578969675	-0.2413606629913063	-0.02987102897500373	-0.06226315279111541	0.25857943911322073	0.2321058745042921	-0.2372806503964467	-0.243299357397802	-0.23546404837242624	-0.24165808292515015	0.20073915812764273	0.2016580903354593	-0.23759066297554648	-0.24319867442763832	-0.24733696291817076	-0.2587873985420756	0.18992724953464718	0.18767180018223548
DKI Micro Trace	0.7596976345134927	0.5897605824825958	-0.5743227176589315	-0.2563156625931687	-0.6433791319043382	4.9517187756431005	1.2795816241500768	1.4577968606975824	-0.49407025822445	0.0	0.7596976345134927	-0.32450778889168547	-0.6433791319043382	-0.45547124413687956	4.9517187756431005	-0.3828291363818884	-0.3969079508325837	-0.4629380454316721	1.2795816241500768	-0.3960287968199857	0.5181679422299962	-0.5154855758144194	-0.4300295626150296	-0.32039369152597147	-0.5713746296978055	0.7795339646583586	-0.5177393396316661	0.013411761251588626	1.8127194231826858	1.203604561027437	1.1119573298336756	1.1812106463557177	1.0025303558920478	0.10382295482092542	0.08767213402780616	1.0457674852777037	-0.2533491386574463	0.9060474100864373	-1.0292915194139125	-0.5732504530621537	0.6927054521552904	-0.02498427617131239	0.059560949147409926	0.4694980342715317	-0.2115988306234007	-0.6800560164285174	0.04128601700604412	0.4750208055641833	-0.03611328474648509	-0.23147664055696335	-0.23892038017909628	-0.9546113466934567	-1.053561175849225	-0.782123457141915	0.7598319918139002	0.39862334522351417	-0.526273815713838	-0.5337908098296983	1.1923703948697295	0.7472434914742488	0.395978655085044	-0.5304892291946348	-0.5419630141682172	0.9617133898463883	-0.5643874706531667	-0.6756457882691048	-0.7041360487504236	-0.6959835451344116	-0.6869308960296313	-0.744932700925245	-0.3037305936784754	-0.2560039763561283	0.03595653039385274	0.07797625029194069	-0.6924879266955369	-0.6835515545020135	-0.7272922550584703	-0.7743443447410254	-0.7272922550699061	-0.7743443442853543	0.44202775472120376	0.331256525896241	-0.5585339122655701	-0.5563054455744388	-0.538038706542638	-0.535867776861434	-0.009770825638670867	-0.013662981030617678	-0.017864829602511696	-0.029942844965090414	0.06895544303539879	0.08083241656080745	0.1544515877838262	0.18585463506801345	-0.01156132969441117	-0.023020193316792097	0.0668144514074842	0.06269434028221724	0.11650931505822673	0.13654801575282582	-0.011093792366481234	-0.022625564760031844	0.07091705228142	0.06580228601980329	0.11815342672708204	0.13710879563511133
DKI AD	4.9517187756431005	2.31784614202852	0.06715050266963164	0.3594952428657315	-0.03430055414619634	0.7596976346918399	0.2807286470122076	0.43855812275191364	0.2367170971483848	0.7596976345134927	0.0	-0.06365254491708046	-0.03430055414619634	0.25809399898215396	0.7596976346918399	0.1717919560969852	0.16872313765740257	0.06366174546356916	0.2807286470122076	0.1853812506175813	-0.20909200385737223	0.22888617296675948	0.28982647420609264	-0.5060184707116014	0.07302014089055392	2.1935473646275643	0.22624558013048476	0.009366519911613518	0.5940462993746224	0.33484041670551484	0.23292487129222172	0.2624532753730335	0.48619303359906463	0.11724714324201893	0.057221655115585794	0.6347876565890171	-0.1272360710738922	0.6096132474281483	-0.22169711762537184	0.08317633329231057	1.1821316039956076	0.20382754900849231	-0.7140966629504523	-0.20661516617263923	0.12055360550269656	-1.151216953839796	0.7352368637013119	0.537977784380923	0.6320693345253701	0.5322530576990075	0.5235128541403434	-0.160019135207522	-0.223419791308695	-1.726882840198219	2.447830574238243	0.04913369823847207	0.21568487044307985	0.18893766087654135	0.24667165582361203	1.2170510629178626	0.03499039458346541	0.1889769936706642	0.1587288806445948	0.1495934090063778	-0.157832074955796	-0.0692294298499341	-0.14965152346832167	-0.07315851105386943	-0.07716089870565201	-0.35899703758628754	0.032769878869498836	0.01846979432849763	0.2687092239753074	0.23967831455157929	-0.06660206438894643	-0.06647584009887482	-0.10466561842744261	-0.18375896062785368	-0.10466561821778443	-0.18375895990356328	-0.08238480766737369	-0.12031497792729277	0.01236925371744424	0.01321854759270355	0.01248469740864544	0.013225600816995406	-0.13968973131677537	-0.12608179141505943	-0.2475092710589913	-0.26724357532278115	0.06544247304184656	0.04456666820716914	0.4700761044704344	0.48471627060966654	-0.2422205557999388	-0.26173907153308845	-0.14941885049199496	-0.16313113402889617	0.33809917889123337	0.363616455729946	-0.24265316198497908	-0.2621158290213487	-0.1498268804620041	-0.166812403506231	0.3370775512603462	0.36023786584542655
DKI AK	-0.06365254491708044	0.04835831594634759	0.7538051178424752	0.1419831508494554	0.2599905175843872	-0.3245077880833127	-0.4010443804025451	-0.21355285910382982	0.37726640712091336	-0.32450778889168547	-0.06365254491708044	0.0	0.2599905175843872	0.3239929150315326	-0.3245077880833127	0.8569929546053682	0.9303269901992316	0.4817063113637446	-0.4010443804025451	0.6573828314226431	-0.4076622678059963	0.405277741705232	0.3296831192319496	-0.0528099303550202	0.3130782913491101	-0.12791253776101177	0.39161536476406683	-0.007367212066353823	-0.411609021780843	-0.3221681814645072	-0.47103679940752663	-0.42323857442756657	-0.36697464377914907	0.015647359907846298	-0.09177332046413364	-0.2968999640681243	0.08815472131958463	-0.23697087442349937	0.6277867294749052	0.48015196173344743	-0.016159323786270205	-0.005537784283795811	-0.05620409271085636	-0.2650479489694011	0.1052485860523383	0.022305240269835717	0.4976271580962464	0.33663122436908743	0.4618157262873627	0.4446216042704718	0.43884856336292927	0.5182872766840989	0.5810407100495625	0.27366820131112246	-0.11363120974926422	-0.4406625185678948	0.4050497821738871	0.39803112985146427	-0.4396757802665993	-0.39808045251879437	-0.45872636603664513	0.3448216309959633	0.34273540521028223	-0.5129516827207857	0.45771834831579233	0.48327110269898804	0.4289696522806262	0.4968584211862023	0.5510306074584913	0.46044873235768263	0.32702998393403065	0.2817601162126414	0.10762984608203555	0.05908705613391561	0.5228781575507416	0.5402047984346031	0.5179422081645626	0.5037382427092143	0.5179422084279143	0.5037382430665732	-0.4212748611881997	-0.25840227195670773	0.520238681145477	0.5326086779955104	0.5095939144518489	0.5219742983531738	-0.022993026274301727	-0.01511009682720569	-0.09312746249026269	-0.09085696042164496	-0.026346127214590294	-0.041507963126032346	0.08488806573070502	0.06620770068715143	-0.0985305997638381	-0.0992579452013464	-0.11674816270603677	-0.11581909838660395	0.059064239460432676	0.05790254592197815	-0.09947987856280789	-0.1000819762401017	-0.12284899310497795	-0.1239193108649993	0.056149294474566375	0.05451383297915691
DKI KFA	-0.03430055414619634	0.04952173430726978	0.724566201237472	0.9490254659857839	4.9517187756431005	-0.6433791320795429	-0.9598656393943312	-0.947058423631465	1.1009916057285751	-0.6433791319043382	-0.03430055414619634	0.25999051758438724	0.0	0.9078619164586109	-0.6433791320795429	0.37669336745007964	0.4158463813033435	0.7043454108625689	-0.9598656393943312	0.3893341944007655	-0.9779838547143701	1.0353502151038805	0.8348226331759823	-0.007652434178766707	0.7386990840540847	-0.050467555566730875	0.9940207494629124	-0.010886000260661742	-0.6737178732840193	-0.800639429025039	-0.9493688045698107	-0.908551709487361	-0.5997273566185606	-0.03174508395147964	-0.08721819793753947	-0.4545646427990066	0.22012903123007177	-0.5080792016876975	0.7879407081470831	0.6369026825251564	-0.18027487911483395	0.5410543444689075	-0.4402888424488438	-0.7531784443796249	0.7515212330373199	0.1822417770559449	0.2350612832592577	-0.3062411194614143	0.23513333798575567	0.5715265974440614	0.5787699488582577	0.8755661412763914	0.83170743895327	0.10254550443933058	-0.06342277185822892	-0.47397433375904524	0.9703703547404523	0.8864625994818578	-0.9694496954961472	-0.1300038500313527	-0.47732404457273936	0.8141047305921958	0.7767943274986752	-0.8983536326637949	0.3327638522112346	0.6354576705366705	0.6186459208139734	0.6509599098659041	0.6143016073848537	0.4051224224064089	0.3213875265666338	0.2701222591933578	0.1232330084021344	0.06949075204041172	0.6668051786639517	0.6458260306262409	0.6689879573460532	0.6189593526291518	0.6689879575423181	0.6189593533100551	-0.47188550173510935	-0.4172827140790691	0.5896402808067672	0.5808135440920246	0.5750626776073341	0.5660986870090075	-0.0950877237383412	-0.07930708929453185	-0.16061219673443347	-0.1608529826781662	-0.04137003283071543	-0.06077236514562011	0.12663202472512736	0.10633550964009109	-0.15945557954779088	-0.16063495330200486	-0.16652923171545284	-0.16640838205619946	0.11393759750225037	0.110979956764681	-0.15850762092381085	-0.15896927734227181	-0.1804525110736717	-0.18621692243438623	0.09989705723817742	0.09297247157524673
DKI Linearity	0.25809399898215396	0.3599110887364519	1.014622331327409	0.9052359374780378	0.9078619164586108	-0.45547124414717394	-0.9498686806258078	-0.7291324999787601	2.0145024998682657	-0.45547124413687956	0.25809399898215396	0.32399291503153255	0.9078619164586108	0.0	-0.45547124414717394	0.7706175246001264	0.7976822758142614	0.6353434574888371	-0.9498686806258078	0.8483299177605239	-1.3222233513961703	1.751990179528493	1.5070281740510587	-0.09881491673062959	1.0785995857372201	0.22742504007166736	1.626270777574148	-0.010716523797219057	-0.5457742895917209	-0.8416214630487516	-0.9387724349304978	-0.9300390124188174	-0.5029017157029678	0.011426791249167706	-0.09061633004381732	-0.3769123570612249	0.2267091587714855	-0.360287642933286	0.9375801491055005	0.983369309971184	0.04516963245570626	0.22177166965804565	-0.9550202446021321	-1.3476430127548145	0.387686299587735	-0.04193428129636409	0.6924236294107936	-0.10685000925009941	0.7443654938094814	1.1656327542004723	1.1799885542495838	1.0659368365271347	0.9386094812278123	-0.17853806897759858	0.24083685142826255	-0.4914793509335595	1.6374729937109849	1.4602225554071244	-0.9894066786567722	0.1014110199593703	-0.5076176718890542	1.4427120015574597	1.3034394080902323	-1.1059778043570931	0.5314683074273139	0.8440121322029597	0.7157248101682214	0.8654387916405185	0.8453676563945575	0.45164374807204055	0.4132420139742711	0.33612848938180695	0.2049274412057006	0.1260850672174137	0.889862526813635	0.873716299750545	0.8396051887255155	0.7341108643384066	0.8396051888272857	0.7341108654192006	-0.7514077083854127	-0.6322406550012152	0.795285084794786	0.7920704410100651	0.7629849029972849	0.7597091724728248	-0.1422889634455938	-0.12208377724340817	-0.22966158682050503	-0.23349250868333574	-0.039682559764831093	-0.07216167524565577	0.24161023507491225	0.21492811234544404	-0.23177557604640878	-0.23654579696362532	-0.23772730940566517	-0.24480612490744338	0.18996055373835635	0.18905464203751748	-0.23248355076764082	-0.2370132005981017	-0.24701058821293614	-0.2579317857081429	0.18227645747116655	0.17921983435226205
DKI MD	0.7596976346918399	0.5897605827593183	-0.574322717342005	-0.25631566283260176	-0.643379132079543	4.9517187756431005	1.2795816237897564	1.4577968615765284	-0.49407025826129664	4.9517187756431005	0.7596976346918399	-0.3245077880833127	-0.643379132079543	-0.45547124414717394	0.0	-0.38282913589839257	-0.3969079502176205	-0.46293804543821454	1.2795816237897564	-0.396028796478573	0.5181679421939384	-0.515485575822457	-0.43002956262662745	-0.32039369129062306	-0.5713746295650034	0.7795339647661731	-0.5177393396779775	0.013411760614215451	1.8127194222471739	1.2036045603727585	1.1119573295070158	1.1812106458708578	1.0025303552925047	0.1038229551908963	0.08767213406172199	1.0457674844469276	-0.25334913829650746	0.9060474112061668	-1.0292915185508655	-0.5732504524451227	0.6927054530640121	-0.02498427659958693	0.05956094911668242	0.46949803432488824	-0.21159883095319987	-0.6800560173342675	0.04128601769008423	0.4750208062581237	-0.03611328419022603	-0.23147664037807425	-0.23892037999009536	-0.9546113462160917	-1.0535611751547462	-0.7821234570568311	0.7598319919429778	0.3986233453308387	-0.5262738156855021	-0.5337908096724854	1.1923703943560693	0.7472434909818759	0.3959786551566759	-0.5304892291887351	-0.541963014043947	0.9617133892626009	-0.5643874701323044	-0.6756457876789248	-0.7041360484897209	-0.6959835447876204	-0.6869308956944652	-0.7449327013081323	-0.3037305935468348	-0.256003976449469	0.03595653056148548	0.07797625022870222	-0.6924879262956605	-0.6835515542131455	-0.7272922547224613	-0.7743443443685273	-0.7272922547338965	-0.7743443439128577	0.44202775449111753	0.33125652545467477	-0.5585339119400915	-0.5563054454164928	-0.5380387063721381	-0.5358677768659512	-0.009770825565243588	-0.013662981147896693	-0.017864829690216473	-0.029942844992134246	0.06895544311213524	0.08083241649929931	0.15445158786176913	0.1858546349954072	-0.011561329909835896	-0.02302019347194843	0.06681445149891692	0.06269434035845223	0.11650931539877876	0.13654801616949896	-0.011093792584473905	-0.022625564908524694	0.07091705241776151	0.06580228613566776	0.11815342714286486	0.13710879605641746
DKI MK	0.17179195609698525	0.30627627674395835	1.534484008207086	0.451813149411647	0.37669336745007964	-0.38282913589839257	-0.7448156654764125	-0.41934799278574086	0.761954984630468	-0.3828291363818884	0.17179195609698525	0.8569929546053682	0.37669336745007964	0.7706175246001264	-0.38282913589839257	0.0	2.207690325683808	0.6211239951595007	-0.7448156654764125	1.9949861442100696	-0.8156874574344815	0.8605272793689075	0.8928919362075398	-0.010380233043663319	0.8695494125567332	0.10953307009640872	0.8843594076253999	-0.01287740060415491	-0.5385218341742708	-0.6581629726829552	-0.8513737707456929	-0.80717412396585	-0.49069045522285654	-0.005489352355796599	-0.07459554659743528	-0.3821982563897626	0.22568472424394292	-0.3141675196593943	1.0707350052405096	0.928456215234644	0.10396206056804741	-0.09246823881594003	-0.537348937458693	-0.8285680106961749	0.06823785945890859	-0.09420912411737889	0.9777008005503	0.1861114367246845	1.1623464077612309	1.0681383142835434	1.0569130159984492	1.0495086832885727	1.0431792272893574	-0.035856055594049585	0.1546518765387115	-0.44528960476259677	0.9019344743483274	0.925452279015591	-0.8059231411702598	-0.07514445586261373	-0.4723092998661574	0.9319362465473884	0.92800570146762	-1.00501081304549	0.7688717921468393	0.9811053005394796	0.8115822798141569	1.0156400972465596	1.0531991268854626	0.5866926110612908	0.46464036920393376	0.37463112605219323	0.19551156613289386	0.10724205262372276	1.0241934951332066	1.0274171195370292	0.9546727308900551	0.8680087256724874	0.9546727313001103	0.8680087268510409	-0.8466251694541512	-0.6261921748313655	0.8941171395987882	0.904318153241104	0.8495390566563763	0.8591172791725855	-0.13665478714485074	-0.11613494231679618	-0.22300255625534873	-0.22368830049105567	-0.06775358754440919	-0.10198762141796455	0.2101859752615254	0.18152342762541784	-0.23070916760961682	-0.23261771126820716	-0.26977487367689207	-0.2772624648907445	0.15976116556887732	0.1557293245086931	-0.23282012271499777	-0.23486899753091034	-0.2713216394063678	-0.27770884864465273	0.16295134554192456	0.16077508112890257
DKI MKT	0.1687231376574026	0.3084889584248515	1.5317090865207021	0.44699928830674124	0.4158463813033435	-0.3969079502176205	-0.7557037166819079	-0.42718974220947065	0.8114325762809623	-0.3969079508325837	0.1687231376574026	0.9303269901992316	0.4158463813033435	0.7976822758142614	-0.3969079502176205	2.207690325683808	0.0	0.6897603026440987	-0.7557037166819079	1.6092724810142698	-0.8737739769551731	0.9084080242509678	0.9012860147229073	-0.04842840844413076	0.8055781558914731	0.1118293459236035	0.9158547392069032	-0.01212500726784727	-0.536866655534752	-0.6336305628589819	-0.8577128902898103	-0.7938643082952811	-0.483469295103141	0.006903995363609309	-0.09272368902811352	-0.37570853242833346	0.22392502590503008	-0.31055114243990184	1.1342835653056167	0.9855238166128504	0.11354169471387512	-0.03854465213083237	-0.5225109481689739	-0.8054645171175244	0.12390951217731293	-0.10577829469976048	1.0224094268031143	0.2517219881365515	1.1523810830234238	1.0936575185446724	1.0867457354388028	1.0410528225256792	1.0583829584090638	-0.011338778042112354	0.1409749229887288	-0.5067952788001926	0.9354480833047737	0.9332518247765517	-0.8208262603288005	-0.1268084685076001	-0.5352217955667113	0.9281448396819435	0.9031763157955727	-1.040840799608899	0.7356900421206809	0.9450129875668891	0.7886894004086855	0.9777291114639923	1.0192900351747403	0.5817715530185156	0.48358330753747375	0.3931456182303234	0.21214256182907712	0.12371974667193696	0.9999060574417026	1.0056320783099355	0.9431765722448238	0.8543922521847466	0.9431765726471621	0.854392253289614	-0.8156505331402621	-0.5971607429163247	0.912462594475872	0.9233222284000899	0.8697693645409496	0.879899724045267	-0.12740957375627232	-0.1079625024274994	-0.22778384977280736	-0.22932206609915232	-0.055891189839412506	-0.08992904323158031	0.22912290314837952	0.20031674520059894	-0.2348181167440598	-0.23807603230709504	-0.26018596994214876	-0.2676535576081123	0.1753166081536711	0.17250173635642826	-0.2367362450433698	-0.24006266373950988	-0.26479924289685663	-0.27315133243055917	0.1753084597596501	0.17313617867536404
DKI Planarity	0.06366174546356916	0.18781622235770332	0.8021479262367124	0.7141814411419971	0.7043454108625689	-0.46293804543821454	-0.6640521486149011	-0.4791553648384358	0.8673379010251886	-0.4629380454316721	0.06366174546356916	0.4817063113637447	0.7043454108625689	0.6353434574888372	-0.46293804543821454	0.6211239951595006	0.6897603026440987	0.0	-0.6640521486149011	0.5823240427358877	-1.236233253016749	1.0231963653977267	0.9285513348563402	-0.14768730686989348	0.6814376069814435	0.024188297845765337	0.9958964291174432	-0.0007346910877606227	-0.5375305217067083	-0.44318336742294134	-0.8251382472317982	-0.6638503453917993	-0.4833811482919248	0.005535313455640955	-0.06876598675789015	-0.30333477290241945	0.23354440372616783	-0.3380879177683886	0.776507933845043	0.8024709156589972	0.024041593000621232	0.5096560713497583	-0.5385608174401478	-0.7026858548280878	0.6683296237321273	-0.02210425742859355	0.5560291905811792	0.08713218023523381	0.5494460096823628	0.8395272005689097	0.8415471446432007	0.7392343836264339	0.7471705706034225	0.05637726667508656	0.02442992912070451	-0.5133252587259984	0.9893758738211904	0.9025313032699196	-0.7063908963461695	-0.18444008478006932	-0.5271199959963252	0.8519112771053777	0.78011439696842	-0.7749841938338448	0.4531385437927343	0.654551209627712	0.5911796946251545	0.6721042888392281	0.6632224422869031	0.4333431406780602	0.37996234803606427	0.31866290134969993	0.17922401793803827	0.11431027323677613	0.7024316075284518	0.6947988296706524	0.6998216554844303	0.6348870245504837	0.6998216556778476	0.6348870249793647	-0.5831286797104035	-0.48528102679092183	0.6727402054992487	0.6715718897536843	0.6540540680288333	0.6528337511425428	-0.07202170794841135	-0.05885096568606363	-0.1651057252747175	-0.1681148224478043	-0.0007526585388042102	-0.027425282162815062	0.19810169417336493	0.17415726492032957	-0.1643889114868812	-0.16928123577290835	-0.15613965775165023	-0.1608099889525	0.14327275910078535	0.14392311823169218	-0.16428443618254046	-0.1687454586208664	-0.16869867150114837	-0.17903587332375873	0.13094602251434684	0.12756681900852399
DKI RD	0.2807286470122076	0.15645018062331942	-1.0411198999453937	-0.5858717330695312	-0.9598656393943314	1.2795816237897564	4.9517187756431005	1.7786723467696006	-0.9961409099923922	1.2795816241500768	0.2807286470122076	-0.4010443804025451	-0.9598656393943314	-0.9498686806258078	1.2795816237897564	-0.7448156654764125	-0.7557037166819079	-0.6640521486149011	0.0	-0.793033707908597	0.996530449620679	-1.0360370287793856	-0.9043666950935104	-0.18527058740493726	-1.0202924379457843	0.3013270454285346	-1.0345060693907866	0.01878853449562797	1.3823347211063293	1.7828339134645892	2.04231868576048	2.2673762895500555	1.0257202728866996	0.0669497588937411	0.09895652934812017	0.878592039211257	-0.313693258135596	0.8342599391351565	-1.6194643470669894	-0.8879108039830395	0.3835165362707435	-0.07259311063749035	0.4295512982526079	0.9550870966867818	-0.287230307543008	-0.37671727203224487	-0.30797304877743675	0.38657557930937486	-0.40302469770751964	-0.6561506747124608	-0.6644125228343124	-1.7424694303803	-1.764378114986264	-0.3171722683860338	0.28152919677250704	0.5151799521507057	-1.0484652273817796	-1.042405253252257	2.72283430369442	0.3392622265387367	0.5242131139272518	-1.0356686110600763	-1.0308927844424858	1.8174275627834973	-0.7473988615130681	-1.0621524611931052	-1.016571933275506	-1.109847926857526	-1.086789633862557	-0.7842577993106346	-0.43302103048550944	-0.3515770743776033	-0.08251484302422482	-0.008571948509588583	-1.1147373816303519	-1.0928365871504782	-1.105398129804213	-1.0768832997995874	-1.1053981298671285	-1.0768833008389633	0.7572044499614357	0.5856507963489694	-0.8770307106632961	-0.8749513885513688	-0.8337953052947944	-0.831553876279519	0.10485279627314509	0.08832848146646985	0.14564739119700865	0.1400503814893525	0.10205421763486952	0.1302812289870378	-0.03682860956504525	-0.0024802921751581053	0.1520510656739887	0.14694848592904705	0.21996357124912014	0.22235954352388057	-0.04424184978665758	-0.02986343254899745	0.1528256880663054	0.14753847641739187	0.2263484482160538	0.22921238868164254	-0.04149872919147213	-0.027623072661397758
DKI RK	0.1853812506175813	0.3089419714835456	1.4933553143834501	0.5169840513294433	0.3893341944007655	-0.396028796478573	-0.793033707908597	-0.4698801933028653	0.8021528097508663	-0.3960287968199857	0.1853812506175813	0.6573828314226431	0.3893341944007655	0.8483299177605239	-0.396028796478573	1.9949861442100696	1.6092724810142691	0.5823240427358877	-0.793033707908597	0.0	-0.8427903382696517	0.9120735616777214	1.020330030564245	0.023963815824161835	1.0419372695318745	0.12947417916490173	0.9561473984273884	-0.013705560485635777	-0.5503247762619927	-0.7249076683278579	-0.8867416221933069	-0.862063148493053	-0.5023951572789032	-0.01786762074830421	-0.056153011935587305	-0.3954276169579611	0.23864348113648634	-0.33434675977450756	1.0486906966239438	0.9309329766869094	0.07411137427398894	-0.12741095803361932	-0.6541911753016354	-0.9953694687797121	0.033495593922863054	-0.0637751799324222	0.9171682243488747	0.03194686567308706	1.1525347605995562	1.1390146667547345	1.1331251728102913	1.1280686182822586	1.0558439818834644	-0.08089127458037365	0.18540330635479021	-0.386454706109331	0.9734030720500706	1.0246633291125027	-0.8461498551220082	0.017258159946753546	-0.4106444028545221	1.0840242425539568	1.0910213994985212	-1.0406952188429985	0.7903412402300225	1.0350870226566895	0.843829873334737	1.0713393174072394	1.092085903468833	0.585773275660816	0.4405669368006524	0.3505036622285422	0.17761333487761816	0.08932353494542984	1.0639315935038225	1.0602221820178304	0.9807387065155325	0.8923567479896878	0.9807387069295845	0.8923567492050495	-0.8952160446538133	-0.6808143251613521	0.8780627815731537	0.8849686388730232	0.8299938706042486	0.8364560050265346	-0.1523126800510009	-0.13088790439694098	-0.21710800242421216	-0.21681044964066384	-0.07957968503712894	-0.1142102305943225	0.18981073161524306	0.16030436835323922	-0.22560020468713982	-0.2256446022322347	-0.2784511431014871	-0.2861786174095964	0.14316263962228723	0.1367973292363533	-0.22791271160907098	-0.2281917734908618	-0.27683980722941504	-0.2815657558473181	0.14930790672249802	0.14591796867956794
DKI Sphericity	-0.20909200385737223	-0.34073446980279565	-1.114937626688814	-1.001590782142039	-0.9779838547143704	0.5181679421939384	0.996530449620679	0.7203366967239101	-1.6728421614606277	0.5181679422299962	-0.20909200385737223	-0.4076622678059963	-0.9779838547143704	-1.3222233513961703	0.5181679421939384	-0.8156874574344815	-0.8737739769551731	-1.236233253016749	0.996530449620679	-0.8427903382696517	0.0	-2.1234355692989086	-1.6532977296292026	0.16397325301184	-1.04432427418445	-0.16993877966904394	-1.8944197067037225	0.004872620359855939	0.6226783350900212	0.750796886550532	1.1281381603287264	0.9859017875361072	0.5564453108683167	-0.011198415371555704	0.08977561744623921	0.3874013602204103	-0.2651587640467003	0.403091636161442	-1.0336163881127913	-1.1139420512508373	-0.07333896002358958	-0.41109742682009975	0.9305231258722572	1.2732182966063894	-0.6031230840091754	0.08041885116111548	-0.7555295600801056	0.023778760185749367	-0.7789216883879901	-1.3107506657588834	-1.319746605820601	-1.0924773129388652	-1.0172680320641394	0.12170594502402209	-0.17568638049254826	0.6056547108215113	-1.8839151453331342	-1.558617913164387	1.0639584820085042	0.02300656138486433	0.6249832302918551	-1.4610207019177375	-1.2851424065127641	1.229404602144695	-0.5566103265907306	-0.8885797209774818	-0.7653082718625034	-0.9160702055716063	-0.8912830876149855	-0.477585542378217	-0.4751056936275685	-0.3890589229365813	-0.2509484995042211	-0.16451642651710388	-0.9612561458666881	-0.9428309324995923	-0.922275129605326	-0.7962899428581309	-0.922275129969552	-0.7962899439075691	0.7866946821751976	0.656101263845559	-0.9029960590000062	-0.8995873619600985	-0.8648265512647306	-0.8612778180131034	0.13148814003796944	0.11319082359223998	0.2483610716414964	0.2539845321082811	0.014053132450571867	0.0520517862017163	-0.2900339846802851	-0.2591080178101424	0.24806022555443838	0.2552567284698749	0.23421532018624097	0.24459248617204737	-0.22075575503595915	-0.2202900694005006	0.24830656147178634	0.25514068708207166	0.2482635495625281	0.2653019971422526	-0.2080156918425273	-0.2033394868016827
DKI Tensor FA	0.22888617296675948	0.3549416004129385	1.1886579943762567	1.042977309887086	1.0353502151038805	-0.515485575822457	-1.0360370287793856	-0.7555864312063405	2.348105475587158	-0.5154855758144194	0.22888617296675948	0.405277741705232	1.0353502151038805	1.751990179528493	-0.515485575822457	0.8605272793689075	0.9084080242509678	1.0231963653977267	-1.0360370287793856	0.9120735616777211	-2.1234355692989086	0.0	1.9529959540653314	-0.1263025157973703	1.1793857822193496	0.19179200528406978	2.4294075904169747	-0.008187392908731288	-0.6198478883256547	-0.81959909393629	-1.1226517703963397	-1.0223961592738413	-0.5601802908432528	0.011296937034762465	-0.09078937464753772	-0.39933046592218696	0.26131088735752817	-0.4043478250099292	1.0841548486275623	1.1469170404956859	0.05132724269575814	0.34370490528268255	-0.97004889415896	-1.4063478546860517	0.5325806185276994	-0.04803147831584833	0.7678993253433031	-0.05854293633526208	0.8118605670367167	1.3838118192808775	1.3988524402841296	1.1969920300874672	1.0781585692245823	-0.12569848783072005	0.2024087945533523	-0.5622637482809183	2.4383630298537637	1.8267375799728744	-1.0973734085607738	0.026888800374086197	-0.580836401183804	1.716015355580726	1.4735891143223974	-1.2567349421119463	0.582530977536748	0.9474775584059705	0.8057122693876251	0.9765869468053467	0.9481509680688526	0.5045614964634869	0.46387075538796246	0.37816614201998766	0.2292335506560519	0.1434161054233866	1.0140700643870943	0.9923817362631037	0.9619680565831262	0.8327294194304229	0.9619680568756949	0.8327294205849213	-0.829096316419348	-0.6906037098811606	0.9092265954371538	0.9047237662235684	0.8706565450728344	0.8661184146961917	-0.1427117159368491	-0.12165519418792661	-0.24500710326080583	-0.2494392410418981	-0.03155855803912809	-0.06679484893373007	0.267787154666187	0.2384918205540079	-0.24604057943406207	-0.25178096040700304	-0.24717199647870042	-0.2546603564541898	0.20572209263259636	0.20550554575063748	-0.24654538439765433	-0.2519429261962306	-0.25878472462337243	-0.2712099919485224	0.19558079684706645	0.1923859970034079
DSIStudio GQI GFA	0.28982647420609264	0.41624049428978654	1.186009825294657	1.1071826741027362	0.8348226331759823	-0.43002956262662745	-0.9043666950935104	-0.633333534154907	1.6341212459468237	-0.4300295626150296	0.28982647420609264	0.3296831192319496	0.8348226331759823	1.5070281740510587	-0.43002956262662745	0.89289193620754	0.9012860147229073	0.9285513348563402	-0.9043666950935104	1.0203300305642453	-1.6532977296292026	1.9529959540653314	0.0	-0.1268734299707887	1.3381573116208676	0.2499124458558807	2.048650117407449	-0.010501679298331209	-0.5432321835851162	-0.7392768027365629	-1.001987844646211	-0.919885616814933	-0.4924663662957134	-0.003563839888839245	-0.06454370127415253	-0.34634919596102587	0.25866290526107605	-0.3503151928018118	0.9782223186059048	1.108587963545935	0.10088139789976137	0.28185859563226373	-1.1672269254738614	-1.636110748077997	0.44430529080817716	-0.09412125952763577	0.8305042416732294	-0.07900841441553232	0.9265851459114629	1.5887068508938171	1.6014013319425822	1.1232512947865774	0.9851189355155422	-0.20039863080715178	0.2739692384270975	-0.47929737733028904	2.00103185021139	1.7700392541115568	-0.9620517162521834	0.1213882240985138	-0.4980142915705057	2.171850028249658	1.7542261786742726	-1.1342948014554841	0.5913191069967172	0.9572632831347763	0.7898608435409024	0.9848200638169159	0.9517878016408199	0.47647393424402523	0.4342383747150783	0.3489573759993918	0.2219712415150498	0.13507722542266878	1.007706053422546	0.9855090315791721	0.9404292735742577	0.8122323153507748	0.940429273919559	0.8122323163545485	-0.8803410063427064	-0.7462768916699117	0.8705598533069696	0.866223508731404	0.8302563147318105	0.8259969363935153	-0.15033903506795548	-0.12838149776107602	-0.24155274567666413	-0.245422290187481	-0.03665587448599652	-0.07191130359848544	0.26370391385882225	0.2350130950797284	-0.2435194993623256	-0.2481665000503893	-0.2541833007972448	-0.26201923185768705	0.1981982214707547	0.19741321669207526	-0.24440685957330338	-0.24886621023454644	-0.2619086728186828	-0.2724893059462091	0.19206246266778124	0.18964018717448955
DSIStudio GQI ISO	-0.5060184707116014	-0.5310780598354466	-0.0016964245751776455	-0.20689522517187967	-0.007652434178766707	-0.32039369129062306	-0.18527058740493726	-0.2588154841828685	-0.12711086101024838	-0.32039369152597147	-0.5060184707116014	-0.0528099303550202	-0.007652434178766707	-0.09881491673062959	-0.32039369129062306	-0.010380233043663315	-0.04842840844413076	-0.14768730686989348	-0.18527058740493726	0.023963815824161835	0.16397325301184	-0.1263025157973703	-0.1268734299707887	0.0	0.2905990649091806	-0.4967550121692977	-0.11723091789254018	-0.024830167946102932	-0.2856491889845803	-0.25826831506741577	-0.149521506662772	-0.193254325303539	-0.2745530941938331	-0.09025802980470041	-0.013138331537639863	-0.3467327716462838	0.15957518090780695	-0.25498949616917194	0.13290125879583578	-0.08229152747041767	-0.47261066235404814	-0.3866663651697493	0.31478999509262695	0.014440994909217077	-0.317691115283466	0.4839858961652548	-0.35430521715115365	-0.4067384626329838	-0.24704602897218006	-0.2671374745695008	-0.26556408469318704	0.1579520613528884	0.16087087467805172	0.43096897519115734	-0.45947345188328176	0.7343020465072277	-0.10707728461773551	-0.07009883572126288	-0.1557438006375239	-0.27527112403380743	0.730646797163894	-0.05189690637459803	-0.021865900407132936	-0.09177204283084904	0.2511788457306301	0.22749705901765535	0.3349260487374933	0.21802433357558587	0.07163069208596025	0.07925320877671975	-0.08161911770546347	-0.07970934211496472	-0.1596879530927716	-0.15438691327696402	0.09397007732324943	0.03762700252218391	0.10241492520917445	0.13457525404224702	0.10241492474295452	0.13457525479082227	0.047291629890134475	-0.16646613393278933	-0.03754876369949726	-0.06708893996961754	-0.044413294980960645	-0.07405726436981092	-0.059424646803602724	-0.05486936608839327	0.05797503135386997	0.061754906590813174	-0.1176207104507287	-0.10752592983969567	-0.21610264946612534	-0.2086031587864744	0.06073070799791921	0.06706314142183405	-0.020818716043494587	-0.016422214917316325	-0.14122868031325927	-0.14597328238338766	0.060144910869673364	0.06584688732173724	-0.008915704882987313	0.004463779439785713	-0.1272726489169226	-0.12475230506295899
DSIStudio GQI QA	0.07302014089055392	0.1691786207009627	1.1022949343278043	0.7990742222249704	0.7386990840540847	-0.5713746295650034	-1.0202924379457843	-0.7590625828585893	1.0761299789036285	-0.5713746296978055	0.07302014089055392	0.3130782913491101	0.7386990840540847	1.0785995857372201	-0.5713746295650034	0.8695494125567332	0.8055781558914731	0.6814376069814435	-1.0202924379457843	1.0419372695318743	-1.04432427418445	1.1793857822193496	1.3381573116208676	0.2905990649091806	0.0	0.029055053904744402	1.2400595592158057	-0.025310491919810028	-0.7088285247803361	-0.9294589565445964	-1.113332484261476	-1.0899684845832918	-0.6330856543445971	-0.05101198142910523	-0.04525619693437426	-0.5134687710641734	0.29233451805619254	-0.4878493890275506	0.9895349547795214	0.8144645541817532	-0.0989854316421628	0.041873223890915995	-0.7705829757058972	-1.4106747045615813	0.19881459056555473	0.10974724031706905	0.5218919448126975	-0.2847227609203034	0.6772596535247093	0.9694451993926826	0.966408929388071	1.2592550496121868	1.0843977700632756	-0.03486500646411767	0.08218937957040709	-0.13281698342328507	1.2385132221302464	1.3026572155085068	-1.0460903684484408	0.05295174583482238	-0.14819167159565916	1.4564467429615575	1.4775692991722706	-1.0989259640114042	0.7465682045456139	1.18993569841176	1.0402694432457325	1.2188752736531532	1.0418546403903581	0.5402862525193601	0.35574590292671715	0.27593288735823535	0.11705845619285056	0.035956075166545504	1.1005521449088402	1.0256971267963555	1.0177613746375074	0.9205695883640849	1.0177613747778336	0.9205695900214803	-0.8683129186152516	-0.8577120461577261	0.7826732438818059	0.7615331119596298	0.7388035376782186	0.7186466940952247	-0.1774731908588895	-0.15178694070815615	-0.19650619824555568	-0.19624439442254812	-0.1031826077467457	-0.13395647764444643	0.1276665467341649	0.10214442962970888	-0.19963680203157916	-0.1983306369573918	-0.27370699772584295	-0.2795890242802662	0.09784895383741202	0.09140675513159957	-0.20110853815116259	-0.19997076060474736	-0.27093507118253113	-0.2719996517443229	0.1035090621252519	0.10059197789954087
DSIStudio Tensor AD	2.1935473646275643	1.7912478609453473	0.015585211185932157	0.3228571952140375	-0.050467555566730875	0.7795339647661731	0.3013270454285346	0.44152272481635496	0.20529782094120283	0.7795339646583586	2.1935473646275643	-0.12791253776101177	-0.050467555566730875	0.22742504007166736	0.7795339647661731	0.10953307009640872	0.1118293459236035	0.024188297845765337	0.3013270454285346	0.1294741791649017	-0.16993877966904394	0.19179200528406978	0.2499124458558807	-0.4967550121692977	0.029055053904744402	0.0	0.18744656595210502	0.004526115184683245	0.6871458968328111	0.38666394460366954	0.28444783926627737	0.3171966319193949	0.5256157011310243	0.13402175993233553	0.05530294135913934	0.7092307714288242	-0.1547576865427306	0.6577069420872518	-0.25509935884048623	0.041528933089852324	1.0962568997162405	0.19907408219847314	-0.6550921994588196	-0.1715273649197715	0.10932692210733065	-1.072669476675558	0.6605737354856491	0.5005076397194778	0.5587177458185087	0.47053743357274147	0.4662745902480989	-0.1962793689859785	-0.2626666751428313	-1.671789902069048	2.1388768640361544	0.07002685774251081	0.18102667650513185	0.1526580155779208	0.27085362996505746	1.242983376026218	0.057391045495903674	0.1536621523158539	0.12103333893938366	0.17876998470177127	-0.20623477139358704	-0.12027624813821343	-0.19582351470608547	-0.12496557996219178	-0.12657224904190176	-0.3951272234419911	-0.0016595481981523182	-0.010035002052152107	0.2416922599410593	0.22071578503989184	-0.118615541831128	-0.11725555804408272	-0.15550633718033138	-0.2315414415345779	-0.15550633695705218	-0.23154144083154862	-0.0343406401397307	-0.07475440650919253	-0.036982390286976086	-0.035706276517100885	-0.034922800707086886	-0.03375745960916086	-0.1381842046892976	-0.12578642011358698	-0.2365047079256561	-0.25561891316441954	0.056608027788199594	0.03955875733004887	0.44428216350186456	0.4610983186304262	-0.23144406665186668	-0.2502051804946808	-0.137129541393594	-0.14982503362920355	0.32985684989340647	0.3545146311902417	-0.23169734957060908	-0.2503657697109464	-0.13806564121814033	-0.15439780933742325	0.32791549921082186	0.3498931383531187
DSIStudio Tensor FA	0.22624558013048476	0.3511676900543121	1.2139925142333619	1.050098870015516	0.9940207494629124	-0.5177393396779775	-1.0345060693907866	-0.7495339589729263	1.9568149776819839	-0.5177393396316661	0.22624558013048476	0.39161536476406683	0.9940207494629124	1.626270777574148	-0.5177393396779775	0.8843594076253999	0.9158547392069032	0.9958964291174432	-1.0345060693907866	0.9561473984273884	-1.8944197067037225	2.4294075904169747	2.048650117407449	-0.11723091789254018	1.2400595592158057	0.18744656595210502	0.0	-0.009882960476174152	-0.6417520152371036	-0.8455479123238528	-1.1607022787836048	-1.0575940044419367	-0.5776714002426523	0.007586455761660244	-0.07499900352191734	-0.4039495286298502	0.23997925303678283	-0.42137739421168113	1.084440837215032	1.1273637406310035	0.04864873571448661	0.32556799545552123	-0.9854688557049744	-1.458555891834201	0.5117070810389655	-0.04393863184094632	0.7601146966862451	-0.07678318789701208	0.8237860027806605	1.4085041160376413	1.4180665494312155	1.223609253801383	1.0935505019510814	-0.13012187431375102	0.2056785869090157	-0.5476243712097397	2.452232203754956	1.8815367890949475	-1.102836599133676	0.038344832600240644	-0.5660329664783011	1.810434662396083	1.5513749662813778	-1.2569998683484647	0.6010467175445265	0.970010428047696	0.8223125495002523	1.0014064874406465	0.9735686108833518	0.519643651580547	0.4610897385524777	0.3743773487770435	0.22284521423486522	0.13630565301822198	1.0397596195899708	1.0187006841323185	0.9854350075935753	0.8578098498063436	0.9854350078808163	0.8578098510310253	-0.8476851364441664	-0.7016548550034429	0.9134495378399523	0.9098968814717786	0.8732172627314628	0.8696366228584373	-0.14346900503611296	-0.12197614331446445	-0.24119743291929369	-0.24519174287958606	-0.03722056236569798	-0.07237853970200295	0.25582414263754766	0.22643137113297548	-0.24288524302923292	-0.24802428198071072	-0.2508771014745765	-0.2579953144837046	0.196206703416578	0.19553749510875143	-0.2435022599667469	-0.24834778856217646	-0.26128430749415943	-0.27248331456435604	0.18752623828176404	0.18451101886701332
DSIStudio Tensor HA	0.009366519911613518	0.008437767464706085	-0.014506052706375505	-0.005289517737676753	-0.010886000260661742	0.013411760614215451	0.01878853449562797	0.017664456503352823	-0.009462639761041865	0.013411761251588626	0.009366519911613518	-0.007367212066353822	-0.010886000260661742	-0.010716523797219057	0.013411760614215451	-0.01287740060415491	-0.01212500726784727	-0.0007346910877606227	0.01878853449562797	-0.013705560485635777	0.004872620359855939	-0.008187392908731288	-0.010501679298331209	-0.024830167946102932	-0.025310491919810028	0.004526115184683245	-0.009882960476174152	0.0	0.010631862346201466	0.015970736267260754	0.01780936583835865	0.01754968450477565	0.01701666384259846	-0.066690196920729	-0.026327293987135982	0.010414401251201784	-0.007369500391760001	0.012152748895967264	-0.016578007849184295	-0.005494486614491238	0.013279514670926003	0.010109433554043944	0.002643537573398943	0.01535176602306844	0.008024941390301625	-0.014099051943766837	0.0016341282385205018	0.011694739968605842	-0.0020566562266479886	-0.004464978548599398	-0.004979880163625902	-0.020375847349065394	-0.01859689198358672	-0.008744397718422801	0.004728707688698815	-0.01733213639029356	-0.009073490677734993	-0.009943464878917178	0.017987368561994854	0.0037555809136177913	-0.01701450310625649	-0.010668634425862793	-0.011078736127272896	0.015763471439432793	-0.019309457257926776	-0.026882559217142478	-0.028996888187811966	-0.027700229235649427	-0.02370232024554617	-0.014964667260377106	-0.0009189361725614275	-0.0016949046189150211	0.008965573042944508	0.008071840744183906	-0.024301304744296235	-0.02240346516782845	-0.020959017524501213	-0.02206703254094582	-0.020959017128040807	-0.02206703212576244	0.021961168673924343	0.025789978381186657	-0.012963810105376701	-0.011976450918977196	-0.01370428791485953	-0.01259975467445271	-0.002230025778262401	-0.0034325540360489537	-0.0196411728457362	-0.019534016776158517	-0.0029039523296982487	-0.004070226044022163	0.024403823436369924	0.024462271621236306	-0.017069838302266202	-0.017179553838340814	-0.01170879609058497	-0.011897142300932488	0.0203469100529655	0.020966949554755625	-0.01689298921250867	-0.01717981584448975	-0.011438885735568706	-0.011473276101082487	0.020426079060068415	0.021344181036783736
DSIStudio Tensor MD	0.5940462993746224	0.44065796700057763	-0.7286765668767916	-0.3401702253416704	-0.6737178732840193	1.8127194222471739	1.3823347211063293	1.3563875692818614	-0.5830329528366255	1.8127194231826858	0.5940462993746224	-0.411609021780843	-0.6737178732840193	-0.5457742895917209	1.8127194222471739	-0.5385218341742708	-0.536866655534752	-0.5375305217067083	1.3823347211063293	-0.5503247762619927	0.6226783350900212	-0.6198478883256547	-0.5432321835851162	-0.2856491889845803	-0.7088285247803361	0.6871458968328111	-0.6417520152371036	0.010631862346201466	0.0	1.4726343551564889	1.382797585866705	1.5089991200360577	1.0926535699579356	0.11119094572899328	0.08669841759768417	1.0987099590853917	-0.2934292700019433	0.9575427934470633	-1.1616682650737402	-0.6627643516067019	0.5743814277401736	-0.016562136941525352	0.16312486369399692	0.5873058796103158	-0.21263748021121634	-0.5655434866122888	-0.07618817240846552	0.412577410446413	-0.1670783141472674	-0.3550912248518328	-0.3578567783566309	-1.1183716345093575	-1.224263408221949	-0.627595944762256	0.6007554944061636	0.43455877654002517	-0.6369013946753191	-0.6505487166218565	1.3259145389751674	0.630204913906943	0.4364820698977112	-0.6465265331616737	-0.6636148606394298	1.096505942902555	-0.6745712917246326	-0.8254796418800942	-0.8337009924754948	-0.8541573082464985	-0.839802667701554	-0.8032232809699432	-0.3623108046994155	-0.3004573249493555	-0.010723178673910816	0.045418313983799516	-0.8509907081220103	-0.8381249112471781	-0.8789732408903018	-0.9142210405385487	-0.8789732408295868	-0.9142210402809584	0.5654402227140833	0.4343341850080863	-0.6795634369935198	-0.677269953981152	-0.6508765501494018	-0.6486405337587396	0.018464178331660766	0.00998530459854844	0.028029882932682493	0.017924135789038672	0.07256703329887274	0.09186604536857812	0.09519756561152684	0.12893261312206214	0.034290752600890304	0.02482928472785572	0.11550936240000872	0.11371605880258737	0.07658948769557751	0.0945672295269628	0.03501716466492746	0.02550010177928399	0.11892095764871327	0.11557676777870404	0.07688412108567359	0.09326218598504787
DSIStudio Tensor RD1	0.33484041670551484	0.22766937915516328	-0.8839672072002975	-0.47323623999577596	-0.800639429025039	1.2036045603727585	1.7828339134645892	1.6031313332332482	-0.8118107932448259	1.203604561027437	0.33484041670551484	-0.3221681814645072	-0.800639429025039	-0.8416214630487516	1.2036045603727585	-0.6581629726829552	-0.6336305628589819	-0.44318336742294134	1.7828339134645892	-0.724907668327858	0.750796886550532	-0.81959909393629	-0.7392768027365629	-0.25826831506741577	-0.9294589565445964	0.38666394460366954	-0.8455479123238528	0.015970736267260754	1.4726343551564889	0.0	1.533532357715217	2.0296976062981402	1.0246444903707537	0.0919273908603156	0.0821206330599736	0.9705999273588364	-0.301522380116848	0.8839266253814059	-1.266225133183246	-0.7444948308897458	0.4536564651557999	0.06289844992340356	0.35508951581960174	0.8392687012379237	-0.14390379662734346	-0.4475906106794207	-0.20289448078668731	0.48368795056499087	-0.31593303476936874	-0.5152006388336962	-0.5187826712346109	-1.422205110379336	-1.4052660422935204	-0.334642406044255	0.32477431474564716	0.43088081027388725	-0.8420874626298989	-0.8595987007338735	1.7013356489907059	0.3189280766508461	0.4368853854851434	-0.8656775892601104	-0.8839383601837283	1.38822741387504	-0.7277850437436697	-0.9739075152676792	-0.9495533921116524	-1.0119175949719925	-0.9799123642561057	-0.7634557371141287	-0.39443240032982	-0.3201546493230602	-0.05343408110163561	0.014161757455605136	-1.0022993026846536	-0.9782233870480462	-0.9951627543769898	-0.9898829010742527	-0.9951627541450123	-0.9898829019356974	0.6850739893426133	0.5465216027610916	-0.7784652332444886	-0.7744303278727502	-0.7400217116976906	-0.7360214318238684	0.08741584336705804	0.07294658759537749	0.10481295755052111	0.09787048293125533	0.09809521359268486	0.12348639015796221	0.016458175178581485	0.049324981793397914	0.11086909912730053	0.1041093667495464	0.19025237164687175	0.19145829024627048	0.0033289707740870476	0.01879549888292384	0.11173277029949029	0.10491265071066007	0.19355047155200142	0.19327931604073034	0.0030969937676341894	0.016737189802964108
DSIStudio Tensor RD2	0.23292487129222172	0.10302565524789467	-1.1864061430153492	-0.6450857111661628	-0.9493688045698108	1.1119573295070158	2.04231868576048	1.3590884145814455	-1.029401173177174	1.1119573298336756	0.23292487129222172	-0.47103679940752663	-0.9493688045698108	-0.9387724349304978	1.1119573295070158	-0.8513737707456926	-0.8577128902898103	-0.8251382472317982	2.04231868576048	-0.8867416221933069	1.1281381603287264	-1.1226517703963397	-1.001987844646211	-0.149521506662772	-1.113332484261476	0.28444783926627737	-1.1607022787836048	0.01780936583835865	1.382797585866705	1.533532357715217	0.0	2.4232242526043963	1.046247011639451	0.06325575350233777	0.0995925357350655	0.8470170462744258	-0.33116585111327973	0.8421368514421023	-1.667107098314955	-0.9403148457365661	0.32557527699961153	-0.1292632302040366	0.4719435826759817	1.0216876646464113	-0.3447442707839735	-0.320517545664805	-0.37227119592698	0.31425773848524463	-0.4733652378243184	-0.7461758817113409	-0.749413838323218	-1.8513434075536574	-1.8562897180136	-0.28252403910792495	0.24116629797484856	0.5386177231207017	-1.1489007047630793	-1.1418178420372047	2.136486460013105	0.33347112136701146	0.5507318373123519	-1.1239514840536597	-1.1163265768143948	1.8660048303869095	-0.7970880616048366	-1.1606387154985	-1.086010018979593	-1.2194324630482525	-1.1901861971207686	-0.7947347169188649	-0.4582512213065223	-0.370641706980436	-0.10464414381006991	-0.025027132958177094	-1.2348692646347141	-1.2074839274735505	-1.2146309825213801	-1.1582518010033616	-1.2146309827544766	-1.158251802185953	0.8334001647050414	0.6450787183361604	-0.9528135571124048	-0.9505154351771647	-0.902627990676961	-0.9001810127290405	0.11251460208940596	0.09435078512493829	0.1645768946541559	0.16004154217992714	0.10054120973659184	0.13131169662313752	-0.06584013121903178	-0.03059095562234174	0.17059383916453313	0.16671414840804571	0.23711820624060045	0.24021328892233035	-0.06340710437256858	-0.050576073819873925	0.17136179733337714	0.16727656829986692	0.24419465639983728	0.24806142325271968	-0.06003236618648609	-0.04745838299957163
DSIStudio Tensor RD	0.2624532753730335	0.13893418457411386	-1.1005584514285667	-0.5941701393619967	-0.908551709487361	1.1812106458708578	2.2673762895500555	1.5189819364688504	-0.9667611412397187	1.1812106463557177	0.2624532753730335	-0.42323857442756657	-0.908551709487361	-0.9300390124188174	1.1812106458708578	-0.80717412396585	-0.7938643082952811	-0.6638503453917993	2.2673762895500555	-0.862063148493053	0.9859017875361072	-1.0223961592738413	-0.919885616814933	-0.193254325303539	-1.0899684845832918	0.3171966319193949	-1.0575940044419367	0.01754968450477565	1.5089991200360577	2.0296976062981402	2.4232242526043963	0.0	1.0718271608370966	0.07630927211182675	0.09151846723351928	0.9122004058151255	-0.32447631501661084	0.8743714172413466	-1.570222139289178	-0.8851800900993496	0.36719886443815086	-0.0497081618314064	0.4463988037239803	0.9843727661498334	-0.26301796187291715	-0.36190074811840095	-0.32241576709576786	0.37904792596055886	-0.43295442033745085	-0.6764015130200975	-0.679270342887832	-1.8007698969549273	-1.7880384658661648	-0.2926500769199481	0.2621663756785742	0.5009000577416338	-1.0499868505631336	-1.059693777283082	2.244898379968662	0.31707944646489056	0.5111813287216758	-1.0531023295078947	-1.0623225390047881	1.7581627129240447	-0.7968459969405551	-1.1356873913429777	-1.0745465759993058	-1.1904152495916536	-1.1565723476945988	-0.8028243305408259	-0.44375526344502836	-0.3583874665188806	-0.08964792826054216	-0.012189393820762725	-1.1912376032196685	-1.1628438993562507	-1.1733089986417895	-1.1362654642400232	-1.1733089987136465	-1.1362654654022841	0.8043678464004488	0.6274405069885075	-0.9119786626732849	-0.9089240471324063	-0.8637396141265206	-0.8606304972844618	0.10892651015548696	0.09128881850834672	0.1492396435829223	0.14390866376451764	0.1030098258037569	0.13293793054399755	-0.040696618771284124	-0.005761885755724321	0.15556059133983494	0.15064495036362055	0.22944521107424595	0.23226422655223908	-0.04262328086926141	-0.028685688654393512	0.1564402407526732	0.15138003425063906	0.23461172760127108	0.2370540652538687	-0.04125355766577643	-0.028376099523887564
DSIStudio Tensor TXX	0.48619303359906463	0.3772007858033261	-0.6448333619353833	-0.2986780108742454	-0.5997273566185606	1.0025303552925047	1.0257202728866996	0.9808922031018086	-0.5316865016330148	1.0025303558920478	0.48619303359906463	-0.36697464377914907	-0.5997273566185606	-0.5029017157029678	1.0025303552925047	-0.49069045522285654	-0.483469295103141	-0.4833811482919248	1.0257202728866996	-0.5023951572789032	0.5564453108683167	-0.5601802908432528	-0.4924663662957134	-0.2745530941938331	-0.6330856543445971	0.5256157011310243	-0.5776714002426523	0.01701666384259846	1.0926535699579356	1.0246444903707537	1.046247011639451	1.0718271608370966	0.0	0.09375933317228478	0.10334564588055105	0.5925897631099021	-0.2816588248763798	0.5475259441921784	-0.9093999353734952	-0.5396721220340667	0.5088932488401273	0.011659016205075673	0.14535109209590236	0.5490029022552181	-0.15887768310733907	-0.5009823847590641	-0.06559441466034283	0.37732805778750805	-0.14579377775492358	-0.3125615096769525	-0.3154215536835732	-0.9224021045694909	-0.9511334018850245	-0.49840575100932705	0.4767660696057183	0.36136481979959634	-0.5818799174692564	-0.5874202024257501	1.0174844761915314	0.5157910958664674	0.3655992635343029	-0.5676195718100853	-0.5704339148366837	0.9049131437317669	-0.5888867037664539	-0.7250745429351917	-0.6794180964960618	-0.735970219400277	-0.7361512701128927	-0.6301809572378949	-0.25113422347207637	-0.20444199258270435	0.05658555201046435	0.09750347701723085	-0.7172527527370481	-0.7082693343944232	-0.7174507723113949	-0.7318944156978516	-0.7174507723799971	-0.7318944160255392	0.5204471799788436	0.4115336499443695	-0.5437678986515659	-0.5417578157789047	-0.5222538739197304	-0.5205310153105048	0.08242273607641151	0.07532527738138596	0.07483498885145712	0.07000058661340225	0.15771532542385194	0.17117091768767673	0.09776029860053713	0.11973847603397383	0.08070587880146816	0.0763544483642501	0.1662427027305361	0.16808595032229784	0.0349090186493693	0.047409880440291395	0.0811888870758162	0.07670455235080606	0.16910906619695285	0.1703275864427296	0.03525655740930801	0.046608013697660045
DSIStudio Tensor TXY	0.11724714324201893	0.11066416411407352	-0.044146396968557475	-0.0455264655815146	-0.03174508395147964	0.1038229551908963	0.0669497588937411	0.07270931714365426	0.016951340507271297	0.10382295482092542	0.11724714324201893	0.0156473599078463	-0.03174508395147964	0.011426791249167706	0.1038229551908963	-0.005489352355796599	0.006903995363609309	0.005535313455640955	0.0669497588937411	-0.017867620748304208	-0.011198415371555704	0.011296937034762465	-0.003563839888839245	-0.09025802980470041	-0.05101198142910523	0.13402175993233553	0.007586455761660244	-0.066690196920729	0.11119094572899328	0.0919273908603156	0.06325575350233777	0.07630927211182675	0.09375933317228478	0.0	-0.06626897852607327	0.10057281532316172	-0.008955472635875365	0.09514072888673374	-0.04870947499179625	0.010694710850805042	0.11088853963622346	-0.002818662894794592	-0.04490525175840105	0.019459609779641413	-0.019594831645571034	-0.11010094294009408	0.06571282982280453	0.13955391912670126	0.032785532188324605	0.031502696169450464	0.0324885349570782	-0.055221652302889425	-0.06037301232634635	-0.10598008662992689	0.1375348076236995	0.0010490483027103129	0.033024427245809014	0.04131309372709679	0.059305347507130894	0.09095520884135272	-0.0005900914664671116	-0.004212728293603362	-0.007043752201323813	0.04767499190645557	-0.061388746258720206	-0.06566265467777274	-0.07529355557055342	-0.06479591863412953	-0.05558416240523076	-0.06577123687640364	-0.0121658910872909	-0.008504452578409163	0.0210620589746686	0.024372799325955232	-0.05541441427686877	-0.05126025923861565	-0.06437920127071317	-0.07655322494350092	-0.0643792014025797	-0.07655322507262052	0.031968468952746146	0.038772246898981205	-0.03316715913421909	-0.030709095222662873	-0.03102068436262489	-0.028698753407512233	7.418254943645997e-06	0.00013425163760269444	-0.0030160455036544347	-0.005072204024566863	0.02438296909041034	0.02549925616412667	0.03483756763857201	0.039048710045312865	-0.003934826283791218	-0.005891585686230545	0.016107132574921978	0.015356670423963877	0.027778845051866657	0.03107157304116062	-0.004151836202740468	-0.006117733869880856	0.0159516488196548	0.01537672840077813	0.02765160516880018	0.030860239377593707
DSIStudio Tensor TXZ	0.057221655115585794	0.04756908792498429	-0.07925481810026483	0.012397271411983778	-0.08721819793753947	0.08767213406172199	0.09895652934812017	0.1034639593551056	-0.09933290026819522	0.08767213402780616	0.057221655115585794	-0.09177332046413364	-0.08721819793753947	-0.09061633004381732	0.08767213406172199	-0.07459554659743527	-0.09272368902811352	-0.06876598675789015	0.09895652934812017	-0.0561530119355873	0.08977561744623921	-0.09078937464753772	-0.06454370127415253	-0.013138331537639863	-0.04525619693437426	0.05530294135913934	-0.07499900352191734	-0.026327293987135982	0.08669841759768417	0.0821206330599736	0.0995925357350655	0.09151846723351928	0.10334564588055105	-0.06626897852607327	0.0	0.06793158930192013	-0.13332144532556064	0.06893973376778678	-0.11337539082438344	-0.10837239320874886	0.061283003400442855	0.015188125708744237	0.004465771356173855	0.0654402850471469	-0.012354008308887382	-0.059342124835519997	-0.02548793771098379	-0.01248697983524948	-0.019203827544262232	-0.03894144963378356	-0.042452507138268536	-0.09631725557371668	-0.09861802481031018	-0.0691317224952898	0.05473634190966014	0.09228409622555413	-0.09483192785023639	-0.08803205196109082	0.09984345364516987	0.07598535113712193	0.09344474299878808	-0.08409783338924694	-0.08082106585504789	0.11428863226954249	-0.048121368521654065	-0.06712893459154154	-0.07384735405296702	-0.06930067187086675	-0.06602646144790753	-0.07242140082750294	-0.0650155296289684	-0.058571689416865	-0.017705062052123084	-0.011310132978765545	-0.07315207334285091	-0.07006605097590983	-0.0855581140066032	-0.08305412022421604	-0.08555811386260911	-0.08305411951665444	0.046319175505479177	0.03803303953768568	-0.08635360089977687	-0.08560231119093709	-0.08505333877354115	-0.0841679526773421	-0.01300819758321643	-0.012797158922725519	-0.01109650626842725	-0.014176773515342809	-0.011561525692055706	-0.01190772037113145	0.0076080916947408594	0.011832884711216038	-0.010669903008657234	-0.013331639323390002	-0.006460091806672033	-0.009949523646183235	0.013711529950781478	0.015656833640086062	-0.01074296335665516	-0.0133297381131165	-0.0019836741006175177	-0.003920467788840441	0.018180860904446355	0.021496062287393047
DSIStudio Tensor TYY	0.6347876565890171	0.5210740760168835	-0.5204778962539959	-0.18738012685330532	-0.4545646427990066	1.0457674844469276	0.878592039211257	0.9008529958028476	-0.3803510055833344	1.0457674852777037	0.6347876565890171	-0.2968999640681243	-0.4545646427990066	-0.3769123570612249	1.0457674844469276	-0.3821982563897626	-0.37570853242833346	-0.30333477290241945	0.878592039211257	-0.3954276169579611	0.3874013602204103	-0.39933046592218696	-0.34634919596102587	-0.3467327716462838	-0.5134687710641734	0.7092307714288242	-0.4039495286298502	0.010414401251201784	1.0987099590853917	0.9705999273588364	0.8470170462744258	0.9122004058151255	0.5925897631099021	0.10057281532316172	0.06793158930192013	0.0	-0.24230918574297702	0.5473905326696251	-0.7958766293995526	-0.44258631550981326	0.6251633826631164	0.12703701966666797	0.016992104713783804	0.40701910538511366	-0.04281639073534927	-0.6165723396061386	0.044416986937065556	0.4627310380212553	-0.05245818230503174	-0.17328199305822667	-0.17489872493495057	-0.7802863891059917	-0.8285523486829954	-0.6306712060182227	0.6469169844125513	0.30186381382726607	-0.40369261478557217	-0.4170496795558888	0.8470405024747302	0.5790431706374988	0.30157384041622914	-0.43868236458505444	-0.4573648357935338	0.7632140782510478	-0.5481997170808832	-0.6128718471597859	-0.5714415386031708	-0.6230489796465548	-0.6329623321766862	-0.5495141781112687	-0.20877568061245025	-0.17107435813707042	0.0705127682026941	0.10484135674709646	-0.6037763347568424	-0.600877131280433	-0.5854224070946777	-0.5960542356047518	-0.585422407195299	-0.5960542352482153	0.4269449593265055	0.31931374707683613	-0.45196698515039796	-0.45336813558578576	-0.434965992829275	-0.4364444904487394	0.017763792977710528	0.010922469544163463	0.01677786691121664	0.004912302505107722	0.13141220388580446	0.13792370925494962	0.1539367256855323	0.18070404035825902	0.024834159101087067	0.013667261562991114	0.10588760151059892	0.10219998082300762	0.08381883463121156	0.1026642221953606	0.02575032431987536	0.014636177447726226	0.10744306713046159	0.10112584920400094	0.08164725634472733	0.09777008576093352
DSIStudio Tensor TYZ	-0.1272360710738922	-0.09246546711111346	0.292272328123079	0.17983639384822034	0.22012903123007177	-0.25334913829650746	-0.313693258135596	-0.2790227658301624	0.2446667972616571	-0.2533491386574463	-0.1272360710738922	0.08815472131958463	0.22012903123007177	0.2267091587714855	-0.25334913829650746	0.22568472424394292	0.22392502590503008	0.23354440372616783	-0.313693258135596	0.23864348113648629	-0.2651587640467003	0.26131088735752817	0.25866290526107605	0.15957518090780695	0.29233451805619254	-0.1547576865427306	0.23997925303678283	-0.007369500391760001	-0.2934292700019433	-0.301522380116848	-0.33116585111327973	-0.32447631501661084	-0.2816588248763798	-0.008955472635875365	-0.13332144532556064	-0.24230918574297702	0.0	-0.2519813619314386	0.30741663338869496	0.2353066862805395	-0.17363993684790444	0.0002541498488007764	-0.1124288420625998	-0.27141340041289547	0.07280084580352453	0.17248709679818186	0.07607577422468313	-0.15214490334106484	0.12160451101827924	0.17463702497207417	0.17866056421286003	0.32246077939088175	0.3129703388060129	0.12955267910261023	-0.13667603666876246	-0.101814639642347	0.25251923226478085	0.2475837439334627	-0.3128759227503355	-0.1534746821847709	-0.10550698712721142	0.2506711481259496	0.24356706733680006	-0.3210231097952177	0.28822019388043774	0.32662343614356437	0.37486072209312443	0.3338050161676211	0.27303789416581625	0.22743393819926083	0.192292683851051	0.1644254336924754	0.0785616755373068	0.04681132261845885	0.3166198672361978	0.29230507528269734	0.31850887529079	0.31324539857839595	0.31850887528671373	0.3132453981754641	-0.21872671468136312	-0.2600996346915504	0.2930191119643253	0.2805681853659281	0.2837270679116551	0.27122881702071566	0.026335777495450925	0.028719339658679344	0.0021644900546660562	0.0011542049620457122	0.05020410784885009	0.0346177536611339	0.014219288439188767	0.003156062355612698	0.006359010625897123	0.005515496889969706	-0.004845772678490805	-0.0047927950343568965	-0.02497586807067999	-0.024322595997719576	0.007091533894749795	0.0064343493647221126	-0.008819466705059616	-0.00941459720498651	-0.02962364426161508	-0.029925514174538953
DSIStudio Tensor TZZ	0.6096132474281483	0.5107097653796486	-0.48084339739543513	-0.2030275187531549	-0.5080792016876975	0.9060474112061668	0.8342599391351565	0.8697629581574923	-0.38585887631278665	0.9060474100864373	0.6096132474281483	-0.23697087442349937	-0.5080792016876975	-0.360287642933286	0.9060474112061668	-0.3141675196593944	-0.31055114243990184	-0.3380879177683886	0.8342599391351565	-0.33434675977450756	0.403091636161442	-0.4043478250099292	-0.3503151928018118	-0.25498949616917194	-0.4878493890275506	0.6577069420872518	-0.42137739421168113	0.012152748895967264	0.9575427934470633	0.8839266253814059	0.8421368514421023	0.8743714172413466	0.5475259441921784	0.09514072888673374	0.06893973376778678	0.5473905326696251	-0.2519813619314386	0.0	-0.7171586143720957	-0.39838554761894135	0.6118354567094524	-0.01962183120416057	0.012496306126872742	0.40225329333772514	-0.16940021432590927	-0.6026207048901157	0.08985660586420699	0.4614263405900562	0.0026748832607494943	-0.1587883723028365	-0.1626243622023763	-0.7337732128354609	-0.7587511689259725	-0.5915951371222378	0.6017802126528138	0.3375203183313072	-0.4200588929489898	-0.4431490494946608	0.8172429476738714	0.5495896949025332	0.3342809072778019	-0.43292835793375717	-0.4586693379722886	0.7222604403326041	-0.4715331446211738	-0.5483623138917626	-0.691433471662943	-0.5839590815511603	-0.549934293553294	-0.7243159404832882	-0.3477312564723063	-0.296231730225655	-0.025911389698598145	0.020763444013510858	-0.6200206553896953	-0.604462418295285	-0.6838790499772807	-0.7469515302699719	-0.6838790493919927	-0.746951530142341	0.3578943631295703	0.28074357660301036	-0.5332538926913535	-0.5286057271420483	-0.5105840429172959	-0.5055992382709433	-0.05627694913140486	-0.060629442863234295	-0.08107881997914355	-0.09459756366241494	-0.036479378406023485	-0.020291199630647478	0.1487848215098589	0.18286631182625493	-0.0787225159385426	-0.09219849264116611	-0.008307249875153374	-0.015940170194581008	0.16676897301093302	0.1867724695111195	-0.0789771787453437	-0.09257194222352884	-0.0029229591986557296	-0.01141466280140727	0.1713528442998705	0.19115061597805574
NODDI ICVF Modulated	-0.2216971176253719	-0.07557488337032453	1.3812711811267453	0.5542983943298684	0.7879407081470831	-1.0292915185508655	-1.6194643470669896	-1.0892742196273337	1.00160527424924	-1.0292915194139125	-0.2216971176253719	0.6277867294749052	0.7879407081470831	0.9375801491055005	-1.0292915185508655	1.0707350052405096	1.1342835653056167	0.776507933845043	-1.6194643470669896	1.0486906966239438	-1.0336163881127913	1.0841548486275623	0.9782223186059048	0.13290125879583578	0.9895349547795214	-0.2550993588404863	1.084440837215032	-0.016578007849184295	-1.1616682650737402	-1.266225133183246	-1.667107098314955	-1.5702221392891784	-0.9093999353734952	-0.04870947499179625	-0.11337539082438347	-0.7958766293995524	0.30741663338869496	-0.7171586143720957	0.0	1.19311137647228	-0.25723919034088505	0.049591860030310506	-0.4329310354159976	-0.9074337663267166	0.26632703448572365	0.26163557935000026	0.5153771910268657	-0.16196705753324783	0.6090701184397144	0.8147833413626457	0.8233483223342052	1.960313526559155	2.3113039603605285	0.34458472882173397	-0.238323466008133	-0.5819228636785333	1.105232422373047	1.0867884390458677	-1.7173672424003308	-0.422645709863327	-0.5989190524016584	1.107199919057736	1.0760484286068979	-2.017841494145019	0.8367134045410054	1.1819696319788444	1.0656215075857045	1.2407951549469542	1.2527561800103475	0.8305980000945005	0.48888279082996144	0.39720074758046214	0.11952319200937067	0.03739875282207567	1.2565708554121147	1.243168643408885	1.2271016663716168	1.1683522614906487	1.2271016665761147	1.1683522627127516	-0.854365782693263	-0.6289138181687031	1.0061634869960148	1.0093761868597015	0.9535638280309968	0.9562521450298813	-0.10677067262188793	-0.08886186546314474	-0.1696177002062027	-0.165088716280691	-0.09412431081814158	-0.12394161746274968	0.08241273979799255	0.047755103628916565	-0.17728959180007178	-0.17413620729800253	-0.23530061028632646	-0.23787344694230428	0.07884261185401663	0.06729021872738972	-0.17866348648412314	-0.17541055833859098	-0.2419887126055144	-0.24529789828308882	0.0764370384540548	0.06561063623732084
NODDI ICVF	0.08317633329231057	0.233845153407672	1.06853097135886	0.6923505254600936	0.6369026825251564	-0.5732504524451226	-0.8879108039830395	-0.6286061979583901	1.0523815520602178	-0.5732504530621537	0.08317633329231057	0.48015196173344726	0.6369026825251564	0.9833693099711838	-0.5732504524451226	0.928456215234644	0.9855238166128502	0.8024709156589972	-0.8879108039830395	0.9309329766869094	-1.1139420512508373	1.1469170404956859	1.1085879635459353	-0.08229152747041767	0.8144645541817532	0.041528933089852324	1.1273637406310035	-0.005494486614491238	-0.6627643516067019	-0.7444948308897458	-0.9403148457365661	-0.8851800900993496	-0.5396721220340667	0.010694710850805042	-0.10837239320874886	-0.44258631550981326	0.2353066862805395	-0.39838554761894135	1.1931113764722803	0.0	0.07790179319842029	0.22994098594936305	-0.7176052054424613	-0.8724409861859687	0.4094411082928449	-0.07261192431190042	0.8818582473898391	0.08710933565715041	0.9076151477836508	1.1187348231585894	1.1249494257075234	1.0623372535402689	1.0809868779006728	0.05318251648936856	0.0560386201175177	-0.5764492932717569	1.1493425376612898	1.0685913231376343	-0.9382952801214661	-0.18802831986037222	-0.5971457649022963	1.0878464256264235	0.9970152387116133	-1.146220618323858	0.6009582751089422	0.8926994468549452	0.7687812704905068	0.9179529451296528	0.8953873365853092	0.5447573281745106	0.509328593473982	0.41980396506201056	0.24517238338398525	0.15945368318365571	0.9331145310416722	0.9133415009568275	0.9160027738921986	0.8125865305358051	0.916002774284986	0.8125865312457847	-0.7280485988915966	-0.5990989081675683	0.9179486679461742	0.9134349421994206	0.8783504495071859	0.8738469501866826	-0.10262383485198821	-0.08683150216429139	-0.19873538698529425	-0.20123553971454852	0.009858614090675899	-0.024128452029853587	0.249667637581616	0.22044900371861975	-0.20102033032990138	-0.20564092220390706	-0.1931782922915611	-0.20020655013206523	0.17949584439327257	0.17872067145494047	-0.20222695342707087	-0.20675377376956824	-0.20324001261049487	-0.21456501462309965	0.1709967427648976	0.16763140652258884
NODDI ISOVF	1.1821316039956076	1.200233686423209	-0.04124595123154215	0.19938836751835048	-0.18027487911483395	0.6927054530640121	0.3835165362707435	0.5697609298970817	0.04204125663272381	0.6927054521552904	1.1821316039956076	-0.016159323786270205	-0.18027487911483395	0.04516963245570626	0.6927054530640121	0.10396206056804741	0.11354169471387512	0.024041593000621232	0.3835165362707435	0.07411137427398894	-0.07333896002358958	0.05132724269575813	0.10088139789976137	-0.47261066235404814	-0.0989854316421628	1.0962568997162405	0.04864873571448661	0.013279514670926003	0.5743814277401736	0.4536564651557999	0.3255752769996116	0.36719886443815086	0.5088932488401273	0.11088853963622346	0.061283003400442855	0.6251633826631164	-0.17363993684790444	0.6118354567094525	-0.2572391903408851	0.07790179319842029	0.0	0.23524140599557616	-0.4620408894643978	-0.004151828855893985	0.13762110787716542	-3.029747766988564	0.6838752883010635	0.7534307054396642	0.5430858697368204	0.36041590504293264	0.3519364731292222	-0.26760120308263124	-0.2824217822243233	-0.9480223855498455	1.0998515565096152	0.0649587523447099	0.040388118455514085	0.013240655838637634	0.34688568877435205	0.668785608435316	0.050085914870163555	0.015849818321444352	-0.011106897918265086	0.23034459622015227	-0.19816934729925267	-0.14969162009279047	-0.23265916127414243	-0.15555130169217068	-0.14902138213357075	-0.4121880614930113	0.02121504356087553	0.010924827791856736	0.2802037679939458	0.2544021537432295	-0.14584349509706834	-0.1416401719685322	-0.18263212411145952	-0.2562871593761767	-0.1826321239989926	-0.25628715870617463	-0.0029681405221636367	-0.030008019907355597	-0.037221437680437855	-0.03434091800833853	-0.03572128521892831	-0.03290830682944044	-0.09740869204099989	-0.08802532853776078	-0.21498988547154266	-0.23503196638403306	0.0970709928770052	0.07554083437462081	0.45467027686365274	0.46992023159135077	-0.21084605765708034	-0.23146781199568497	-0.10140922001361709	-0.11786979104407652	0.3266763974781622	0.35181072074767705	-0.21194436666966082	-0.2326732742801755	-0.10140572247238146	-0.12171782494549428	0.32726906859213245	0.34980476573623603
NODDI NRMSE	0.20382754900849231	0.253609782799411	0.08555431671733232	0.5678859439434434	0.5410543444689075	-0.02498427659958693	-0.07259311063749035	-0.07023433216918595	0.34858871956561477	-0.02498427617131239	0.20382754900849231	-0.005537784283795811	0.5410543444689075	0.22177166965804565	-0.02498427659958693	-0.09246823881594003	-0.03854465213083237	0.5096560713497585	-0.07259311063749035	-0.12741095803361932	-0.41109742682009975	0.34370490528268255	0.28185859563226373	-0.3866663651697493	0.041873223890915995	0.19907408219847314	0.32556799545552123	0.010109433554043944	-0.016562136941525352	0.06289844992340356	-0.1292632302040366	-0.0497081618314064	0.011659016205075673	-0.002818662894794592	0.015188125708744237	0.12703701966666797	0.0002541498488007764	-0.01962183120416057	0.049591860030310506	0.22994098594936305	0.23524140599557616	0.0	-0.2512249569604312	-0.12117497713758031	2.045333728911812	-0.23947375649180475	0.171200985019799	0.1572599700370199	0.060062029522789766	0.25633290329142105	0.25801406387534753	0.03568352919582834	0.042672845097669804	-0.1329420882039864	0.145569413479572	-0.3254244443652916	0.2964052932970416	0.22135745420647643	-0.08965998442036514	0.0018525325148427924	-0.3230714490857211	0.1811868925814977	0.13537914962088643	-0.0951438557488241	-0.15470395571911905	0.008403247275081542	0.023326014574282527	0.009003666773094133	-0.010143515516567714	-0.046208203393280696	0.13677955648937484	0.13219322147888699	0.17551296079740328	0.16421325235106168	0.04700581182656028	0.036561293759246	0.08367941884147793	0.04168330870806467	0.08367941903172454	0.04168330869928899	-0.0079595056302712	-0.035477398300827766	0.1384189736581922	0.13020418031658526	0.14497135235494032	0.13653567459454224	0.005677802637193476	0.006819883494965285	-0.09588889396783283	-0.10533295233022326	0.1105026350500263	0.09974832142441827	0.2327442691825068	0.23246713390301826	-0.08417962270080698	-0.09570036599974507	0.011471970120836648	0.005674455924951267	0.16899407779585335	0.18094145847213058	-0.0818298463722317	-0.0925739628435913	-0.007147404507155976	-0.024013887487658425	0.14455634781755222	0.14701864125179903
NODDI OD Modulated	-0.7140966629504523	-0.8508354380671787	-0.5902693196227969	-0.9153071490144875	-0.44028884244884386	0.05956094911668241	0.4295512982526079	0.2543611588627223	-0.9079178390982552	0.059560949147409926	-0.7140966629504523	-0.05620409271085636	-0.44028884244884386	-0.9550202446021321	0.05956094911668241	-0.537348937458693	-0.5225109481689739	-0.5385608174401478	0.4295512982526079	-0.6541911753016355	0.9305231258722574	-0.97004889415896	-1.1672269254738614	0.314789995092627	-0.7705829757058972	-0.6550921994588196	-0.9854688557049746	0.002643537573398943	0.16312486369399692	0.35508951581960174	0.4719435826759817	0.44639880372398033	0.14535109209590236	-0.04490525175840105	0.004465771356173854	0.016992104713783804	-0.11242884206259983	0.012496306126872742	-0.4329310354159976	-0.7176052054424613	-0.46204088946439775	-0.2512249569604312	0.0	1.0843556442347801	-0.30772984054163427	0.4609501558395333	-0.8859643198451607	-0.054072042735444144	-0.9070422371391543	-1.2507557177637425	-1.2327475728480222	-0.5279561964422109	-0.4416115990426682	0.6515064151586395	-0.7083531073394961	0.2537264775329493	-0.9784259539362996	-0.9421107529114646	0.45970565413839276	-0.5262742038731938	0.2697643036655087	-1.051656802151883	-0.9715980921224037	0.5537703532318295	-0.2978859827707133	-0.519531670197881	-0.39758035648810647	-0.5290385906753429	-0.5109031428363269	-0.14759944490039067	-0.28572434901191146	-0.2215530713190428	-0.2685283753778306	-0.19275141076864588	-0.5415046768323601	-0.532728757855269	-0.4941673200201863	-0.3980411487109595	-0.4941673202289554	-0.39804114943703656	0.6240078954648909	0.5899713591279714	-0.5176785736789888	-0.516121368991863	-0.4949813592944499	-0.4933972000423791	0.16309441518986456	0.14281154810190838	0.2697126983444435	0.2803924222305103	-0.01059060149677148	0.025651730603225658	-0.3867500582669387	-0.3680665666490411	0.26860105886583635	0.2795380962868819	0.2375202943163314	0.2513139428597676	-0.27733352174551157	-0.28546493781710325	0.26981573770601286	0.2807736477750256	0.24095019283681854	0.2565666492178185	-0.2748043983880787	-0.2816946479479307
NODDI OD	-0.20661516617263923	-0.2994526458781696	-1.0511432536005143	-0.8629317666605029	-0.7531784443796249	0.46949803432488824	0.9550870966867818	0.7011632914268603	-1.2754602163237978	0.4694980342715317	-0.20661516617263923	-0.2650479489694011	-0.7531784443796249	-1.3476430127548145	0.46949803432488824	-0.8285680106961749	-0.8054645171175244	-0.7026858548280878	0.9550870966867818	-0.9953694687797121	1.2732182966063894	-1.4063478546860517	-1.6361107480779966	0.014440994909217077	-1.4106747045615813	-0.1715273649197715	-1.458555891834201	0.015351766023068442	0.5873058796103158	0.8392687012379237	1.0216876646464113	0.9843727661498332	0.5490029022552181	0.019459609779641413	0.0654402850471469	0.40701910538511366	-0.27141340041289547	0.40225329333772514	-0.9074337663267166	-0.8724409861859687	-0.004151828855893985	-0.12117497713758031	1.0843556442347801	0.0	-0.2736294038583985	0.004802973249205965	-0.6302186223949735	0.21509872853974799	-0.7605703988286443	-1.1421494035607784	-1.139264443342176	-1.1114443385505834	-0.9471248637744605	0.18157159603469458	-0.20829309746757033	0.3912794509876576	-1.4766477388746855	-1.4782652594110843	0.9993387543605551	-0.1322328471160388	0.40743960590763045	-1.6647361138175902	-1.560500705013228	1.1213167717299048	-0.6048475830991901	-0.9436079620051098	-0.7912248345766546	-0.971834163485537	-0.9387579620293866	-0.47897051646684025	-0.38404572723704256	-0.30451790139532475	-0.1701458696727072	-0.08895109494930252	-0.9867139346648138	-0.9640628733768155	-0.912251700131766	-0.8019761570849998	-0.9122517003679307	-0.8019761580083341	0.8184154198027046	0.696155840622488	-0.7941151538970003	-0.7905155357536245	-0.7546511054105376	-0.7511628120062646	0.1571802537967507	0.13501959976865413	0.22188737115419632	0.22287238999750775	0.07217837913114622	0.10589711424118832	-0.19813719617085357	-0.16885577241132432	0.2259571199014014	0.22690462373891002	0.2623871540814023	0.2703359373916746	-0.15593892993515368	-0.14995673937747234	0.22704016266949956	0.22793385903288912	0.26653875359116386	0.27479735268108674	-0.15432080279800348	-0.14836624587942607
NODDI RMSE	0.12055360550269656	0.19426623883215324	0.2736422172368057	0.6937449832637049	0.7515212330373199	-0.21159883095319987	-0.287230307543008	-0.2679073796643324	0.5338814311703303	-0.2115988306234007	0.12055360550269656	0.1052485860523383	0.7515212330373199	0.387686299587735	-0.21159883095319987	0.06823785945890859	0.12390951217731293	0.6683296237321273	-0.287230307543008	0.033495593922863054	-0.6031230840091754	0.5325806185276994	0.44430529080817716	-0.317691115283466	0.19881459056555473	0.10932692210733065	0.5117070810389655	0.008024941390301625	-0.21263748021121634	-0.14390379662734346	-0.3447442707839735	-0.26301796187291715	-0.15887768310733907	-0.019594831645571034	-0.012354008308887382	-0.04281639073534927	0.07280084580352453	-0.16940021432590927	0.2663270344857236	0.40944110829284486	0.13762110787716542	2.045333728911812	-0.30772984054163427	-0.2736294038583985	0.0	-0.14165464088598292	0.2435943283206318	0.08893016794943955	0.15065286084853496	0.382413883156955	0.3858178381655954	0.24744506654398435	0.25912600987621015	-0.03868121612158066	0.062425545882904526	-0.46282182045699316	0.48033402441048073	0.3944321950242065	-0.3069815802801611	-0.09918204622551909	-0.4624929986837975	0.3469125649906608	0.2958307503051454	-0.31220550146865667	-0.0030690374726437936	0.18229325505530686	0.19365852869966055	0.18673812445311513	0.1683114345858706	0.1046090764696792	0.22983918922841254	0.2098184500016472	0.18715117251611216	0.1602015379980448	0.22781687069956186	0.21599695533209862	0.2644256503856369	0.21986415452440022	0.2644256506169807	0.21986415458977265	-0.1406297084095049	-0.13770655121722178	0.3014821526817365	0.2931547004053737	0.3034180505647798	0.2948556724611899	-0.015463542548327465	-0.011218010477849746	-0.12496311858591244	-0.13270068223869388	0.08141053764773926	0.06583536733851694	0.229931947750831	0.2220310371594772	-0.11534757281307159	-0.12537078468946894	-0.03555458684337037	-0.04092079696991859	0.17427698592476387	0.18288876336899407	-0.11321991909387671	-0.12242558530985721	-0.055387092705327386	-0.0720363194890283	0.149526156988943	0.14880382507211898
NODDI TF	-1.151216953839796	-1.1690331022984646	0.04916928451949243	-0.19290085477127453	0.1822417770559449	-0.6800560173342673	-0.37671727203224487	-0.5594923511220119	-0.03700734461893713	-0.6800560164285174	-1.151216953839796	0.022305240269835717	0.1822417770559449	-0.0419342812963641	-0.6800560173342673	-0.09420912411737889	-0.10577829469976048	-0.02210425742859355	-0.37671727203224487	-0.06377517993242221	0.08041885116111548	-0.04803147831584833	-0.09412125952763577	0.4839858961652548	0.10974724031706903	-1.072669476675558	-0.04393863184094631	-0.014099051943766837	-0.5655434866122887	-0.4475906106794207	-0.32051754566480495	-0.361900748118401	-0.5009823847590641	-0.11010094294009408	-0.059342124835519997	-0.6165723396061386	0.17248709679818186	-0.6026207048901157	0.26163557935000026	-0.07261192431190042	-3.029747766988564	-0.2394737564918047	0.4609501558395333	0.004802973249205965	-0.14165464088598292	0.0	-0.6723168860479081	-0.7485205163416581	-0.5297578492662034	-0.3524110730072534	-0.3442966072870871	0.27449061524435747	0.287967682562267	0.955899872947374	-1.069742768654906	-0.05418714428510055	-0.03602882959540234	-0.007646453354361065	-0.3397415279800091	-0.6510556649153246	-0.039427784519330863	-0.009101889042050747	0.018509261794666974	-0.22413133890505801	0.20351261179271568	0.15772269968612793	0.23998687751262243	0.16355244583296527	0.1568358188097462	0.4204636029910198	-0.025833551902027206	-0.015368688474344302	-0.28787129435272274	-0.2619523622131157	0.1516619504926418	0.14724006556399952	0.18784011766803752	0.2631475966302971	0.18784011757178068	0.2631475959774677	-0.0036814710441622107	0.023633542525137118	0.035489495974834126	0.032477781279228506	0.03427752611233007	0.031334784220954065	0.09328991195683801	0.08502841989251901	0.21555522137097696	0.23578176814053356	-0.10286266919789036	-0.08001713601360846	-0.46150013120463756	-0.4756143512761738	0.21099111301504284	0.23183423487776883	0.09642424361302111	0.11412772251825681	-0.3315838838194721	-0.3558742378329806	0.2120101518572082	0.23295755692531778	0.09745970421227897	0.11957219149128746	-0.3310857616068769	-0.3522562385396809
TORTOISE MAPMRI NG	0.7352368637013119	0.9471323915916267	0.7873563173461077	0.5968822363594952	0.2350612832592577	0.04128601769008423	-0.30797304877743675	-0.045020011462894576	0.7018942934554887	0.04128601700604412	0.7352368637013119	0.4976271580962464	0.2350612832592577	0.6924236294107936	0.04128601769008423	0.9777008005503	1.0224094268031143	0.5560291905811792	-0.30797304877743675	0.9171682243488749	-0.7555295600801056	0.7678993253433031	0.8305042416732294	-0.35430521715115365	0.5218919448126975	0.6605737354856491	0.7601146966862451	0.0016341282385205018	-0.07618817240846552	-0.20289448078668731	-0.37227119592698	-0.32241576709576786	-0.06559441466034283	0.06571282982280453	-0.02548793771098379	0.044416986937065556	0.07607577422468313	0.08985660586420699	0.5153771910268657	0.8818582473898391	0.6838752883010635	0.171200985019799	-0.8859643198451607	-0.6302186223949735	0.2435943283206318	-0.6723168860479081	0.0	0.5858745378292869	2.0560198283081195	1.387983552566123	1.3682125505546407	0.4837457771753957	0.4688425390387884	-0.5041149409246868	0.6824083252970689	-0.3566357959034097	0.7690077887842286	0.7266552251863204	-0.35770775067944116	0.2895850871223349	-0.3842128284107557	0.7345117278125574	0.6764070519547785	-0.526476143915238	0.3570458803515085	0.5201146389699514	0.38902956713188397	0.527986836818044	0.5361894123715293	0.16721983029383305	0.39086127970139006	0.319991660557842	0.35182585768663116	0.265698477912047	0.5424411590310785	0.5421327880462604	0.4983657022636036	0.3986394777846138	0.498365702660311	0.3986394787138043	-0.578141935884373	-0.48804027149389057	0.612353049246355	0.6163606151351816	0.5922271689008026	0.5961254301571394	-0.14800294416117024	-0.1289852173514906	-0.29641796341587756	-0.3098592492045066	0.041645615794816446	0.004560619780221457	0.4735062448217132	0.4573895362840836	-0.29690978576706667	-0.31244396374510225	-0.23679001470588562	-0.2508519600666359	0.3356555600050508	0.3499734969719296	-0.2985454449375703	-0.3140611387074279	-0.24318291132975206	-0.2619220003086191	0.331186571700156	0.342777066872494
TORTOISE MAPMRI NG Par	0.537977784380923	0.5847349341869774	-0.008963765101021554	-0.11683113326588711	-0.3062411194614143	0.4750208062581237	0.38657557930937486	0.5737666552941154	-0.07418540401008158	0.4750208055641833	0.537977784380923	0.33663122436908743	-0.3062411194614143	-0.10685000925009941	0.4750208062581237	0.1861114367246845	0.2517219881365515	0.08713218023523381	0.38657557930937486	0.03194686567308706	0.023778760185749367	-0.05854293633526208	-0.07900841441553232	-0.4067384626329838	-0.2847227609203034	0.5005076397194778	-0.07678318789701208	0.011694739968605842	0.412577410446413	0.48368795056499087	0.31425773848524463	0.37904792596055886	0.37732805778750805	0.13955391912670126	-0.01248697983524948	0.4627310380212553	-0.15214490334106484	0.4614263405900562	-0.1619670575332478	0.08710933565715041	0.7534307054396642	0.1572599700370199	-0.054072042735444144	0.21509872853974796	0.08893016794943955	-0.7485205163416581	0.5858745378292869	0.0	0.4264982939836503	0.21032437050253694	0.20051194429776603	-0.2922805123473443	-0.23351681376826153	-0.36174465130258837	0.47585516665358846	-0.07540842268024504	-0.06549351437241532	-0.09983361015865806	0.3413763906031584	0.11591627015721478	-0.08964716676010415	-0.15654225294019	-0.18684804196881705	0.23279868527382977	-0.14558233251854713	-0.15431467319649353	-0.2012675632829662	-0.16019105642083065	-0.13672101347694532	-0.23077355236422986	0.07490907091372603	0.0730062604918168	0.22179180838466866	0.20919630356189436	-0.14925054896082174	-0.14058582550027754	-0.15348923144919516	-0.19597779206897134	-0.15348923131754377	-0.19597779164636098	0.06386692235562896	0.07216772431481142	-0.0050807439669595346	-0.00042102301313811876	0.0017451425776929912	0.006340554001635067	0.003297447293179709	0.003505354726930813	-0.10953288989016634	-0.12220269244515294	0.12077155559914832	0.11125406525529993	0.3124314691079455	0.32479720587367805	-0.10512999211774231	-0.12045780383670984	-0.009326804905129184	-0.016939662269793335	0.209860772330145	0.2307125631900554	-0.10538323102917994	-0.12063666556572425	-0.015659595762410487	-0.029283435020294825	0.20316687965041383	0.21968506588832573
TORTOISE MAPMRI NG Perp	0.6320693345253701	0.8103372506190198	0.914972581629318	0.597362942067423	0.23513333798575572	-0.03611328419022603	-0.40302469770751964	-0.12833029681397748	0.7278498772677853	-0.03611328474648509	0.6320693345253701	0.46181572628736284	0.23513333798575572	0.7443654938094814	-0.03611328419022603	1.162346407761231	1.1523810830234238	0.5494460096823628	-0.40302469770751964	1.1525347605995562	-0.7789216883879901	0.8118605670367167	0.9265851459114629	-0.24704602897218006	0.6772596535247093	0.5587177458185087	0.8237860027806605	-0.0020566562266479886	-0.1670783141472674	-0.31593303476936874	-0.4733652378243184	-0.43295442033745085	-0.14579377775492358	0.032785532188324605	-0.019203827544262232	-0.05245818230503174	0.12160451101827924	0.0026748832607494943	0.6090701184397144	0.9076151477836508	0.5430858697368203	0.060062029522789766	-0.9070422371391543	-0.7605703988286443	0.15065286084853496	-0.5297578492662034	2.0560198283081195	0.4264982939836503	0.0	1.4517054780591163	1.4265117539676482	0.6099841218896492	0.5789902166349349	-0.45995097509310306	0.6028778820871186	-0.32817529510827914	0.8267516447022771	0.8114884136548828	-0.4487010921589446	0.28538445964054354	-0.3552353008904476	0.8560887372390219	0.8105112293527612	-0.6239533493094233	0.47181490621064714	0.6501171460656028	0.5004404299198606	0.6619809394480997	0.6664535865419107	0.25903845346778726	0.4027648036104993	0.32445101641198326	0.3116916263662963	0.22223270217652064	0.6684966787284861	0.6655179000089589	0.6120936330098762	0.5110689805386228	0.612093633364958	0.5110689815912108	-0.6828270508731547	-0.5713944668235611	0.6820877009490415	0.6857606855888319	0.6543123770983158	0.6578755832440597	-0.1626421185521526	-0.1412809961993997	-0.2879192725915935	-0.2988314700501108	0.005532286588128697	-0.03224864720300369	0.41023215379192707	0.3911125059176619	-0.2906916182044891	-0.3028608328289539	-0.26363533516647697	-0.27740796866344414	0.2933556081738923	0.3026822623442597	-0.2926961662238201	-0.3049697674010615	-0.2661661267095383	-0.2816522920139113	0.293884666937345	0.30282274683945326
TORTOISE MAPMRI PA	0.5322530576990075	0.7067623600557013	1.1475543268876554	0.9413589918586843	0.5715265974440614	-0.23147664037807425	-0.6561506747124608	-0.37810810446262927	1.216631801616857	-0.23147664055696335	0.5322530576990075	0.4446216042704718	0.5715265974440614	1.1656327542004723	-0.23147664037807425	1.0681383142835437	1.0936575185446722	0.8395272005689097	-0.6561506747124608	1.1390146667547345	-1.3107506657588834	1.3838118192808775	1.5887068508938171	-0.2671374745695008	0.9694451993926826	0.47053743357274147	1.4085041160376413	-0.004464978548599398	-0.3550912248518328	-0.5152006388336962	-0.7461758817113409	-0.6764015130200975	-0.3125615096769525	0.031502696169450464	-0.03894144963378356	-0.17328199305822667	0.17463702497207417	-0.1587883723028365	0.8147833413626457	1.1187348231585899	0.3604159050429327	0.25633290329142105	-1.2507557177637425	-1.1421494035607784	0.382413883156955	-0.3524110730072534	1.387983552566123	0.21032437050253694	1.4517054780591163	0.0	3.4794611292173525	0.8622008898205913	0.7921665610378578	-0.3772043996929254	0.499803397216916	-0.4610519418297949	1.400240320582889	1.3038614644830184	-0.7152918779027811	0.23783468295295976	-0.4857477280280046	1.3870301549833945	1.2483521438446958	-0.8915960805123071	0.5249700992516171	0.807238962010066	0.6440584178958435	0.8273643522650489	0.8193270703620908	0.3739565064381676	0.45499021781171917	0.36724379616872554	0.30307966014638005	0.20907389875913177	0.8555246609497555	0.8464973782401036	0.801313976784058	0.6795943708863693	0.8013139772646148	0.679594372004975	-0.812655747649323	-0.680479768235114	0.8300510300291519	0.8306797909753367	0.794131943491318	0.7945688593904202	-0.15709972897570884	-0.13579951035297627	-0.28130965626124993	-0.29003546570964367	0.004823650536184349	-0.034402742851889455	0.38178216645970847	0.35605031545849997	-0.28231632456556843	-0.29235477816992705	-0.26280484616203015	-0.274290268233738	0.2704716528590509	0.27668511507922583	-0.2836653009876486	-0.2936208018558566	-0.2697572979212406	-0.2846022634200085	0.26552100506922666	0.2699295539275645
TORTOISE MAPMRI PATH	0.5235128541403434	0.6958408054122995	1.1488053426777516	0.9423933219446671	0.5787699488582577	-0.23892037999009536	-0.6644125228343124	-0.3878809861458038	1.2379710668859858	-0.23892038017909628	0.5235128541403434	0.43884856336292927	0.5787699488582577	1.1799885542495838	-0.23892037999009536	1.0569130159984492	1.0867457354388033	0.8415471446432007	-0.6644125228343124	1.1331251728102916	-1.319746605820601	1.3988524402841296	1.6014013319425822	-0.26556408469318704	0.966408929388071	0.4662745902480989	1.4180665494312155	-0.004979880163625902	-0.3578567783566309	-0.5187826712346109	-0.749413838323218	-0.679270342887832	-0.3154215536835732	0.0324885349570782	-0.042452507138268536	-0.17489872493495057	0.17866056421286003	-0.1626243622023763	0.8233483223342053	1.1249494257075234	0.3519364731292222	0.25801406387534753	-1.2327475728480224	-1.139264443342176	0.3858178381655954	-0.34429660728708716	1.3682125505546407	0.20051194429776603	1.4265117539676482	3.4794611292173525	0.0	0.8679536460195958	0.7967452911457017	-0.36782766190975186	0.49172961441622254	-0.46477336778971073	1.4130627261918924	1.3121539572454917	-0.7237589774414441	0.23344974729675866	-0.4891153053433255	1.3989955818859003	1.2540674761638924	-0.9001274165237482	0.5222321631140516	0.802092461087418	0.6415444224605438	0.8221031505368267	0.8139412159029051	0.3757119890972256	0.4538731095180165	0.3667935357940862	0.3007312595426145	0.20755473242833902	0.8500388475838467	0.8412780023190207	0.7982199210739173	0.6791770671713949	0.798219921547243	0.6791770682818666	-0.8040422250772192	-0.6724440704897318	0.8260622323881093	0.8268018202087066	0.7905849831564924	0.7911248985229962	-0.1543841593714416	-0.13363750366563393	-0.2762095064265286	-0.28488565978156594	0.006767930283195874	-0.03225520157953271	0.37618849726058523	0.3505296698883618	-0.27732021208461455	-0.28720467440133224	-0.25756379969717935	-0.26898139026646645	0.26603737573829983	0.27197522659126494	-0.2786419200206459	-0.2884381837623847	-0.264526100538602	-0.2793533873659201	0.2610096576942277	0.2650989180659045
TORTOISE MAPMRI RTAP	-0.160019135207522	-0.030732107756595687	1.4447393877037706	0.6626513856786752	0.8755661412763914	-0.9546113462160917	-1.7424694303802999	-1.1591987649050246	1.110411767864983	-0.9546113466934565	-0.160019135207522	0.5182872766840989	0.8755661412763914	1.0659368365271347	-0.9546113462160917	1.049508683288573	1.0410528225256792	0.7392343836264341	-1.7424694303802999	1.1280686182822586	-1.092477312938865	1.1969920300874672	1.1232512947865774	0.1579520613528884	1.259255049612187	-0.1962793689859785	1.223609253801383	-0.020375847349065394	-1.1183716345093575	-1.422205110379336	-1.8513434075536574	-1.8007698969549268	-0.9224021045694909	-0.055221652302889425	-0.09631725557371668	-0.7802863891059915	0.32246077939088175	-0.7337732128354609	1.9603135265591547	1.0623372535402689	-0.26760120308263124	0.03568352919582834	-0.5279561964422109	-1.1114443385505834	0.24744506654398435	0.27449061524435747	0.4837457771753957	-0.2922805123473443	0.6099841218896492	0.8622008898205913	0.8679536460195958	0.0	2.519160708235119	0.2439646728858402	-0.1629633325973085	-0.5060412892088314	1.246831983606381	1.259967981694732	-1.8479656882577502	-0.26371454938147937	-0.5213430707234713	1.3006878884916813	1.294914936227679	-2.0490164538447257	0.8697996121856495	1.3030372543677269	1.1467633743587098	1.3749340608340082	1.354988721028846	0.8160462275157164	0.4666707299568345	0.3743213831207016	0.1078505600355817	0.024379166528341472	1.3704087461986527	1.3402127132924795	1.3000565252332938	1.221410189458606	1.3000565254279932	1.2214101910577044	-0.9331924724462816	-0.7089410041623034	1.0058027643778893	1.0045916507891794	0.9485993827408196	0.9471853862225883	-0.13311968982832653	-0.11241795052432028	-0.178170033814209	-0.17338614031294033	-0.11188797886007554	-0.14215358626298974	0.07529638962102173	0.040919196299441574	-0.18597961981087985	-0.18177444821015398	-0.25934695609792646	-0.2617243386290755	0.0729587374369074	0.060641147094339765	-0.18733558437063372	-0.1830425405732296	-0.26336940009141585	-0.2647698352020063	0.07311361441885686	0.06252152257613515
TORTOISE MAPMRI RTOP	-0.22341979130869494	-0.0813703236351392	1.3889085461123143	0.5922412013303137	0.83170743895327	-1.053561175154746	-1.764378114986264	-1.1710208646528837	0.9981331721432092	-1.053561175849225	-0.22341979130869494	0.5810407100495625	0.83170743895327	0.9386094812278123	-1.053561175154746	1.0431792272893572	1.0583829584090636	0.7471705706034225	-1.764378114986264	1.0558439818834644	-1.0172680320641396	1.0781585692245823	0.9851189355155422	0.16087087467805175	1.0843977700632756	-0.2626666751428313	1.0935505019510814	-0.01859689198358672	-1.224263408221949	-1.4052660422935201	-1.8562897180136	-1.7880384658661648	-0.9511334018850245	-0.060373012326346336	-0.09861802481031018	-0.8285523486829954	0.31297033880601277	-0.7587511689259727	2.3113039603605285	1.0809868779006726	-0.2824217822243233	0.042672845097669804	-0.4416115990426682	-0.9471248637744605	0.25912600987621015	0.287967682562267	0.4688425390387884	-0.23351681376826153	0.5789902166349349	0.7921665610378575	0.7967452911457017	2.519160708235119	0.0	0.327138341911396	-0.2354242210006313	-0.538512124525909	1.1126200696229327	1.1127411384238284	-1.8799890774799541	-0.36875828543345507	-0.553832279075947	1.1307331531927491	1.1232039240755651	-1.982077921380079	0.8687087014840122	1.2477624666688412	1.12251567834319	1.314585473717296	1.314893890595559	0.8489662449234289	0.4777518789368474	0.3857567308946226	0.10681399855337259	0.024432151199467036	1.317697465472789	1.297347922206584	1.274304431032342	1.2188428316357465	1.2743044311636267	1.218842833041869	-0.8898852734994638	-0.6614233992720597	1.0045047699657137	1.0058408311515499	0.9496129103119476	0.9505040206800256	-0.1164699273444985	-0.09737089013593972	-0.16857584542888557	-0.16355994722889053	-0.10615308792573923	-0.13591593815245454	0.06645600296994715	0.03188946631516141	-0.17641769311344305	-0.17243076646768743	-0.24612171583262904	-0.24826330589416148	0.06652509745057918	0.054256915991493286	-0.17777449892992525	-0.1736840250928196	-0.2511240419606833	-0.25287293033101405	0.06595113324583089	0.055142778995417044
TORTOISE MAPMRI RTPP	-1.726882840198219	-1.4115564107524763	0.05882933862797402	-0.2792629760768732	0.10254550443933058	-0.7821234570568311	-0.3171722683860338	-0.42428018296673464	-0.13118320156558602	-0.782123457141915	-1.726882840198219	0.27366820131112246	0.10254550443933058	-0.17853806897759858	-0.7821234570568311	-0.03585605559404958	-0.011338778042112354	0.05637726667508656	-0.3171722683860338	-0.08089127458037365	0.12170594502402209	-0.12569848783072005	-0.20039863080715178	0.43096897519115734	-0.03486500646411767	-1.671789902069048	-0.13012187431375102	-0.008744397718422801	-0.627595944762256	-0.334642406044255	-0.28252403910792495	-0.2926500769199481	-0.49840575100932705	-0.10598008662992689	-0.0691317224952898	-0.6306712060182227	0.12955267910261023	-0.5915951371222378	0.34458472882173397	0.05318251648936856	-0.9480223855498454	-0.1329420882039864	0.6515064151586396	0.18157159603469458	-0.03868121612158066	0.955899872947374	-0.5041149409246868	-0.36174465130258837	-0.45995097509310306	-0.3772043996929254	-0.36782766190975186	0.2439646728858402	0.327138341911396	0.0	-1.8451401675291847	-0.13259711951254258	-0.12021441224595023	-0.10490692315304302	-0.29572886324454123	-1.4909853825029484	-0.12196600004827439	-0.11168863108112799	-0.09144833858474898	-0.221623174531733	0.21972485131117653	0.1481118673811487	0.21422485480495151	0.15324718399486248	0.1639216919189771	0.4273920236136416	0.03762179989497662	0.043899123846703456	-0.21562886858013544	-0.19874328500707636	0.1485476954286823	0.1506026598498986	0.18537657343573424	0.2593276250415531	0.1853765732709397	0.2593276244521826	0.002315073540599237	0.06216043998427447	0.08226597292727425	0.0825151871711714	0.08258482918326823	0.08288315450247824	0.13320952273591297	0.12250137156660176	0.21477352845365377	0.23290752995873842	-0.05054435857211832	-0.03186787297293082	-0.4024434056944476	-0.4169280023219769	0.20918526926105446	0.22606804705341366	0.12672033835103264	0.14193795999005282	-0.2968294394680592	-0.317054253110567	0.2093212972154252	0.2262094800214529	0.1254191811920807	0.14282993731912869	-0.29726236329465944	-0.3156159213851605
TORTOISE MAPMRI AD	2.447830574238243	1.909234616928112	0.04308170972106599	0.3296036182517457	-0.06342277185822891	0.7598319919429778	0.28152919677250704	0.4292441580265184	0.210997530865112	0.7598319918139002	2.447830574238243	-0.11363120974926422	-0.06342277185822891	0.24083685142826255	0.7598319919429778	0.1546518765387115	0.14097492298872882	0.02442992912070451	0.28152919677250704	0.18540330635479021	-0.17568638049254826	0.2024087945533523	0.2739692384270975	-0.45947345188328176	0.08218937957040709	2.1388768640361544	0.2056785869090157	0.004728707688698815	0.6007554944061636	0.32477431474564716	0.24116629797484856	0.2621663756785742	0.4767660696057183	0.1375348076236995	0.05473634190966014	0.6469169844125513	-0.13667603666876246	0.6017802126528138	-0.238323466008133	0.0560386201175177	1.0998515565096152	0.145569413479572	-0.7083531073394961	-0.20829309746757033	0.062425545882904526	-1.069742768654906	0.6824083252970689	0.47585516665358846	0.6028778820871186	0.4998033972169159	0.49172961441622254	-0.16296333259730852	-0.2354242210006313	-1.8451401675291847	0.0	0.09021844091850863	0.20108490355046404	0.182796007518633	0.25746910320141553	1.3715755430338281	0.07656245938694757	0.18382448249924235	0.1584434212359471	0.1661562141017309	-0.16018866372264812	-0.07637434902573623	-0.1557557763956464	-0.08046260579507923	-0.08497289140441762	-0.36473325086724506	0.0069683206811711985	-0.006179639553867962	0.2425357844755109	0.21600493245305208	-0.07673626268232926	-0.07705111477242567	-0.11586745644118937	-0.19026006852968677	-0.1158674562015373	-0.19026006780044538	-0.07519327461554641	-0.11576679519685111	-0.013787205483419898	-0.012990948441251263	-0.01455632805927474	-0.0138264490497863	-0.14821465769326142	-0.13395255216612	-0.2377763775921325	-0.2563769614481916	0.050801461689808584	0.031396343421795724	0.4389094811954982	0.4536846293679889	-0.23378492295903888	-0.2515660863517762	-0.15300784698972064	-0.1660785211231857	0.31857855201938456	0.34213900768215066	-0.2344043417673552	-0.25219150362320886	-0.15080239030225848	-0.16559515311742645	0.320499275418429	0.3428889605205907
TORTOISE MAPMRI AM	0.04913369823847207	-0.03892323076513974	-0.5485035390426087	-0.35263277717233477	-0.4739743337590451	0.3986233453308387	0.5151799521507057	0.4186227567079514	-0.545638512467404	0.39862334522351417	0.04913369823847207	-0.4406625185678949	-0.4739743337590451	-0.4914793509335595	0.3986233453308387	-0.44528960476259677	-0.5067952788001926	-0.5133252587259984	0.5151799521507057	-0.386454706109331	0.6056547108215113	-0.5622637482809183	-0.47929737733028904	0.7343020465072277	-0.13281698342328507	0.07002685774251081	-0.5476243712097397	-0.01733213639029356	0.43455877654002517	0.43088081027388725	0.5386177231207017	0.5009000577416338	0.36136481979959634	0.0010490483027103129	0.09228409622555413	0.30186381382726607	-0.101814639642347	0.3375203183313072	-0.5819228636785332	-0.5764492932717569	0.06495875234470991	-0.3254244443652916	0.2537264775329493	0.3912794509876576	-0.46282182045699316	-0.05418714428510055	-0.3566357959034097	-0.07540842268024504	-0.32817529510827914	-0.4610519418297949	-0.46477336778971073	-0.5060412892088314	-0.538512124525909	-0.13259711951254258	0.09021844091850863	0.0	-0.5440449151033827	-0.49354454866196296	0.5471887607731081	0.2903605471251307	4.142244710013286	-0.44956762345140716	-0.4149304640333671	0.6011787252508418	-0.2401913945096633	-0.3030227112607554	-0.23165121480324463	-0.3242183610817642	-0.48070083986230333	-0.48107229035049653	-0.3454682443621701	-0.30377412550546434	-0.11545910966218706	-0.07500753026647755	-0.4622617906143632	-0.5228524136293133	-0.45997183319004564	-0.4438390300062252	-0.4599718336408671	-0.44383902894638555	0.38386722793756417	0.07865839751955556	-0.5222009344249746	-0.5583652378937256	-0.5151406351981412	-0.5510984888720176	-0.031969122553874164	-0.031673942422998445	0.08646639279595093	0.0832304805999278	-0.007781279232712384	0.01226876247436943	-0.09378561854154518	-0.06388070172827334	0.09383355807317309	0.09409461858642451	0.07125794299948127	0.07437620907795894	-0.08315552440611652	-0.07455563373127655	0.09344038838708205	0.09300755818915236	0.08794213093700617	0.10125802669634622	-0.06656644132812	-0.050680042286798135
TORTOISE MAPMRI FA	0.21568487044307985	0.34047528168692	1.2250482801892362	1.0004566771011414	0.9703703547404522	-0.5262738156855021	-1.0484652273817796	-0.7579214934453637	1.9551889353573706	-0.526273815713838	0.21568487044307985	0.4050497821738871	0.9703703547404522	1.6374729937109849	-0.5262738156855021	0.9019344743483274	0.9354480833047737	0.9893758738211904	-1.0484652273817796	0.9734030720500706	-1.8839151453331342	2.438363029853763	2.00103185021139	-0.10707728461773551	1.2385132221302464	0.18102667650513185	2.452232203754956	-0.009073490677734993	-0.6369013946753191	-0.8420874626298989	-1.1489007047630793	-1.0499868505631336	-0.5818799174692564	0.033024427245809014	-0.09483192785023639	-0.40369261478557217	0.25251923226478085	-0.4200588929489898	1.105232422373047	1.1493425376612898	0.040388118455514085	0.29640529329704174	-0.9784259539362996	-1.476647738874686	0.48033402441048073	-0.03602882959540234	0.7690077887842286	-0.06549351437241532	0.8267516447022771	1.4002403205828888	1.4130627261918924	1.246831983606381	1.1126200696229325	-0.12021441224595023	0.20108490355046404	-0.5440449151033827	0.0	2.0946656140756916	-1.123735214410494	0.030579504786666687	-0.5627064048285652	1.8578427229957073	1.582003754680033	-1.2831704331648337	0.6019056884544043	0.9787489653333493	0.8278963105324667	1.009171649864749	0.9788570214327518	0.5203015662054765	0.4630133838657816	0.37601966568967415	0.22188204968343944	0.13537700090361118	1.0415766246746267	1.0178942199083971	0.98773236112186	0.858723371842265	0.9877323613934196	0.8587233731961753	-0.8511571133218437	-0.7074006537301727	0.9176088660044448	0.9130054566506492	0.8768356405524946	0.8722465811458366	-0.14282841352089157	-0.12149891791423702	-0.2366121389879684	-0.2397394941980163	-0.034767158872784025	-0.06926533231441262	0.252664122129898	0.2231941519952543	-0.23857080931129337	-0.24287984405349766	-0.2470147792582836	-0.25341784513772747	0.19281180758230276	0.19153233223089788	-0.23921701539777734	-0.24323001025186933	-0.25733857944171107	-0.2678030705946096	0.18420121567932426	0.18053046838534761
TORTOISE MAPMRI LI	0.18893766087654135	0.3091838415955617	1.2245076534021466	0.9338961950446039	0.8864625994818578	-0.5337908096724854	-1.042405253252257	-0.7506776682427994	1.5967233994866101	-0.5337908098296983	0.18893766087654135	0.39803112985146427	0.8864625994818578	1.460222555407124	-0.5337908096724854	0.925452279015591	0.9332518247765517	0.9025313032699196	-1.042405253252257	1.0246633291125027	-1.5586179131643874	1.8267375799728744	1.7700392541115568	-0.07009883572126287	1.3026572155085068	0.1526580155779208	1.881536789094948	-0.009943464878917178	-0.6505487166218568	-0.8595987007338735	-1.141817842037205	-1.059693777283082	-0.5874202024257501	0.04131309372709679	-0.08803205196109082	-0.4170496795558888	0.2475837439334627	-0.4431490494946608	1.0867884390458677	1.068591323137634	0.013240655838637632	0.2213574542064764	-0.9421107529114647	-1.4782652594110843	0.3944321950242065	-0.007646453354361062	0.7266552251863204	-0.09983361015865806	0.8114884136548828	1.3038614644830184	1.3121539572454917	1.259967981694732	1.1127411384238284	-0.10490692315304302	0.182796007518633	-0.49354454866196296	2.094665614075691	0.0	-1.1085268171721776	0.038794523124534255	-0.5115101069072253	1.7843463396889712	1.8279448535246252	-1.2427668977159785	0.614365455509262	1.0150139658386497	0.8557699148634281	1.0464895583923488	1.0141912373251305	0.537365993124598	0.44554220710024106	0.35947555926935726	0.2009576024193862	0.11544705440473127	1.0613070186980058	1.0362694493741893	1.0056790678085568	0.8940576926060019	1.005679067946973	0.8940576937611802	-0.8725447338658422	-0.7245946006058805	0.8966109808549871	0.8921634188992511	0.8546823382477109	0.8503316120915644	-0.14263461317717513	-0.12063778611004204	-0.2205978058943748	-0.2212295045024369	-0.044114445510361866	-0.07585306927954824	0.2182498811526109	0.189410911759818	-0.22452633518006795	-0.2259395817691813	-0.24622077076032398	-0.2506715661237634	0.1668905151957481	0.1633455735767988	-0.2253395527134006	-0.22652163562915034	-0.2536480335480486	-0.260299991887165	0.161531951323911	0.1567189876412813
TORTOISE MAPMRI RD	0.24667165582361203	0.11949636839128214	-1.1271350756314695	-0.6188902119066193	-0.9694496954961472	1.1923703943560693	2.72283430369442	1.577184253848653	-1.0424053184927635	1.1923703948697295	0.24667165582361203	-0.4396757802665993	-0.9694496954961472	-0.9894066786567722	1.1923703943560693	-0.8059231411702598	-0.8208262603288005	-0.7063908963461695	2.72283430369442	-0.8461498551220081	1.0639584820085042	-1.0973734085607738	-0.9620517162521834	-0.1557438006375239	-1.0460903684484408	0.27085362996505746	-1.102836599133676	0.017987368561994854	1.3259145389751674	1.7013356489907059	2.136486460013105	2.244898379968662	1.0174844761915314	0.059305347507130894	0.09984345364516987	0.8470405024747302	-0.3128759227503355	0.8172429476738714	-1.7173672424003312	-0.9382952801214661	0.34688568877435205	-0.08965998442036514	0.45970565413839276	0.9993387543605551	-0.3069815802801611	-0.3397415279800091	-0.35770775067944116	0.3413763906031584	-0.4487010921589446	-0.7152918779027811	-0.7237589774414441	-1.8479656882577502	-1.8799890774799541	-0.29572886324454123	0.25746910320141553	0.5471887607731081	-1.123735214410494	-1.1085268171721774	0.0	0.33911767982414837	0.5581176724354822	-1.0939711046858391	-1.080720090000096	2.038892586992144	-0.762655365828935	-1.102398688434459	-1.0428110306699112	-1.1542219017269502	-1.1321829249455644	-0.7895440976355196	-0.4554439568627472	-0.370123686722021	-0.10093087181576875	-0.023938963873156083	-1.165950819686454	-1.1432441504367812	-1.1521933451826225	-1.1070497896123086	-1.1521933452628674	-1.1070497908780597	0.7895367408121449	0.6078874995541481	-0.9277117203707851	-0.9259635894181457	-0.8811042172004937	-0.8791340763079132	0.10726027166524522	0.09040212818215185	0.1582756622306611	0.15339465558918355	0.09722224334330175	0.12677951141064542	-0.058752833889491395	-0.02403678883403268	0.16438003555099964	0.1603148090501264	0.22607121567186256	0.22913681807513356	-0.061295049464241816	-0.047825481008557116	0.16511706719224117	0.16084572356291474	0.233833563108032	0.23819335159866126	-0.0572862993051433	-0.043854224006433566
TORTOISE Tensor AD	1.2170510629178626	1.0004359555538367	-0.14507341610255753	0.22041517471502176	-0.1300038500313527	0.7472434909818759	0.3392622265387367	0.3867046079836935	0.047988157046946193	0.7472434914742488	1.2170510629178626	-0.39808045251879437	-0.1300038500313527	0.1014110199593703	0.7472434909818759	-0.07514445586261374	-0.1268084685076001	-0.18444008478006932	0.3392622265387367	0.017258159946753553	0.02300656138486433	0.026888800374086197	0.1213882240985138	-0.27527112403380743	0.05295174583482238	1.242983376026218	0.038344832600240644	0.0037555809136177913	0.630204913906943	0.3189280766508461	0.33347112136701146	0.31707944646489056	0.5157910958664674	0.09095520884135272	0.07598535113712193	0.5790431706374988	-0.1534746821847709	0.5495896949025332	-0.422645709863327	-0.18802831986037222	0.668785608435316	0.0018525325148427924	-0.5262742038731938	-0.1322328471160388	-0.09918204622551909	-0.6510556649153246	0.2895850871223349	0.11591627015721478	0.28538445964054354	0.23783468295295976	0.23344974729675866	-0.26371454938147937	-0.36875828543345507	-1.4909853825029484	1.3715755430338281	0.2903605471251307	0.03057950478666669	0.038794523124534255	0.33911767982414837	0.0	0.284351237816648	0.06874514437491544	0.06765606713393313	0.3183283208800818	-0.23224031816194807	-0.18666957577842275	-0.24341917814917968	-0.19266908515027517	-0.20695512533701615	-0.41851163581289214	-0.13386191221321242	-0.12981622570361923	0.10965276014870584	0.107003084133463	-0.1994672033902153	-0.20318994308947258	-0.23884757162853648	-0.29040439511204785	-0.23884757147642574	-0.29040439451805233	0.04841815328701342	-0.02235811524228591	-0.19045418718967483	-0.19212310262095006	-0.189817998449409	-0.1915349273038287	-0.1348127604443708	-0.12315235364355721	-0.149902142508532	-0.16242104544591082	0.010245022288703595	0.0021476810944116133	0.2625669137880993	0.27951083045481323	-0.14671996136469992	-0.1565747987076022	-0.10968281596817386	-0.11785641587557795	0.1941938610134597	0.20964383694020405	-0.1471015137765079	-0.1570886651678356	-0.1001173389877992	-0.10520782924089435	0.2031816671876485	0.22059236973376375
TORTOISE Tensor AM	0.03499039458346541	-0.055740969914936336	-0.5723623541620776	-0.3636530293379259	-0.47732404457273936	0.3959786551566759	0.5242131139272518	0.41750796591038597	-0.5619178590727593	0.395978655085044	0.03499039458346541	-0.45872636603664513	-0.47732404457273936	-0.5076176718890542	0.3959786551566759	-0.4723092998661574	-0.5352217955667113	-0.5271199959963252	0.5242131139272518	-0.41064440285452214	0.6249832302918551	-0.580836401183804	-0.4980142915705057	0.730646797163894	-0.14819167159565916	0.057391045495903674	-0.5660329664783011	-0.01701450310625649	0.4364820698977112	0.4368853854851434	0.5507318373123519	0.5111813287216758	0.3655992635343029	-0.0005900914664671116	0.09344474299878808	0.30157384041622914	-0.10550698712721142	0.3342809072778019	-0.5989190524016584	-0.5971457649022963	0.05008591487016354	-0.3230714490857211	0.2697643036655087	0.40743960590763034	-0.4624929986837975	-0.03942778451933085	-0.3842128284107557	-0.08964716676010415	-0.3552353008904476	-0.4857477280280046	-0.4891153053433255	-0.5213430707234714	-0.553832279075947	-0.12196600004827439	0.07656245938694757	4.142244710013286	-0.5627064048285653	-0.5115101069072253	0.5581176724354822	0.284351237816648	0.0	-0.46704454313592125	-0.4315492659068468	0.6184479928252222	-0.253051439197915	-0.3201480318235528	-0.24570023019589188	-0.3415267209193636	-0.4983602208997907	-0.48364981853306505	-0.35476651111809204	-0.3109270993769379	-0.1237537359511754	-0.08101489003682436	-0.47961499495732746	-0.5403186859476194	-0.4752964749330996	-0.45615873818287284	-0.4752964753852984	-0.45615873716325234	0.40048076949631356	0.09404864264104994	-0.5402371649871986	-0.576732648703145	-0.5324114208460097	-0.5686629064805853	-0.026269996982129618	-0.026630207895542924	0.09572872177633564	0.09286457779379519	-0.006503567297833478	0.014491158107373678	-0.1054673956248424	-0.07530776118575304	0.10306338030474782	0.10374805527843076	0.07962947722290473	0.0831131043751677	-0.09247860678282217	-0.08430336123780813	0.10272062388429985	0.10271663018678553	0.09636830510513648	0.11009994506160262	-0.07594924126192255	-0.060504513098930804
TORTOISE Tensor FA	0.1889769936706642	0.3100476230618599	1.243698711232067	0.9781140914797174	0.8141047305921956	-0.5304892291887351	-1.0356686110600763	-0.7349574848250189	1.4926722153366219	-0.5304892291946348	0.1889769936706642	0.3448216309959633	0.8141047305921956	1.4427120015574597	-0.5304892291887351	0.9319362465473884	0.9281448396819436	0.8519112771053777	-1.0356686110600763	1.084024242553957	-1.4610207019177375	1.716015355580726	2.171850028249658	-0.05189690637459803	1.4564467429615575	0.1536621523158539	1.810434662396083	-0.010668634425862793	-0.6465265331616737	-0.8656775892601104	-1.1239514840536597	-1.0531023295078947	-0.5676195718100853	-0.004212728293603362	-0.08409783338924694	-0.43868236458505444	0.2506711481259496	-0.43292835793375717	1.107199919057736	1.0878464256264235	0.015849818321444355	0.1811868925814977	-1.051656802151883	-1.6647361138175902	0.3469125649906608	-0.009101889042050747	0.7345117278125574	-0.15654225294019	0.8560887372390219	1.3870301549833945	1.3989955818859003	1.3006878884916815	1.1307331531927491	-0.11168863108112799	0.18382448249924235	-0.44956762345140716	1.8578427229957073	1.7843463396889716	-1.0939711046858391	0.06874514437491544	-0.46704454313592125	0.0	2.218028250708936	-1.2728641116393513	0.6622360459263467	1.0471731277882221	0.8613820094586414	1.0820722305013613	1.0521389804646992	0.5464100889974992	0.4289810077774039	0.341707709586622	0.18754351553180454	0.10103883099831237	1.0986216838981973	1.07544222987993	1.0199652609539582	0.8989746760052116	1.0199652612214276	0.8989746771581626	-0.9364486837752789	-0.772415902072041	0.8926059435014941	0.8892587675120636	0.8473533223145141	0.8440615139622517	-0.14852837996538706	-0.12606065056349863	-0.22298167143076228	-0.22337226601842905	-0.059022130957568475	-0.09252984848694315	0.20887978622973086	0.17819699296858996	-0.22706938721074382	-0.22788555115275613	-0.2595401662249271	-0.265169638133644	0.15985606779286285	0.15481137084125138	-0.22831459652892563	-0.2290495205035771	-0.2647951638549114	-0.2709963222480021	0.1571684306620802	0.15221054417912114
TORTOISE Tensor LI	0.1587288806445948	0.2747597319627977	1.2180651374638083	0.9190797555951778	0.7767943274986752	-0.541963014043947	-1.0308927844424858	-0.7367862680930262	1.317703181019613	-0.5419630141682172	0.1587288806445948	0.34273540521028223	0.7767943274986752	1.3034394080902323	-0.541963014043947	0.9280057014676198	0.9031763157955727	0.78011439696842	-1.0308927844424858	1.0910213994985212	-1.2851424065127641	1.4735891143223976	1.7542261786742726	-0.021865900407132936	1.4775692991722706	0.12103333893938366	1.5513749662813774	-0.011078736127272896	-0.6636148606394298	-0.8839383601837281	-1.1163265768143946	-1.0623225390047881	-0.5704339148366837	-0.007043752201323813	-0.08082106585504789	-0.4573648357935338	0.24356706733680006	-0.4586693379722886	1.0760484286068979	0.9970152387116133	-0.011106897918265086	0.13537914962088643	-0.9715980921224037	-1.560500705013228	0.2958307503051454	0.018509261794666974	0.6764070519547785	-0.18684804196881705	0.8105112293527612	1.2483521438446958	1.2540674761638924	1.2949149362276788	1.123203924075565	-0.09144833858474898	0.1584434212359471	-0.4149304640333671	1.582003754680033	1.8279448535246248	-1.0807200900000957	0.06765606713393313	-0.4315492659068468	2.218028250708936	0.0	-1.2217048301664422	0.6591659340849719	1.0607381114581418	0.875128227516133	1.0962781126220102	1.0661778503154806	0.5584870963338996	0.413275375084685	0.32738194751702254	0.1698580257605828	0.08472328074563996	1.102011048099387	1.0787388939015454	1.0247612133888857	0.9218076726704436	1.0247612136319493	0.9218076737181573	-0.933779510543874	-0.7688374508995538	0.8676045823411089	0.8644433419994362	0.8223769136567725	0.8193195732835292	-0.14658083678379524	-0.12369372019423652	-0.2082290263423718	-0.2066907102088663	-0.06553388430224956	-0.09677088694764402	0.1792855616970367	0.1491489915005588	-0.21369570265532803	-0.21224637529746032	-0.25598440840590736	-0.2601671950644119	0.13779028691078982	0.13093374513687814	-0.21502785684912676	-0.21353424747032104	-0.25886439715839415	-0.2622416702000665	0.13760877772368887	0.1315712367235681
TORTOISE Tensor RD	0.1495934090063778	0.016600190896382407	-1.3836928835042228	-0.6684436109773048	-0.8983536326637949	0.9617133892626009	1.8174275627834973	1.182596900097529	-1.1542866039872175	0.9617133898463883	0.1495934090063778	-0.5129516827207857	-0.8983536326637949	-1.1059778043570931	0.9617133892626009	-1.0050108130454902	-1.040840799608899	-0.7749841938338448	1.8174275627834973	-1.0406952188429985	1.229404602144695	-1.2567349421119463	-1.1342948014554841	-0.09177204283084904	-1.0989259640114042	0.17876998470177127	-1.2569998683484647	0.015763471439432793	1.096505942902555	1.38822741387504	1.8660048303869095	1.7581627129240447	0.9049131437317669	0.04767499190645557	0.11428863226954249	0.7632140782510478	-0.3210231097952177	0.7222604403326041	-2.017841494145019	-1.146220618323858	0.23034459622015227	-0.0951438557488241	0.5537703532318295	1.121316771729905	-0.31220550146865667	-0.22413133890505801	-0.526476143915238	0.23279868527382977	-0.6239533493094233	-0.8915960805123071	-0.9001274165237482	-2.0490164538447257	-1.982077921380079	-0.221623174531733	0.1661562141017309	0.6011787252508418	-1.2831704331648337	-1.2427668977159783	2.038892586992144	0.3183283208800818	0.6184479928252222	-1.2728641116393513	-1.2217048301664422	0.0	-0.7976573825030797	-1.1923785014016353	-1.0712766544943215	-1.2522776761626186	-1.2354611998324174	-0.7636294305978667	-0.5020350828201523	-0.40709804520816534	-0.14899721406584307	-0.06414287078924161	-1.2826823569302208	-1.2575982053313755	-1.2390411730992101	-1.139670301818262	-1.2390411733676021	-1.1396703032405562	0.8754437404380934	0.6693893463458156	-1.0436201103543652	-1.042809103857325	-0.9862047687890516	-0.9851099079333816	0.11879534072622662	0.10085516530527727	0.1906471492715232	0.1876409558206357	0.08294840823960876	0.11619636252322325	-0.11993009691092657	-0.08404077859365126	0.1966634880937541	0.1949160688267686	0.24256652992565064	0.24771629018604158	-0.10742825343180479	-0.0959585052393606	0.19765845533529008	0.19574083530992642	0.25217568580497657	0.25979748081768156	-0.10176311444774935	-0.08973299858668222
ihMTw	-0.15783207495579604	-0.05974388801201671	0.7842656401937442	0.30514658497929503	0.3327638522112346	-0.5643874701323044	-0.7473988615130681	-0.5618631688103073	0.5241478930188518	-0.5643874706531667	-0.15783207495579604	0.45771834831579233	0.3327638522112346	0.5314683074273139	-0.5643874701323044	0.7688717921468393	0.7356900421206808	0.45313854379273427	-0.7473988615130681	0.7903412402300225	-0.5566103265907306	0.582530977536748	0.5913191069967172	0.2511788457306301	0.7465682045456139	-0.20623477139358704	0.6010467175445265	-0.019309457257926772	-0.6745712917246326	-0.7277850437436697	-0.7970880616048366	-0.7968459969405551	-0.5888867037664539	-0.06138874625872022	-0.048121368521654065	-0.5481997170808831	0.28822019388043774	-0.4715331446211738	0.8367134045410054	0.6009582751089422	-0.19816934729925267	-0.15470395571911905	-0.2978859827707133	-0.6048475830991901	-0.0030690374726437967	0.20351261179271568	0.3570458803515085	-0.1455823325185472	0.47181490621064714	0.5249700992516171	0.5222321631140516	0.8697996121856495	0.8687087014840122	0.21972485131117653	-0.16018866372264812	-0.24019139450966326	0.6019056884544043	0.6143654555092619	-0.762655365828935	-0.23224031816194812	-0.253051439197915	0.6622360459263467	0.6591659340849719	-0.7976573825030798	0.0	1.1775071161690902	0.9278352957235019	1.1793639229952648	1.2313750139712396	0.8094205761342368	0.3891941541686168	0.3147268776173691	0.04641312048429326	-0.023654655656755313	1.0283715543750396	1.0214292911531397	0.9094083416299856	0.8655898397485104	0.9094083413086052	0.8655898394847489	-1.0405009391028377	-0.8262762458675509	0.7687296299280627	0.7682868819577556	0.7284227394931524	0.7273471277144633	-0.12523698666904942	-0.10859447569029546	-0.17947060795322112	-0.17715637753992836	-0.16830540862879415	-0.20436919225267197	0.034157583952849575	-0.0014830029080511622	-0.18180613702961954	-0.18139095287249932	-0.2791005610181579	-0.28721442281449927	0.04499972615406639	0.03454490683640992	-0.18360664412584735	-0.18365975959838057	-0.2765773181601841	-0.27997738569277814	0.05272600676876611	0.04786848122772559
ihMTR	-0.06922942984993412	0.05041312730626557	1.1561697002334945	0.5908831622418668	0.6354576705366705	-0.6756457876789248	-1.0621524611931052	-0.764683996755355	0.8657430355966159	-0.6756457882691048	-0.06922942984993412	0.48327110269898804	0.6354576705366705	0.8440121322029597	-0.6756457876789248	0.9811053005394796	0.9450129875668891	0.654551209627712	-1.0621524611931052	1.0350870226566895	-0.8885797209774818	0.9474775584059705	0.9572632831347763	0.22749705901765535	1.1899356984117597	-0.12027624813821343	0.9700104280476959	-0.026882559217142478	-0.8254796418800942	-0.9739075152676794	-1.1606387154985	-1.1356873913429777	-0.7250745429351917	-0.06566265467777274	-0.06712893459154155	-0.612871847159786	0.3266234361435643	-0.5483623138917627	1.1819696319788446	0.8926994468549452	-0.14969162009279047	0.008403247275081543	-0.5195316701978808	-0.9436079620051098	0.18229325505530689	0.1577226996861279	0.5201146389699514	-0.1543146731964935	0.6501171460656028	0.807238962010066	0.802092461087418	1.303037254367727	1.2477624666688412	0.1481118673811487	-0.07637434902573625	-0.3030227112607554	0.9787489653333493	1.0150139658386497	-1.102398688434459	-0.18666957577842272	-0.3201480318235528	1.0471731277882221	1.0607381114581416	-1.192378501401636	1.1775071161690902	0.0	1.4769467260379083	3.1582332867173037	1.8814032407404715	0.7692314736455113	0.470840059812396	0.3740626434300715	0.1319882121276143	0.04155488494618888	1.4945172236301567	1.3747748747994188	1.357884979933465	1.2096878028955402	1.3578849796568462	1.2096878036795158	-1.3975462483040153	-1.3250802652298157	1.0275251418324456	0.9988160834110125	0.9634045180346019	0.9359331889705035	-0.1583385707261399	-0.13576599947972892	-0.20979290477647322	-0.20885827775207702	-0.12345470044332903	-0.15593829992540806	0.10731850580438537	0.07715739721128483	-0.2137068088351423	-0.21341028857885275	-0.2923971006533639	-0.29825426987697734	0.09311071945525932	0.08510241725732959	-0.21496105169507945	-0.2146905915396701	-0.29607209838233195	-0.300468335820822	0.09399437775152544	0.0882225525670271
MTR	-0.14965152346832167	-0.04006780621558155	0.9731981312730262	0.5040179316121928	0.6186459208139734	-0.704136048489721	-1.016571933275506	-0.7885058285381106	0.7452997682052566	-0.7041360487504236	-0.14965152346832167	0.4289696522806262	0.6186459208139734	0.7157248101682214	-0.704136048489721	0.8115822798141569	0.7886894004086855	0.5911796946251545	-1.016571933275506	0.843829873334737	-0.7653082718625035	0.8057122693876251	0.7898608435409024	0.3349260487374933	1.0402694432457322	-0.19582351470608547	0.8223125495002523	-0.028996888187811966	-0.833700992475495	-0.9495533921116524	-1.0860100189795925	-1.0745465759993056	-0.6794180964960618	-0.07529355557055344	-0.07384735405296702	-0.5714415386031708	0.3748607220931245	-0.691433471662943	1.0656215075857045	0.7687812704905068	-0.23265916127414243	0.023326014574282527	-0.39758035648810647	-0.7912248345766546	0.1936585286996605	0.23998687751262243	0.38902956713188397	-0.2012675632829662	0.5004404299198605	0.6440584178958435	0.6415444224605437	1.1467633743587098	1.12251567834319	0.21422485480495151	-0.1557557763956464	-0.23165121480324463	0.8278963105324669	0.8557699148634281	-1.0428110306699114	-0.24341917814917968	-0.24570023019589188	0.8613820094586414	0.875128227516133	-1.0712766544943215	0.9278352957235019	1.4769467260379083	0.0	1.5450198447511507	1.1675733720315118	0.8116764031392452	0.4947501305918706	0.4012352864239084	0.134617709956595	0.04947543766816972	1.2566511543472347	1.1250761024707845	1.2983787701999099	1.2223367485222305	1.2983787694397297	1.222336747412181	-0.8880850126867257	-0.9616469947346271	0.9622831211695282	0.9138173327390873	0.9067819308745282	0.8605217620603741	-0.115519964991596	-0.09737980774768784	-0.1489227128906013	-0.14954733486210542	-0.07118892546967086	-0.10095950013545452	0.07261155992516069	0.04635827278073177	-0.14775731973514475	-0.14891424898912148	-0.21704186259388045	-0.22135306282090536	0.04168456211744593	0.03702010804022681	-0.14808710579731327	-0.14913775518800776	-0.22336345086972426	-0.22777775213722715	0.038509524435552424	0.03460113136466618
ihMTsat	-0.07315851105386943	0.0486953154149597	1.2058485289860166	0.6014323638521019	0.6509599098659041	-0.6959835447876204	-1.109847926857526	-0.7905933508506805	0.8895217698988442	-0.6959835451344116	-0.07315851105386943	0.4968584211862023	0.6509599098659041	0.8654387916405186	-0.6959835447876204	1.0156400972465596	0.9777291114639923	0.6721042888392281	-1.109847926857526	1.0713393174072396	-0.9160702055716061	0.9765869468053467	0.9848200638169159	0.21802433357558587	1.2188752736531532	-0.12496557996219178	1.001406487440646	-0.027700229235649427	-0.8541573082464985	-1.0119175949719925	-1.2194324630482523	-1.1904152495916536	-0.735970219400277	-0.06479591863412953	-0.06930067187086675	-0.6230489796465548	0.3338050161676211	-0.5839590815511604	1.2407951549469542	0.9179529451296528	-0.15555130169217068	0.009003666773094133	-0.5290385906753428	-0.971834163485537	0.18673812445311513	0.16355244583296527	0.527986836818044	-0.16019105642083065	0.6619809394480997	0.8273643522650488	0.8221031505368267	1.3749340608340082	1.314585473717296	0.15324718399486245	-0.08046260579507923	-0.32421836108176416	1.0091716498647492	1.0464895583923488	-1.1542219017269502	-0.19266908515027514	-0.3415267209193635	1.082072230501361	1.0962781126220102	-1.2522776761626186	1.1793639229952648	3.1582332867173055	1.545019844751151	0.0	1.980597672419121	0.8123581433946846	0.485818443545125	0.38553575604832235	0.1342831736922557	0.042230295242792995	1.6756132016585301	1.52585855222496	1.484342926390495	1.2977414307607276	1.4843429259721583	1.2977414316546825	-1.3935848750869118	-1.2423267956380817	1.0877014695380616	1.060042677498859	1.0155589958807536	0.9899072380804385	-0.15693899554623494	-0.13385822184377857	-0.21113223468227604	-0.20991418432153697	-0.12224423474137236	-0.15608161993147412	0.1080417807204496	0.07596213369980895	-0.21515540499380958	-0.21461947283028154	-0.29499462708374025	-0.30103156993596913	0.09268922225710327	0.08397731922071232	-0.2164750505792247	-0.2159748384062428	-0.2984148200232696	-0.30283330166907163	0.09392844588465303	0.08756928590258803
ihMTsat-B1c	-0.07716089870565201	0.04642464540139143	1.2105677981970644	0.5662405457642359	0.6143016073848537	-0.6869308956944652	-1.086789633862557	-0.7592011797551893	0.8627218505978933	-0.6869308960296315	-0.07716089870565201	0.5510306074584913	0.6143016073848537	0.8453676563945575	-0.6869308956944652	1.0531991268854626	1.0192900351747403	0.6632224422869032	-1.086789633862557	1.092085903468833	-0.8912830876149855	0.9481509680688526	0.9517878016408201	0.07163069208596026	1.0418546403903581	-0.12657224904190176	0.9735686108833518	-0.023702320245546166	-0.839802667701554	-0.9799123642561057	-1.1901861971207686	-1.1565723476945988	-0.7361512701128928	-0.05558416240523076	-0.06602646144790753	-0.6329623321766862	0.27303789416581625	-0.5499342935532939	1.2527561800103475	0.8953873365853092	-0.14902138213357072	-0.010143515516567716	-0.510903142836327	-0.9387579620293868	0.1683114345858706	0.1568358188097462	0.5361894123715293	-0.13672101347694532	0.6664535865419107	0.819327070362091	0.8139412159029051	1.3549887210288465	1.3148938905955587	0.1639216919189771	-0.08497289140441762	-0.48070083986230333	0.9788570214327518	1.0141912373251305	-1.1321829249455646	-0.20695512533701615	-0.4983602208997907	1.0521389804646994	1.0661778503154806	-1.2354611998324174	1.2313750139712396	1.881403240740472	1.1675733720315118	1.980597672419121	0.0	0.8669773600224252	0.44977909839760843	0.3532086439929653	0.08879471068548682	8.740071197794799e-05	1.6619349062878996	1.7117615994713227	1.3664717478628559	1.2250753198812412	1.366471748261585	1.2250753210308833	-1.6398355836232017	-1.0135241844235041	1.0427080388812833	1.0575113524373743	0.9740596795542822	0.9868192536938386	-0.16456619476436699	-0.1410006230342126	-0.22950572727939053	-0.22447119246877176	-0.1772312650166316	-0.2114631998010204	0.0827117418952336	0.044013894925800094	-0.23917365794402473	-0.23533727652050215	-0.3354002909550661	-0.3406428975950857	0.0961040442361523	0.081735374114382	-0.24107087458122803	-0.23724141863464526	-0.3372298315939875	-0.3399452101226233	0.0998683396762966	0.08873651769878027
R2	-0.35899703758628754	-0.25837311176016037	0.6743425527907693	0.23325254624252734	0.4051224224064089	-0.7449327013081323	-0.7842577993106346	-0.686653315782093	0.47004179960225606	-0.744932700925245	-0.35899703758628754	0.46044873235768263	0.4051224224064089	0.45164374807204055	-0.7449327013081323	0.5866926110612908	0.5817715530185156	0.4333431406780602	-0.7842577993106346	0.585773275660816	-0.477585542378217	0.5045614964634869	0.4764739342440251	0.07925320877671975	0.54028625251936	-0.3951272234419911	0.519643651580547	-0.014964667260377108	-0.8032232809699432	-0.7634557371141287	-0.7947347169188649	-0.8028243305408257	-0.6301809572378947	-0.06577123687640365	-0.07242140082750294	-0.5495141781112687	0.22743393819926083	-0.724315940483288	0.8305980000945005	0.5447573281745108	-0.41218806149301135	-0.04620820339328069	-0.14759944490039067	-0.47897051646684025	0.1046090764696792	0.4204636029910199	0.16721983029383305	-0.23077355236422986	0.25903845346778726	0.3739565064381676	0.3757119890972256	0.8160462275157164	0.8489662449234289	0.4273920236136416	-0.3647332508672452	-0.48107229035049653	0.5203015662054766	0.5373659931245981	-0.7895440976355196	-0.41851163581289214	-0.48364981853306505	0.5464100889974992	0.5584870963338996	-0.7636294305978667	0.8094205761342369	0.7692314736455113	0.8116764031392452	0.8123581433946846	0.8669773600224252	0.0	0.45629556766678725	0.3915917033685261	-0.06625108951134429	-0.11401824591075573	0.8814884807500575	0.8972234930694595	0.9712348347621377	1.041946258651288	0.9712348343806618	1.0419462574532672	-0.6375585353941445	-0.428069598158445	0.7498739517522518	0.7583702098891956	0.7210256047479069	0.7285275272949258	0.03080579496249851	0.03621429223634881	0.04115723355608566	0.05330074389030839	-0.06866457316497268	-0.08463368347756718	-0.17561281693974462	-0.2094393240809294	0.03516558772337046	0.046062613020305544	-0.06855934943432972	-0.06694796074124548	-0.1558850444289846	-0.17594819952184	0.03400113277579315	0.04468594964137167	-0.06951453984661507	-0.06472469305031585	-0.1547545578333222	-0.1724944482132799
R2*-E5	0.032769878869498836	0.11224361050301368	0.5017805815706018	0.30067581374035807	0.3213875265666338	-0.3037305935468348	-0.43302103048550944	-0.333086750472382	0.43735969869427066	-0.3037305936784754	0.032769878869498836	0.32702998393403065	0.3213875265666338	0.4132420139742711	-0.3037305935468348	0.46464036920393376	0.48358330753747375	0.37996234803606427	-0.43302103048550944	0.44056693680065234	-0.4751056936275685	0.4638707553879624	0.4342383747150783	-0.08161911770546347	0.35574590292671715	-0.0016595481981523208	0.46108973855247776	-0.0009189361725614275	-0.36231080469941546	-0.39443240032982013	-0.4582512213065222	-0.44375526344502836	-0.25113422347207637	-0.0121658910872909	-0.0650155296289684	-0.20877568061245025	0.19229268385105097	-0.3477312564723063	0.48888279082996144	0.509328593473982	0.02121504356087553	0.13677955648937484	-0.28572434901191146	-0.38404572723704256	0.22983918922841262	-0.025833551902027203	0.39086127970139006	0.07490907091372603	0.4027648036104993	0.4549902178117192	0.4538731095180164	0.46667072995683445	0.4777518789368474	0.03762179989497662	0.006968320681171203	-0.3454682443621701	0.4630133838657816	0.44554220710024106	-0.4554439568627472	-0.13386191221321242	-0.35476651111809204	0.4289810077774039	0.4132753750846851	-0.5020350828201523	0.3891941541686168	0.470840059812396	0.4947501305918708	0.485818443545125	0.44977909839760843	0.45629556766678725	0.0	1.69951892166097	1.1309273573991168	0.9114425802665318	0.5080147578175163	0.4924506326772399	0.5655954148996392	0.5209667793633249	0.5655954147883174	0.5209667794638557	-0.3851660093749032	-0.3555472357531008	1.1632399154927955	1.1554530733481037	1.1763592664428513	1.1681181535850926	0.089070987450574	0.08917283183383667	0.007170866300188778	0.011344856927755833	0.4977369556263931	0.4596038389550956	0.47785783806712673	0.45159317883577443	0.011637086015327753	0.012510539436854574	0.06072225586253433	0.06474813564334236	0.06734086424894262	0.07229940762763518	0.011529939995522234	0.012294493371833201	0.04674586473977381	0.04478804782024575	0.0539060852858117	0.05324615243066131
R2*-E4	0.018469794328497633	0.08521178597909052	0.4079124438485981	0.24456748061866648	0.2701222591933578	-0.256003976449469	-0.3515770743776033	-0.27584643527389335	0.35866543048606686	-0.2560039763561283	0.018469794328497633	0.2817601162126414	0.2701222591933578	0.33612848938180695	-0.256003976449469	0.37463112605219323	0.3931456182303234	0.31866290134969993	-0.3515770743776033	0.3505036622285422	-0.3890589229365813	0.3781661420199876	0.3489573759993918	-0.07970934211496472	0.2759328873582354	-0.010035002052152107	0.37437734877704343	-0.001694904618915021	-0.3004573249493555	-0.32015464932306015	-0.3706417069804361	-0.3583874665188806	-0.2044419925827043	-0.008504452578409163	-0.058571689416865	-0.17107435813707042	0.1644254336924754	-0.296231730225655	0.39720074758046214	0.41980396506201056	0.010924827791856738	0.13219322147888699	-0.2215530713190428	-0.30451790139532475	0.20981845000164714	-0.0153686884743443	0.319991660557842	0.0730062604918168	0.32445101641198326	0.36724379616872554	0.3667935357940862	0.3743213831207016	0.3857567308946227	0.043899123846703456	-0.0061796395538679634	-0.30377412550546434	0.3760196656896741	0.35947555926935726	-0.370123686722021	-0.12981622570361923	-0.3109270993769379	0.34170770958662205	0.3273819475170225	-0.4070980452081653	0.31472687761736906	0.3740626434300715	0.4012352864239085	0.38553575604832235	0.3532086439929653	0.391591703368526	1.6995189216609705	0.0	1.0481146138931134	1.1557449021724993	0.4028500156659211	0.3894546326239262	0.4577108480552036	0.4258686860301362	0.45771084789998906	0.4258686859467426	-0.2953658297468201	-0.2775263417825776	0.9359710183398959	0.9311150116334066	1.0739355236941823	1.0680118366161877	0.10646893407776933	0.10302064093324678	0.038934712447125236	0.044192541638644244	0.5067509044901455	0.5367517638223971	0.43817122800278824	0.47143953212484113	0.04359236505121565	0.04525125932054558	0.09672280553463035	0.1022516017262977	0.044529558135755154	0.049301820572674904	0.043770323645009455	0.045362173235997054	0.08245353135834253	0.08240021865806224	0.030378473132709524	0.029995082166807383
R2'-E5	0.2687092239753074	0.31118180163209186	0.18895654294379646	0.2143268330278037	0.12323300840213439	0.03595653056148548	-0.0825148430242248	-0.013422856973197348	0.2191555395119154	0.03595653039385275	0.2687092239753074	0.10762984608203555	0.12323300840213439	0.2049274412057006	0.03595653056148548	0.19551156613289386	0.21214256182907712	0.17922401793803827	-0.0825148430242248	0.17761333487761816	-0.2509484995042211	0.22923355065605194	0.2219712415150498	-0.1596879530927716	0.11705845619285056	0.2416922599410593	0.22284521423486522	0.008965573042944508	-0.01072317867391082	-0.05343408110163561	-0.10464414381006992	-0.08964792826054216	0.05658555201046435	0.0210620589746686	-0.017705062052123084	0.0705127682026941	0.07856167553730681	-0.025911389698598145	0.11952319200937064	0.24517238338398525	0.28020376799394575	0.17551296079740333	-0.2685283753778306	-0.1701458696727072	0.18715117251611219	-0.28787129435272274	0.35182585768663105	0.22179180838466866	0.3116916263662963	0.30307966014638005	0.3007312595426145	0.1078505600355817	0.10681399855337259	-0.21562886858013539	0.2425357844755109	-0.11545910966218706	0.22188204968343944	0.20095760241938626	-0.10093087181576875	0.10965276014870584	-0.1237537359511754	0.1875435155318045	0.16985802576058276	-0.1489972140658431	0.04641312048429326	0.1319882121276143	0.134617709956595	0.13428317369225573	0.08879471068548682	-0.06625108951134429	1.1309273573991165	1.0481146138931134	0.0	1.59495007958711	0.13695584944840045	0.11883396433548772	0.15714584352775912	0.10936968596617135	0.15714584345725266	0.1093696864299705	-0.12172440315141297	-0.1753790134184058	0.5714850122314021	0.5660080660672928	0.5907000802677208	0.5852730286179801	0.0715069264639564	0.07203597017890545	-0.02951419132279622	-0.03290299088336753	0.6308195961390628	0.5911058104764274	0.6883117392079583	0.6799560352162156	-0.02187941261563047	-0.027709847590307642	0.07689932753915578	0.07862804880234332	0.14934465716606168	0.16479034188062927	-0.021504908691679415	-0.027369884515289593	0.06651623519700739	0.06138289014373537	0.13911824146070592	0.14882594508434727
R2'-E4	0.23967831455157929	0.26625816767109595	0.10081202550403374	0.1492181987266168	0.06949075204041172	0.07797625022870222	-0.00857194850958858	0.03836933758846436	0.13894137955669014	0.07797625029194069	0.23967831455157929	0.05908705613391561	0.06949075204041172	0.1260850672174137	0.07797625022870222	0.10724205262372276	0.12371974667193696	0.11431027323677613	-0.00857194850958858	0.08932353494542986	-0.16451642651710388	0.1434161054233866	0.13507722542266878	-0.15438691327696402	0.035956075166545504	0.22071578503989184	0.13630565301822198	0.008071840744183904	0.045418313983799516	0.014161757455605132	-0.025027132958177094	-0.012189393820762728	0.09750347701723085	0.024372799325955232	-0.011310132978765545	0.10484135674709646	0.046811322618458856	0.020763444013510865	0.03739875282207567	0.15945368318365571	0.2544021537432295	0.16421325235106168	-0.1927514107686458	-0.08895109494930249	0.1602015379980448	-0.26195236221311563	0.265698477912047	0.20919630356189436	0.22223270217652064	0.20907389875913177	0.20755473242833902	0.024379166528341472	0.024432151199467036	-0.19874328500707636	0.21600493245305208	-0.07500753026647755	0.1353770009036112	0.11544705440473126	-0.023938963873156083	0.107003084133463	-0.08101489003682436	0.10103883099831239	0.08472328074563996	-0.06414287078924161	-0.023654655656755313	0.04155488494618887	0.04947543766816972	0.042230295242792995	8.740071197794762e-05	-0.11401824591075573	0.9114425802665318	1.155744902172499	1.5949500795871099	0.0	0.04369170891124725	0.027797655203881923	0.06693664921013107	0.02900884700376507	0.06693664907844911	0.02900884727331147	-0.03421467982070618	-0.09366584888658598	0.4405225611504463	0.4366115794172237	0.5221679497978696	0.518680033054046	0.08790496793988291	0.08400412166822285	0.00592748393615064	0.0038522680502311646	0.6127207147270737	0.6625121385284329	0.6018721430276956	0.674734308942763	0.013869562694543779	0.009113018335639706	0.11412871903150903	0.11680729481494771	0.11893052273960146	0.13293148357349904	0.014514395780730695	0.009762167238594351	0.10360169051927594	0.10002557355219527	0.10804930193282448	0.11695703497624295
R1	-0.06660206438894645	0.05636337915969058	1.2295341231730597	0.609591831266807	0.6668051786639517	-0.6924879262956605	-1.1147373816303519	-0.7893235551712212	0.9218467991167466	-0.6924879266955369	-0.06660206438894645	0.5228781575507416	0.6668051786639517	0.8898625268136349	-0.6924879262956605	1.0241934951332066	0.9999060574417027	0.7024316075284518	-1.1147373816303519	1.0639315935038227	-0.9612561458666881	1.0140700643870941	1.0077060534225462	0.09397007732324941	1.1005521449088402	-0.118615541831128	1.039759619589971	-0.024301304744296235	-0.8509907081220103	-1.0022993026846538	-1.2348692646347141	-1.1912376032196685	-0.7172527527370481	-0.05541441427686877	-0.07315207334285091	-0.6037763347568424	0.3166198672361978	-0.6200206553896953	1.2565708554121147	0.9331145310416722	-0.14584349509706837	0.04700581182656028	-0.5415046768323601	-0.9867139346648138	0.22781687069956186	0.1516619504926418	0.5424411590310784	-0.14925054896082174	0.6684966787284861	0.8555246609497558	0.8500388475838467	1.3704087461986525	1.3176974654727887	0.14854769542868232	-0.07673626268232926	-0.4622617906143632	1.0415766246746267	1.0613070186980058	-1.1659508196864539	-0.1994672033902153	-0.47961499495732746	1.0986216838981973	1.102011048099387	-1.2826823569302208	1.0283715543750396	1.4945172236301567	1.2566511543472347	1.6756132016585301	1.6619349062879	0.8814884807500575	0.5080147578175163	0.4028500156659211	0.13695584944840042	0.04369170891124725	0.0	2.857923867317789	1.795984365537162	1.4114803367919024	1.795984364851259	1.4114803386029904	-1.1958962388415875	-0.8642970874860125	1.2254803302286694	1.227215346766035	1.1323187320032828	1.1332423231779314	-0.13448392196146927	-0.11231874152219776	-0.20422446142202444	-0.20213910141412422	-0.10878832533473909	-0.14824593929489965	0.10917873834791081	0.06953328147579094	-0.20863337928587264	-0.2075336642401318	-0.2829830584294668	-0.2911692867437378	0.08983621939162625	0.07786489202444968	-0.21023167765330264	-0.20920245535616372	-0.2865932425479798	-0.2933594553645876	0.09046881977589735	0.08065176322727538
R1-B1c	-0.06647584009887482	0.05651853587239398	1.2148169936277469	0.5919250114847798	0.6458260306262409	-0.6835515542131455	-1.0928365871504782	-0.7697870965121714	0.9026185746143757	-0.6835515545020135	-0.06647584009887482	0.5402047984346031	0.6458260306262409	0.873716299750545	-0.6835515542131455	1.0274171195370292	1.0056320783099355	0.6947988296706525	-1.0928365871504782	1.0602221820178304	-0.942830932499592	0.9923817362631037	0.9855090315791721	0.03762700252218391	1.0256971267963555	-0.11725555804408272	1.0187006841323183	-0.02240346516782845	-0.8381249112471784	-0.9782233870480462	-1.2074839274735505	-1.1628438993562507	-0.7082693343944232	-0.05126025923861565	-0.07006605097590983	-0.600877131280433	0.29230507528269734	-0.604462418295285	1.2431686434088849	0.9133415009568275	-0.1416401719685322	0.036561293759246	-0.5327287578552689	-0.9640628733768156	0.21599695533209862	0.14724006556399952	0.5421327880462604	-0.14058582550027754	0.6655179000089589	0.8464973782401036	0.8412780023190207	1.3402127132924795	1.2973479222065842	0.1506026598498986	-0.07705111477242567	-0.5228524136293133	1.0178942199083971	1.0362694493741895	-1.1432441504367812	-0.20318994308947258	-0.5403186859476194	1.07544222987993	1.0787388939015452	-1.2575982053313755	1.0214292911531397	1.3747748747994188	1.1250761024707845	1.52585855222496	1.7117615994713222	0.8972234930694596	0.4924506326772399	0.3894546326239262	0.11883396433548772	0.027797655203881916	2.85792386731779	0.0	1.6682281640094712	1.359211802784533	1.6682281636279146	1.3592118041177375	-1.2227068775616436	-0.7928164185624498	1.1918483005764542	1.2090442992747026	1.1037240699649902	1.117674693995937	-0.13881663077123246	-0.11611866204619206	-0.2132151605609398	-0.21030957713294907	-0.1303085236073826	-0.17009187284754113	0.10113275168740285	0.0593979034596792	-0.22051718375378257	-0.21878960671490294	-0.2994672353082515	-0.30785973348871537	0.09463784526300106	0.08093277320233419	-0.22230681117184398	-0.2206552789704929	-0.302210523171008	-0.3087633759710437	0.09653183209997837	0.08544439297459358
MPRAGE-MyelinW	-0.1046656184274426	0.017328740114131793	1.1548770519902887	0.575963547197571	0.6689879573460532	-0.7272922547224613	-1.1053981298042128	-0.8115026207896865	0.8797333213310853	-0.7272922550584703	-0.1046656184274426	0.5179422081645625	0.6689879573460532	0.8396051887255157	-0.7272922547224613	0.9546727308900551	0.9431765722448237	0.6998216554844303	-1.1053981298042128	0.9807387065155325	-0.922275129605326	0.9619680565831263	0.9404292735742577	0.10241492520917443	1.0177613746375074	-0.15550633718033138	0.9854350075935756	-0.020959017524501213	-0.8789732408903018	-0.9951627543769898	-1.21463098252138	-1.1733089986417895	-0.7174507723113949	-0.06437920127071317	-0.0855581140066032	-0.5854224070946777	0.31850887529078986	-0.6838790499772807	1.2271016663716168	0.9160027738921986	-0.18263212411145952	0.08367941884147795	-0.4941673200201864	-0.9122517001317658	0.2644256503856369	0.18784011766803752	0.4983657022636036	-0.15348923144919516	0.6120936330098761	0.801313976784058	0.7982199210739173	1.3000565252332934	1.274304431032342	0.18537657343573424	-0.11586745644118937	-0.45997183319004564	0.98773236112186	1.0056790678085568	-1.1521933451826227	-0.23884757162853648	-0.4752964749330996	1.0199652609539582	1.0247612133888857	-1.2390411730992101	0.9094083416299856	1.3578849799334645	1.29837877019991	1.4843429263904957	1.3664717478628559	0.9712348347621377	0.5655954148996392	0.4577108480552036	0.15714584352775912	0.06693664921013108	1.7959843655371615	1.6682281640094718	0.0	2.025548944070891	4.9517187756431005	2.0255489467419543	-1.010099396014861	-0.812220064382303	1.2412491907930279	1.2258588210098602	1.1510785043116345	1.1372558036044764	-0.08314925378560431	-0.06491677094837393	-0.13127871762116472	-0.1256041849887907	-0.043629295857213105	-0.07651266487800112	0.07856842501642897	0.04047835052006824	-0.13503648283297423	-0.1299018409132433	-0.205684971505546	-0.2084738269149799	0.034138206153685936	0.021065069142944516	-0.136216082995182	-0.13109684951141404	-0.2107095406071267	-0.21289603896778755	0.031207162849812994	0.01833788617516881
SPACE-MyelinW	-0.18375896062785368	-0.0661623811005541	1.0444779020452062	0.49217369413748796	0.6189593526291518	-0.7743443443685273	-1.0768832997995874	-0.8263036345448018	0.7670388541849164	-0.7743443447410254	-0.18375896062785368	0.5037382427092143	0.6189593526291518	0.7341108643384066	-0.7743443443685273	0.8680087256724874	0.8543922521847466	0.6348870245504837	-1.0768832997995874	0.8923567479896878	-0.7962899428581309	0.8327294194304229	0.8122323153507748	0.13457525404224702	0.9205695883640849	-0.23154144153457798	0.8578098498063436	-0.02206703254094582	-0.9142210405385487	-0.9898829010742527	-1.1582518010033616	-1.1362654642400232	-0.7318944156978516	-0.07655322494350092	-0.08305412022421604	-0.5960542356047518	0.31324539857839595	-0.7469515302699716	1.1683522614906487	0.8125865305358051	-0.2562871593761767	0.04168330870806467	-0.3980411487109594	-0.8019761570849998	0.21986415452440022	0.26314759663029713	0.3986394777846138	-0.19597779206897134	0.5110689805386227	0.6795943708863693	0.6791770671713949	1.221410189458606	1.2188428316357467	0.259327625041553	-0.1902600685296868	-0.4438390300062252	0.858723371842265	0.8940576926060021	-1.1070497896123088	-0.29040439511204785	-0.45615873818287284	0.8989746760052116	0.9218076726704436	-1.139670301818262	0.8655898397485104	1.2096878028955402	1.22233674852223	1.2977414307607273	1.2250753198812412	1.041946258651288	0.520966779363325	0.4258686860301362	0.10936968596617136	0.02900884700376507	1.4114803367919027	1.3592118027845332	2.025548944070891	0.0	2.0255489440236913	4.9517187756431005	-0.8908743941582233	-0.7146407648119274	1.0546207331938875	1.0448413912610244	0.9925993520194732	0.9830873528134436	-0.04523581828955925	-0.02940011639684493	-0.07405264251360541	-0.06421266669596222	-0.0432088815298612	-0.06662649431414895	-0.0015833760616105832	-0.037429448863566396	-0.0797884689916948	-0.07004554592265572	-0.1653644666933466	-0.16200793904249083	-0.03356598690804436	-0.04945545338381733	-0.0808694557761264	-0.07107369370125971	-0.16836636958344323	-0.1630860403132029	-0.034477018988222426	-0.04937448939150479
Scaled MPRAGE-MyelinW	-0.10466561821778443	0.017328740372233645	1.1548770529154417	0.5759635474985675	0.6689879575423181	-0.7272922547338965	-1.1053981298671285	-0.8115026206437356	0.8797333216122268	-0.7272922550699061	-0.10466561821778443	0.5179422084279143	0.6689879575423181	0.8396051888272857	-0.7272922547338965	0.9546727313001103	0.9431765726471621	0.6998216556778476	-1.1053981298671285	0.9807387069295845	-0.922275129969552	0.9619680568756949	0.940429273919559	0.10241492474295452	1.0177613747778336	-0.15550633695705215	0.9854350078808164	-0.020959017128040807	-0.8789732408295868	-0.9951627541450123	-1.2146309827544763	-1.1733089987136465	-0.7174507723799972	-0.0643792014025797	-0.08555811386260913	-0.585422407195299	0.31850887528671373	-0.6838790493919928	1.2271016665761147	0.916002774284986	-0.1826321239989926	0.08367941903172454	-0.4941673202289554	-0.9122517003679307	0.2644256506169807	0.18784011757178068	0.498365702660311	-0.15348923131754377	0.6120936333649581	0.8013139772646148	0.798219921547243	1.3000565254279932	1.2743044311636267	0.1853765732709397	-0.11586745620153728	-0.4599718336408671	0.9877323613934196	1.005679067946973	-1.1521933452628679	-0.23884757147642574	-0.4752964753852984	1.0199652612214276	1.024761213631949	-1.2390411733676021	0.9094083413086052	1.3578849796568462	1.2983787694397297	1.4843429259721588	1.3664717482615847	0.9712348343806618	0.5655954147883174	0.45771084789998906	0.15714584345725266	0.06693664907844911	1.7959843648512597	1.668228163627915	4.9517187756431005	2.0255489440236913	0.0	2.0255489466947907	-1.0100993960627414	-0.8122200639263889	1.2412491904725331	1.2258588207947727	1.1510785041043965	1.1372558035342775	-0.08314925327900033	-0.0649167701328266	-0.13127871738102737	-0.1256041846910328	-0.04362929577045517	-0.07651266477351798	0.0785684249767807	0.04047835035951305	-0.1350364825867906	-0.12990184058182425	-0.20568497139319536	-0.20847382669705888	0.0341382059937796	0.02106506888017887	-0.13621608274624603	-0.1310968491804126	-0.2107095405254577	-0.21289603878556576	0.031207162650644944	0.018337885839074645
Scaled SPACE-MyelinW	-0.18375895990356328	-0.06616238032170428	1.044477903345812	0.4921736947504601	0.6189593533100551	-0.7743443439128577	-1.0768833008389629	-0.8263036349092548	0.767038855296476	-0.7743443442853543	-0.18375895990356328	0.5037382430665732	0.6189593533100551	0.7341108654192006	-0.7743443439128577	0.8680087268510409	0.854392253289614	0.6348870249793647	-1.0768833008389629	0.8923567492050495	-0.7962899439075692	0.8327294205849213	0.8122323163545487	0.1345752547908223	0.9205695900214803	-0.23154144083154862	0.8578098510310253	-0.02206703212576244	-0.9142210402809582	-0.9898829019356975	-1.158251802185953	-1.1362654654022841	-0.7318944160255392	-0.07655322507262052	-0.08305411951665442	-0.5960542352482153	0.3132453981754641	-0.7469515301423411	1.1683522627127516	0.8125865312457847	-0.25628715870617463	0.04168330869928899	-0.3980411494370365	-0.8019761580083341	0.21986415458977265	0.2631475959774677	0.39863947871380445	-0.19597779164636098	0.5110689815912108	0.679594372004975	0.6791770682818666	1.2214101910577044	1.218842833041869	0.2593276244521826	-0.19026006780044538	-0.44383902894638555	0.8587233731961753	0.8940576937611802	-1.1070497908780597	-0.29040439451805233	-0.45615873716325234	0.8989746771581625	0.9218076737181573	-1.1396703032405562	0.8655898394847489	1.2096878036795158	1.2223367474121811	1.2977414316546825	1.2250753210308833	1.0419462574532672	0.5209667794638557	0.4258686859467426	0.10936968642997053	0.02900884727331147	1.4114803386029904	1.3592118041177377	2.025548946741954	4.9517187756431005	2.0255489466947907	0.0	-0.8908743950286109	-0.7146407651998916	1.0546207344115888	1.0448413925632651	0.9925993529245083	0.9830873538671769	-0.04523581888904624	-0.02940011688217921	-0.07405264407522504	-0.0642126680530473	-0.043208882511517166	-0.06662649524415723	-0.0015833746740550679	-0.037429447681734	-0.07978847045270483	-0.0700455471999623	-0.16536446783465375	-0.1620079399118116	-0.033565985248757285	-0.04945545184306372	-0.08086945724942943	-0.0710736949901914	-0.16836637082126027	-0.1630860413342195	-0.03447701731440906	-0.049374487876440366
G-ihMTsat	-0.08238480766737369	-0.19621465966748708	-0.9131235356833838	-0.5819269200331852	-0.47188550173510935	0.4420277544911176	0.7572044499614357	0.5166280930261079	-0.7564375947993449	0.44202775472120376	-0.08238480766737369	-0.4212748611881997	-0.47188550173510935	-0.7514077083854127	0.4420277544911176	-0.8466251694541512	-0.8156505331402621	-0.5831286797104035	0.7572044499614357	-0.8952160446538131	0.7866946821751976	-0.829096316419348	-0.8803410063427065	0.04729162989013447	-0.8683129186152514	-0.0343406401397307	-0.8476851364441664	0.021961168673924343	0.5654402227140835	0.6850739893426133	0.8334001647050414	0.8043678464004488	0.5204471799788436	0.031968468952746146	0.046319175505479177	0.4269449593265055	-0.21872671468136312	0.35789436312957035	-0.854365782693263	-0.7280485988915966	-0.0029681405221636385	-0.0079595056302712	0.6240078954648909	0.8184154198027046	-0.1406297084095049	-0.0036814710441622094	-0.5781419358843729	0.06386692235562896	-0.6828270508731545	-0.8126557476493231	-0.8040422250772192	-0.9331924724462816	-0.8898852734994638	0.002315073540599237	-0.07519327461554641	0.3838672279375642	-0.8511571133218437	-0.8725447338658422	0.7895367408121449	0.04841815328701342	0.4004807694963136	-0.9364486837752789	-0.933779510543874	0.8754437404380934	-1.0405009391028377	-1.3975462483040155	-0.8880850126867255	-1.3935848750869118	-1.6398355836232015	-0.6375585353941445	-0.3851660093749032	-0.2953658297468201	-0.12172440315141297	-0.03421467982070618	-1.1958962388415875	-1.2227068775616436	-1.0100993960148612	-0.8908743941582233	-1.0100993960627414	-0.8908743950286111	0.0	1.328291931401128	-0.85572664171151	-0.8682694430988556	-0.8025421622531799	-0.8138140341805972	0.17448362760302813	0.1504490085300624	0.246714936389362	0.24366109190159757	0.1499607459593214	0.18510056488157245	-0.1445880475044371	-0.10816301624392244	0.25472907991269744	0.2528546726135042	0.3326242353678939	0.3388694830377349	-0.13433578984514996	-0.12370909007357285	0.2566739496640794	0.25484166527621693	0.334227112695455	0.3379796391870653	-0.13782489735999284	-0.13016978731720422
G-ihMTR	-0.12031497792729277	-0.21363338305638999	-0.6947144305969033	-0.5498758319923749	-0.4172827140790691	0.33125652545467477	0.5856507963489694	0.4187951759854921	-0.6381992630422172	0.331256525896241	-0.12031497792729277	-0.25840227195670773	-0.4172827140790691	-0.6322406550012152	0.33125652545467477	-0.6261921748313656	-0.5971607429163247	-0.48528102679092183	0.5856507963489694	-0.6808143251613521	0.6561012638455588	-0.6906037098811607	-0.7462768916699116	-0.16646613393278933	-0.8577120461577261	-0.07475440650919253	-0.7016548550034429	0.025789978381186657	0.4343341850080863	0.5465216027610916	0.6450787183361604	0.6274405069885075	0.4115336499443695	0.038772246898981205	0.03803303953768568	0.31931374707683624	-0.2600996346915504	0.28074357660301036	-0.6289138181687032	-0.5990989081675683	-0.030008019907355597	-0.035477398300827766	0.5899713591279714	0.6961558406224879	-0.13770655121722178	0.023633542525137118	-0.48804027149389057	0.07216772431481139	-0.5713944668235611	-0.6804797682351139	-0.6724440704897319	-0.7089410041623034	-0.6614233992720597	0.06216043998427447	-0.11576679519685111	0.07865839751955556	-0.7074006537301727	-0.7245946006058804	0.6078874995541483	-0.02235811524228591	0.09404864264104994	-0.7724159020720409	-0.7688374508995539	0.6693893463458156	-0.8262762458675509	-1.3250802652298157	-0.9616469947346273	-1.2423267956380817	-1.0135241844235041	-0.4280695981584451	-0.3555472357531008	-0.2775263417825776	-0.1753790134184058	-0.09366584888658598	-0.8642970874860124	-0.7928164185624498	-0.8122200643823032	-0.7146407648119275	-0.8122200639263889	-0.7146407651998916	1.3282919314011281	0.0	-0.6944868452830631	-0.6628049187166282	-0.6566420660903234	-0.6254464971260916	0.16031287957885335	0.1396097667904474	0.20436457997233268	0.20815568684913743	0.062288091057280545	0.09166424975673118	-0.18001562710013058	-0.16050549595055386	0.20266184785848904	0.2066689482955947	0.24577282217189017	0.25237369051914205	-0.12930110457470023	-0.13021236293891028	0.20350061918879803	0.2075769597190253	0.24978365180473672	0.25566660537371966	-0.12827621132479627	-0.1303447921709588
Q-Ratio-E5	0.01236925371744424	0.13539975375938035	1.0241925454364624	0.5628607379828883	0.5896402808067673	-0.5585339119400914	-0.8770307106632962	-0.631962332210479	0.8367385916279042	-0.5585339122655701	0.01236925371744424	0.520238681145477	0.5896402808067673	0.795285084794786	-0.5585339119400914	0.8941171395987882	0.912462594475872	0.6727402054992487	-0.8770307106632962	0.8780627815731537	-0.9029960590000062	0.9092265954371538	0.8705598533069695	-0.03754876369949726	0.7826732438818059	-0.0369823902869761	0.9134495378399523	-0.012963810105376701	-0.6795634369935201	-0.7784652332444886	-0.9528135571124049	-0.9119786626732849	-0.5437678986515658	-0.03316715913421909	-0.08635360089977687	-0.45196698515039796	0.2930191119643253	-0.5332538926913535	1.0061634869960148	0.9179486679461745	-0.03722143768043786	0.1384189736581922	-0.5176785736789888	-0.7941151538970003	0.3014821526817365	0.035489495974834126	0.612353049246355	-0.005080743966959534	0.6820877009490415	0.8300510300291519	0.8260622323881095	1.0058027643778895	1.0045047699657137	0.08226597292727426	-0.013787205483419898	-0.5222009344249746	0.9176088660044448	0.8966109808549871	-0.9277117203707851	-0.19045418718967483	-0.5402371649871988	0.8926059435014941	0.8676045823411087	-1.0436201103543652	0.7687296299280627	1.0275251418324458	0.9622831211695282	1.0877014695380613	1.0427080388812833	0.7498739517522518	1.1632399154927955	0.9359710183398959	0.5714850122314021	0.4405225611504463	1.2254803302286694	1.1918483005764542	1.2412491907930279	1.0546207331938877	1.2412491904725331	1.054620734411589	-0.85572664171151	-0.6944868452830629	0.0	3.45829333438006	2.360824697490062	2.2989407834441224	-0.03018795229084877	-0.018644958628677377	-0.12961033692808377	-0.12689615116551392	0.19192061640767455	0.15025366144569702	0.3523723227916839	0.3124406545491674	-0.12885436006715892	-0.12944227150669874	-0.12139263742015742	-0.12388787264909397	0.1306274287757717	0.12908474765324696	-0.12974499353204175	-0.1303845356362328	-0.13559283139266348	-0.14280854930585266	0.11795797855497533	0.11237646820569161
Q-Ratio-E5-B1c	0.013218547592703547	0.13671186640977734	1.0270459328555614	0.5558180033200153	0.5808135440920248	-0.5563054454164928	-0.8749513885513688	-0.626519362430618	0.8319916714368863	-0.5563054455744386	0.013218547592703547	0.5326086779955104	0.5808135440920248	0.7920704410100651	-0.5563054454164928	0.904318153241104	0.92332222840009	0.6715718897536842	-0.8749513885513688	0.8849686388730232	-0.8995873619600985	0.9047237662235684	0.8662235087314041	-0.06708893996961753	0.7615331119596298	-0.035706276517100885	0.9098968814717786	-0.011976450918977196	-0.6772699539811521	-0.7744303278727502	-0.950515435177165	-0.9089240471324063	-0.5417578157789047	-0.030709095222662873	-0.0856023111909371	-0.45336813558578576	0.28056818536592815	-0.5286057271420483	1.0093761868597015	0.9134349421994206	-0.03434091800833853	0.13020418031658526	-0.516121368991863	-0.7905155357536245	0.2931547004053737	0.032477781279228506	0.6163606151351816	-0.00042102301313811947	0.6857606855888319	0.8306797909753367	0.8268018202087066	1.0045916507891792	1.0058408311515499	0.0825151871711714	-0.012990948441251265	-0.5583652378937256	0.9130054566506492	0.892163418899251	-0.9259635894181457	-0.19212310262095006	-0.576732648703145	0.8892587675120633	0.8644433419994362	-1.042809103857325	0.7682868819577556	0.9988160834110122	0.913817332739087	1.0600426774988587	1.0575113524373743	0.7583702098891956	1.1554530733481037	0.9311150116334066	0.5660080660672928	0.4366115794172238	1.2272153467660347	1.2090442992747021	1.2258588210098602	1.0448413912610244	1.2258588207947727	1.0448413925632654	-0.8682694430988556	-0.6628049187166282	3.45829333438006	0.0	2.3093953582647875	2.3558604751930785	-0.03519828192876752	-0.023187912249291502	-0.13694244760541935	-0.13356975254352094	0.18180435744462972	0.14035220069067408	0.3532366330925941	0.31196437064207067	-0.1382834545716859	-0.13838355738160965	-0.13281684673964372	-0.1352323327252594	0.13638323865581928	0.13384155240740747	-0.13928088992245544	-0.13942426019657425	-0.14669425745236164	-0.1536030972860532	0.12430923613897182	0.11802311127375938
Q-Ratio-E4	0.012484697408645443	0.13223130220452028	0.97328233549416	0.5470900475958193	0.5750626776073341	-0.5380387063721381	-0.8337953052947944	-0.6065920281795799	0.8053587633621824	-0.5380387065426381	0.012484697408645443	0.5095939144518489	0.5750626776073341	0.7629849029972849	-0.5380387063721381	0.8495390566563763	0.8697693645409494	0.6540540680288333	-0.8337953052947944	0.8299938706042486	-0.8648265512647306	0.8706565450728344	0.8302563147318105	-0.044413294980960645	0.7388035376782186	-0.034922800707086886	0.8732172627314627	-0.01370428791485953	-0.650876550149402	-0.7400217116976906	-0.902627990676961	-0.8637396141265206	-0.5222538739197302	-0.0310206843626249	-0.08505333877354115	-0.434965992829275	0.2837270679116551	-0.5105840429172959	0.9535638280309968	0.8783504495071859	-0.035721285218928304	0.14497135235494032	-0.4949813592944499	-0.7546511054105377	0.3034180505647798	0.03427752611233006	0.5922271689008026	0.0017451425776929944	0.6543123770983159	0.794131943491318	0.7905849831564924	0.9485993827408198	0.9496129103119476	0.0825848291832682	-0.014556328059274738	-0.5151406351981412	0.8768356405524949	0.8546823382477109	-0.8811042172004937	-0.18981799844940894	-0.5324114208460098	0.8473533223145141	0.8223769136567725	-0.9862047687890516	0.7284227394931524	0.9634045180346019	0.9067819308745282	1.0155589958807536	0.9740596795542822	0.7210256047479069	1.1763592664428517	1.0739355236941825	0.5907000802677208	0.5221679497978696	1.1323187320032828	1.1037240699649902	1.1510785043116343	0.9925993520194732	1.1510785041043965	0.9925993529245082	-0.80254216225318	-0.6566420660903234	2.360824697490062	2.3093953582647866	0.0	3.448706553531449	-0.020225216334717293	-0.009835603288770913	-0.11717412288556726	-0.11428125060076134	0.20868004049171224	0.19321341785375581	0.3574493472244247	0.3443915157885555	-0.11623892762205983	-0.11676066334157993	-0.10310071338719336	-0.1037205552059587	0.12793470969411005	0.12783070936570123	-0.11692959742751614	-0.11746087623980271	-0.11869174261872543	-0.1243913758960769	0.11367734300262948	0.10938771748487036
Q-Ratio-E4-B1c	0.013225600816995406	0.13342559467838402	0.9756124976407003	0.5400378140421594	0.5660986870090075	-0.5358677768659512	-0.831553876279519	-0.6011159188563109	0.8005525313814121	-0.535867776861434	0.013225600816995406	0.5219742983531737	0.5660986870090075	0.7597091724728248	-0.5358677768659512	0.8591172791725855	0.8798997240452667	0.6528337511425428	-0.831553876279519	0.8364560050265346	-0.8612778180131034	0.8661184146961917	0.8259969363935153	-0.07405726436981092	0.7186466940952247	-0.03375745960916086	0.8696366228584373	-0.01259975467445271	-0.6486405337587396	-0.7360214318238683	-0.9001810127290405	-0.8606304972844618	-0.5205310153105048	-0.028698753407512233	-0.0841679526773421	-0.4364444904487394	0.27122881702071566	-0.5055992382709433	0.9562521450298813	0.8738469501866823	-0.03290830682944044	0.13653567459454224	-0.4933972000423791	-0.7511628120062647	0.2948556724611899	0.03133478422095407	0.5961254301571394	0.00634055400163507	0.6578755832440597	0.7945688593904202	0.7911248985229962	0.9471853862225883	0.9505040206800255	0.08288315450247825	-0.0138264490497863	-0.5510984888720176	0.8722465811458365	0.8503316120915644	-0.8791340763079132	-0.1915349273038287	-0.5686629064805853	0.8440615139622517	0.8193195732835292	-0.9851099079333816	0.7273471277144633	0.9359331889705035	0.8605217620603743	0.9899072380804382	0.9868192536938386	0.7285275272949255	1.1681181535850926	1.0680118366161877	0.5852730286179801	0.518680033054046	1.1332423231779314	1.117674693995937	1.1372558036044762	0.9830873528134434	1.1372558035342775	0.9830873538671769	-0.8138140341805972	-0.6254464971260916	2.298940783444123	2.355860475193078	3.4487065535314487	0.0	-0.025127815916837142	-0.014362250722020669	-0.12418891356776456	-0.1205954113347476	0.19872745387010912	0.18373977721174825	0.35836404525912396	0.3442092229694694	-0.1253298568248053	-0.1253410845394717	-0.11412266632354347	-0.11458724654474044	0.1335923801722476	0.1325396148380777	-0.12612415881240843	-0.12613509810383514	-0.12939280582762425	-0.1347304690762885	0.11989709121330491	0.11489911024118885
QSM-SEPIA-E5	-0.13968973131677537	-0.1496141209896955	-0.12907304028531252	-0.14000502936512685	-0.0950877237383412	-0.009770825565243588	0.10485279627314512	0.058954661650873784	-0.13860379642211842	-0.009770825638670867	-0.13968973131677537	-0.022993026274301727	-0.0950877237383412	-0.1422889634455938	-0.009770825565243588	-0.13665478714485074	-0.12740957375627232	-0.07202170794841135	0.10485279627314512	-0.1523126800510009	0.1314881400379694	-0.14271171593684906	-0.15033903506795548	-0.059424646803602724	-0.1774731908588895	-0.1381842046892976	-0.14346900503611298	-0.002230025778262401	0.018464178331660766	0.08741584336705804	0.11251460208940596	0.10892651015548696	0.08242273607641151	7.418254943645832e-06	-0.01300819758321643	0.017763792977710528	0.026335777495450925	-0.05627694913140486	-0.10677067262188791	-0.10262383485198821	-0.09740869204099989	0.005677802637193477	0.16309441518986456	0.15718025379675069	-0.015463542548327465	0.09328991195683801	-0.14800294416117019	0.0032974472931797095	-0.1626421185521526	-0.15709972897570884	-0.1543841593714416	-0.13311968982832653	-0.1164699273444985	0.1332095227359129	-0.14821465769326142	-0.031969122553874164	-0.14282841352089154	-0.14263461317717513	0.10726027166524522	-0.1348127604443708	-0.026269996982129618	-0.14852837996538706	-0.14658083678379524	0.11879534072622662	-0.12523698666904942	-0.15833857072613994	-0.115519964991596	-0.15693899554623494	-0.16456619476436696	0.03080579496249851	0.08907098745057401	0.10646893407776933	0.0715069264639564	0.08790496793988291	-0.1344839219614693	-0.13881663077123246	-0.08314925378560431	-0.04523581828955925	-0.0831492532790003	-0.04523581888904623	0.17448362760302813	0.16031287957885335	-0.03018795229084877	-0.03519828192876752	-0.020225216334717293	-0.025127815916837142	0.0	1.4073311530182646	0.674842715323189	0.7241622975411193	0.5125466369372615	0.5391453750384927	-0.3281792052691874	-0.33941489023763693	0.6915539624091496	0.7396730934090882	0.6618491315816655	0.7042823926221414	-0.5599093320561267	-0.5870640792267682	0.6932680141824659	0.7416759384235733	0.652976178378949	0.6939064640435947	-0.5743581529142726	-0.610466916201189
QSM-SEPIA-E4	-0.12608179141505943	-0.13379209466428565	-0.10884982229640341	-0.12025325095980081	-0.07930708929453185	-0.013662981147896694	0.08832848146646985	0.048719702862313335	-0.11804845879648469	-0.013662981030617678	-0.12608179141505943	-0.01511009682720569	-0.07930708929453185	-0.12208377724340816	-0.013662981147896694	-0.11613494231679618	-0.10796250242749943	-0.05885096568606363	0.08832848146646985	-0.13088790439694098	0.11319082359223998	-0.12165519418792661	-0.128381497761076	-0.05486936608839327	-0.15178694070815615	-0.12578642011358698	-0.12197614331446442	-0.0034325540360489537	0.009985304598548439	0.07294658759537749	0.09435078512493829	0.09128881850834672	0.07532527738138596	0.00013425163760269403	-0.012797158922725522	0.010922469544163463	0.028719339658679344	-0.060629442863234295	-0.08886186546314474	-0.08683150216429139	-0.08802532853776078	0.006819883494965285	0.14281154810190838	0.13501959976865413	-0.011218010477849745	0.08502841989251901	-0.12898521735149057	0.003505354726930814	-0.1412809961993997	-0.13579951035297627	-0.13363750366563393	-0.11241795052432028	-0.09737089013593972	0.12250137156660176	-0.13395255216612	-0.031673942422998445	-0.12149891791423702	-0.12063778611004204	0.09040212818215185	-0.12315235364355721	-0.026630207895542924	-0.1260606505634986	-0.12369372019423652	0.10085516530527727	-0.10859447569029546	-0.13576599947972895	-0.09737980774768784	-0.13385822184377857	-0.14100062303421262	0.03621429223634881	0.08917283183383667	0.10302064093324678	0.07203597017890544	0.08400412166822284	-0.11231874152219776	-0.11611866204619206	-0.06491677094837393	-0.02940011639684493	-0.0649167701328266	-0.02940011688217921	0.1504490085300624	0.1396097667904474	-0.01864495862867738	-0.0231879122492915	-0.009835603288770912	-0.014362250722020669	1.4073311530182648	0.0	0.6102696250178791	0.6538374841569673	0.47411383556882264	0.4968625468694339	-0.30206263358592506	-0.314500016870064	0.6240901714633819	0.6663582840617247	0.5953319312492591	0.632805562699677	-0.5147899950478311	-0.539818495814868	0.6255300669088617	0.6680541868902825	0.5877616808437137	0.6241864225756177	-0.5271641834668838	-0.5599221793348649
QSM-X-R2'-E5-X	-0.2475092710589913	-0.27824571267527204	-0.2128184750794414	-0.23480131297575485	-0.16061219673443344	-0.017864829690216473	0.14564739119700865	0.06578473987041787	-0.23657033578969675	-0.017864829602511696	-0.2475092710589913	-0.09312746249026269	-0.16061219673443344	-0.22966158682050503	-0.017864829690216473	-0.22300255625534873	-0.22778384977280736	-0.1651057252747175	0.14564739119700865	-0.21710800242421213	0.2483610716414964	-0.24500710326080583	-0.24155274567666413	0.05797503135386997	-0.1965061982455557	-0.23650470792565614	-0.24119743291929369	-0.0196411728457362	0.028029882932682493	0.10481295755052111	0.1645768946541559	0.1492396435829223	0.07483498885145712	-0.003016045503654435	-0.011096506268427252	0.01677786691121664	0.0021644900546660554	-0.08107881997914354	-0.1696177002062027	-0.19873538698529425	-0.21498988547154266	-0.09588889396783283	0.2697126983444435	0.22188737115419638	-0.12496311858591243	0.215555221370977	-0.29641796341587756	-0.10953288989016631	-0.2879192725915935	-0.28130965626124993	-0.2762095064265286	-0.178170033814209	-0.16857584542888557	0.21477352845365377	-0.2377763775921325	0.08646639279595093	-0.2366121389879684	-0.22059780589437478	0.1582756622306611	-0.149902142508532	0.09572872177633561	-0.22298167143076228	-0.20822902634237175	0.1906471492715232	-0.17947060795322112	-0.20979290477647322	-0.14892271289060133	-0.21113223468227604	-0.22950572727939053	0.04115723355608566	0.0071708663001887754	0.038934712447125236	-0.02951419132279622	0.00592748393615064	-0.20422446142202444	-0.2132151605609398	-0.13127871762116472	-0.07405264251360541	-0.13127871738102737	-0.07405264407522504	0.24671493638936204	0.20436457997233273	-0.12961033692808377	-0.13694244760541935	-0.11717412288556728	-0.12418891356776456	0.674842715323189	0.6102696250178791	0.0	1.4447601434968036	0.7849730457779138	0.6876857818693027	-0.7711299716349125	-0.6335347854063801	2.9227810783164863	1.4308034987964908	1.3927281070399151	1.101002511893639	-1.3229917560961109	-1.028448136842189	2.866825252163397	1.4296340864700814	1.4361693127759043	1.1405438840433866	-1.3563474113662781	-1.057780449083381
QSM-X-R2'-E4-X	-0.2672435753227811	-0.29833056646546396	-0.21206386941205618	-0.24189252054041124	-0.16085298267816617	-0.029942844992134256	0.14005038148935253	0.05788387750011006	-0.2413606629913063	-0.029942844965090417	-0.2672435753227811	-0.09085696042164496	-0.16085298267816617	-0.2334925086833357	-0.029942844992134256	-0.22368830049105567	-0.2293220660991523	-0.1681148224478043	0.14005038148935253	-0.21681044964066384	0.2539845321082811	-0.2494392410418981	-0.245422290187481	0.061754906590813174	-0.19624439442254812	-0.25561891316441954	-0.24519174287958606	-0.01953401677615852	0.017924135789038672	0.09787048293125533	0.16004154217992714	0.14390866376451764	0.07000058661340225	-0.005072204024566863	-0.014176773515342809	0.004912302505107721	0.0011542049620457129	-0.09459756366241494	-0.16508871628069097	-0.20123553971454852	-0.23503196638403306	-0.10533295233022325	0.2803924222305103	0.22287238999750775	-0.13270068223869388	0.23578176814053356	-0.3098592492045066	-0.12220269244515294	-0.2988314700501108	-0.2900354657096437	-0.28488565978156594	-0.17338614031294036	-0.16355994722889053	0.23290752995873842	-0.25637696144819166	0.0832304805999278	-0.2397394941980163	-0.2212295045024369	0.15339465558918355	-0.16242104544591082	0.09286457779379519	-0.22337226601842905	-0.2066907102088663	0.18764095582063578	-0.17715637753992836	-0.20885827775207702	-0.14954733486210542	-0.209914184321537	-0.2244711924687718	0.05330074389030839	0.011344856927755833	0.044192541638644244	-0.032902990883367546	0.0038522680502311646	-0.20213910141412428	-0.21030957713294907	-0.1256041849887907	-0.06421266669596222	-0.1256041846910328	-0.0642126680530473	0.2436610919015976	0.20815568684913743	-0.12689615116551392	-0.13356975254352094	-0.11428125060076134	-0.1205954113347476	0.7241622975411193	0.6538374841569673	1.4447601434968036	0.0	0.6714896323158193	0.7851291970212256	-0.6788513819113179	-0.733502584696132	1.4297119027830107	2.911552035020237	1.1043714082859857	1.3699256598082863	-1.068919710135062	-1.294286972873501	1.429064489329443	2.8640475764233146	1.1233768909477415	1.4522434059589233	-1.083135295013422	-1.3554743200510604
QSM-X-R2'-E5-Para	0.06544247304184656	0.06842023237190399	-0.06463158765547519	-0.010504328051426091	-0.04137003283071543	0.06895544311213522	0.10205421763486952	0.08952846354253713	-0.029871028975003728	0.06895544303539879	0.06544247304184656	-0.026346127214590294	-0.04137003283071543	-0.039682559764831093	0.06895544311213522	-0.06775358754440919	-0.055891189839412506	-0.0007526585388042102	0.10205421763486952	-0.07957968503712894	0.014053132450571867	-0.03155855803912809	-0.03665587448599652	-0.1176207104507287	-0.10318260774674567	0.056608027788199594	-0.037220562365697984	-0.0029039523296982487	0.07256703329887274	0.09809521359268489	0.10054120973659186	0.10300982580375691	0.15771532542385194	0.02438296909041034	-0.011561525692055706	0.13141220388580446	0.05020410784885009	-0.036479378406023485	-0.09412431081814158	0.009858614090675899	0.09707099287700521	0.1105026350500263	-0.010590601496771476	0.0721783791311462	0.08141053764773926	-0.10286266919789036	0.04164561579481646	0.12077155559914832	0.005532286588128694	0.0048236505361843466	0.006767930283195874	-0.11188797886007554	-0.10615308792573923	-0.05054435857211832	0.050801461689808584	-0.0077812792327123835	-0.034767158872784025	-0.044114445510361866	0.09722224334330175	0.010245022288703595	-0.006503567297833478	-0.059022130957568454	-0.06553388430224956	0.08294840823960876	-0.16830540862879415	-0.12345470044332903	-0.07118892546967086	-0.12224423474137236	-0.1772312650166316	-0.06866457316497268	0.4977369556263931	0.5067509044901455	0.6308195961390626	0.6127207147270737	-0.10878832533473909	-0.1303085236073826	-0.043629295857213105	-0.043208881529861194	-0.04362929577045517	-0.043208882511517166	0.1499607459593214	0.062288091057280545	0.19192061640767455	0.18180435744462972	0.20868004049171224	0.19872745387010912	0.5125466369372615	0.4741138355688226	0.7849730457779136	0.6714896323158193	0.0	1.5041676384196359	0.02074825066734083	0.06611676460515697	0.7995803983468667	0.6835117569182191	0.9767173443363932	0.8337018479805888	-0.4878895114403341	-0.4051084842603328	0.8005894892287978	0.684488532979173	0.9578944136207562	0.8134156651783048	-0.5062199256755385	-0.43083743478680164
QSM-X-R2'-E4-Para	0.04456666820716914	0.0418594531278958	-0.09653763023829043	-0.036483004513127526	-0.060772365145620115	0.08083241649929931	0.1302812289870378	0.10758888903737342	-0.06226315279111542	0.08083241656080745	0.04456666820716914	-0.041507963126032346	-0.060772365145620115	-0.07216167524565578	0.08083241649929931	-0.10198762141796455	-0.08992904323158031	-0.027425282162815062	0.1302812289870378	-0.1142102305943225	0.0520517862017163	-0.06679484893373007	-0.07191130359848542	-0.1075259298396957	-0.13395647764444643	0.03955875733004887	-0.07237853970200295	-0.004070226044022163	0.09186604536857812	0.12348639015796223	0.13131169662313752	0.13293793054399755	0.17117091768767673	0.02549925616412667	-0.011907720371131454	0.13792370925494962	0.0346177536611339	-0.02029119963064747	-0.12394161746274965	-0.024128452029853587	0.07554083437462081	0.09974832142441827	0.025651730603225658	0.10589711424118832	0.06583536733851694	-0.08001713601360845	0.004560619780221459	0.11125406525529993	-0.03224864720300369	-0.034402742851889455	-0.032255201579532704	-0.14215358626298974	-0.1359159381524545	-0.03186787297293082	0.031396343421795724	0.012268762474369425	-0.06926533231441262	-0.07585306927954824	0.12677951141064542	0.0021476810944116133	0.014491158107373678	-0.09252984848694315	-0.09677088694764402	0.11619636252322325	-0.20436919225267194	-0.15593829992540806	-0.10095950013545452	-0.15608161993147412	-0.2114631998010204	-0.08463368347756718	0.4596038389550956	0.5367517638223971	0.5911058104764274	0.6625121385284329	-0.14824593929489965	-0.17009187284754113	-0.07651266487800111	-0.06662649431414895	-0.07651266477351798	-0.06662649524415723	0.18510056488157242	0.09166424975673118	0.15025366144569702	0.14035220069067408	0.1932134178537558	0.18373977721174825	0.5391453750384927	0.4968625468694339	0.6876857818693027	0.7851291970212256	1.5041676384196359	0.0	0.02703186034819444	0.04772188914711333	0.7019780448258801	0.7974883878560722	0.847035288391752	0.9854997696057988	-0.43600355777770117	-0.4735209377527181	0.7033557930230514	0.798929645478717	0.8292909597470661	0.9575623954155525	-0.4529140772284383	-0.5032345766198814
QSM-X-R2'-E5-Dia	0.4700761044704345	0.5148787124146874	0.18300550628247492	0.28783563438617266	0.12663202472512736	0.15445158786176913	-0.03682860956504525	0.06107172640660837	0.25857943911322073	0.1544515877838262	0.4700761044704345	0.08488806573070502	0.12663202472512736	0.24161023507491225	0.15445158786176913	0.2101859752615254	0.22912290314837952	0.19810169417336493	-0.03682860956504525	0.18981073161524306	-0.2900339846802851	0.26778715466618697	0.26370391385882225	-0.21610264946612534	0.1276665467341649	0.44428216350186456	0.25582414263754766	0.024403823436369924	0.09519756561152684	0.016458175178581492	-0.06584013121903179	-0.040696618771284124	0.09776029860053713	0.03483756763857201	0.0076080916947408594	0.1539367256855323	0.014219288439188767	0.1487848215098589	0.08241273979799255	0.249667637581616	0.45467027686365274	0.2327442691825068	-0.3867500582669387	-0.19813719617085354	0.229931947750831	-0.46150013120463756	0.4735062448217132	0.31243146910794556	0.41023215379192707	0.38178216645970847	0.37618849726058523	0.07529638962102173	0.06645600296994715	-0.4024434056944476	0.4389094811954982	-0.09378561854154518	0.252664122129898	0.2182498811526109	-0.058752833889491395	0.2625669137880993	-0.1054673956248424	0.20887978622973086	0.1792855616970367	-0.11993009691092657	0.034157583952849575	0.1073185058043854	0.07261155992516069	0.1080417807204496	0.0827117418952336	-0.17561281693974462	0.47785783806712673	0.4381712280027881	0.6883117392079584	0.6018721430276956	0.10917873834791081	0.10113275168740285	0.07856842501642897	-0.001583376061610584	0.07856842497678072	-0.0015833746740550679	-0.1445880475044371	-0.1800156271001306	0.3523723227916839	0.3532366330925941	0.3574493472244247	0.358364045259124	-0.3281792052691874	-0.30206263358592506	-0.7711299716349125	-0.6788513819113179	0.020748250667340828	0.02703186034819444	0.0	1.5865393375189847	-0.7514791062132697	-0.6658880025015458	-0.48393457990853517	-0.42609343310007364	1.012328982068949	0.8916755485764218	-0.7499200328625557	-0.6645873215667222	-0.5015829919081816	-0.45382931968001455	0.9861766733581732	0.8630089761956564
QSM-X-R2'-E4-Dia	0.48471627060966654	0.5234908594027085	0.15259999778435374	0.2718797881888019	0.10633550964009109	0.1858546349954072	-0.002480292175158102	0.09051971936500006	0.2321058745042921	0.18585463506801345	0.48471627060966654	0.06620770068715143	0.10633550964009109	0.21492811234544404	0.1858546349954072	0.18152342762541784	0.20031674520059894	0.17415726492032957	-0.002480292175158102	0.16030436835323922	-0.2591080178101424	0.2384918205540079	0.2350130950797284	-0.20860315878647442	0.10214442962970888	0.4610983186304262	0.22643137113297548	0.024462271621236306	0.1289326131220621	0.0493249817933979	-0.03059095562234174	-0.005761885755724324	0.11973847603397383	0.039048710045312865	0.011832884711216038	0.18070404035825902	0.003156062355612698	0.18286631182625493	0.04775510362891657	0.22044900371861975	0.46992023159135077	0.23246713390301826	-0.3680665666490411	-0.16885577241132432	0.2220310371594772	-0.4756143512761739	0.4573895362840836	0.32479720587367805	0.39111250591766183	0.35605031545849986	0.3505296698883618	0.040919196299441574	0.03188946631516141	-0.4169280023219769	0.4536846293679889	-0.06388070172827334	0.2231941519952543	0.189410911759818	-0.02403678883403268	0.27951083045481323	-0.07530776118575304	0.17819699296858998	0.1491489915005588	-0.08404077859365126	-0.0014830029080511622	0.07715739721128483	0.04635827278073177	0.07596213369980893	0.04401389492580009	-0.20943932408092938	0.4515931788357745	0.47143953212484113	0.6799560352162156	0.674734308942763	0.06953328147579094	0.0593979034596792	0.04047835052006824	-0.037429448863566396	0.04047835035951305	-0.037429447681734	-0.10816301624392244	-0.16050549595055386	0.3124406545491674	0.31196437064207067	0.3443915157885555	0.3442092229694694	-0.33941489023763693	-0.314500016870064	-0.6335347854063801	-0.733502584696132	0.06611676460515697	0.04772188914711333	1.586539337518985	0.0	-0.6184911219225825	-0.7178501048362097	-0.39506727092200444	-0.44526278633815025	0.8388818115477532	0.9938571760955744	-0.61716891545938	-0.7159904815897314	-0.41003575515405494	-0.4748064515935309	0.8177319108659113	0.9596701708309092
QSM-X-R2pnet-E5-X	-0.2422205557999388	-0.27348338481587353	-0.21837866398262587	-0.23226383755817093	-0.15945557954779088	-0.011561329909835896	0.1520510656739887	0.07050645069434518	-0.2372806503964467	-0.01156132969441117	-0.2422205557999388	-0.09853059976383813	-0.15945557954779088	-0.23177557604640878	-0.011561329909835896	-0.23070916760961682	-0.2348181167440598	-0.1643889114868812	0.1520510656739887	-0.22560020468713982	0.24806022555443838	-0.24604057943406207	-0.24351949936232553	0.06073070799791921	-0.19963680203157916	-0.2314440666518666	-0.24288524302923292	-0.0170698383022662	0.034290752600890304	0.1108690991273005	0.17059383916453313	0.15556059133983494	0.08070587880146816	-0.003934826283791218	-0.01066990300865723	0.024834159101087067	0.006359010625897123	-0.0787225159385426	-0.17728959180007178	-0.20102033032990138	-0.21084605765708034	-0.08417962270080698	0.26860105886583635	0.2259571199014014	-0.11534757281307159	0.2109911130150428	-0.29690978576706667	-0.10512999211774231	-0.2906916182044891	-0.28231632456556843	-0.27732021208461455	-0.18597961981087985	-0.17641769311344305	0.20918526926105446	-0.23378492295903888	0.09383355807317309	-0.23857080931129337	-0.22452633518006795	0.16438003555099964	-0.14671996136469986	0.10306338030474785	-0.22706938721074388	-0.21369570265532803	0.1966634880937541	-0.18180613702961954	-0.2137068088351423	-0.14775731973514478	-0.21515540499380958	-0.23917365794402473	0.03516558772337046	0.011637086015327754	0.043592365051215644	-0.02187941261563047	0.013869562694543779	-0.20863337928587264	-0.22051718375378257	-0.13503648283297426	-0.0797884689916948	-0.1350364825867906	-0.07978847045270483	0.25472907991269744	0.20266184785848904	-0.12885436006715892	-0.1382834545716859	-0.11623892762205984	-0.1253298568248053	0.6915539624091496	0.6240901714633819	2.922781078316486	1.4297119027830107	0.7995803983468667	0.7019780448258801	-0.7514791062132697	-0.6184911219225825	0.0	1.4531149820144218	1.4260144074565164	1.1197640842531909	-1.3311133008690124	-1.030560296843124	4.439423909505386	1.4541027984555295	1.4667826167374651	1.1570515930441094	-1.3725289281151865	-1.0650986533123838
QSM-X-R2pnet-E4-X	-0.26173907153308845	-0.2939018288358415	-0.21911508304228478	-0.24029419377444153	-0.16063495330200486	-0.02302019347194843	0.14694848592904702	0.06259272893810837	-0.243299357397802	-0.023020193316792097	-0.26173907153308845	-0.0992579452013464	-0.16063495330200486	-0.23654579696362527	-0.02302019347194843	-0.23261771126820716	-0.23807603230709504	-0.16928123577290835	0.14694848592904702	-0.2256446022322347	0.2552567284698749	-0.25178096040700304	-0.2481665000503893	0.06706314142183406	-0.1983306369573918	-0.2502051804946808	-0.24802428198071072	-0.017179553838340814	0.02482928472785572	0.1041093667495464	0.16671414840804571	0.15064495036362055	0.0763544483642501	-0.005891585686230545	-0.013331639323390002	0.013667261562991114	0.005515496889969709	-0.09219849264116611	-0.1741362072980025	-0.20564092220390706	-0.23146781199568497	-0.09570036599974507	0.2795380962868819	0.22690462373891002	-0.12537078468946894	0.23183423487776883	-0.3124439637451022	-0.12045780383670984	-0.3028608328289539	-0.29235477816992705	-0.28720467440133224	-0.18177444821015398	-0.17243076646768743	0.22606804705341366	-0.2515660863517762	0.09409461858642451	-0.24287984405349766	-0.2259395817691813	0.1603148090501264	-0.15657479870760221	0.10374805527843076	-0.22788555115275613	-0.21224637529746032	0.1949160688267686	-0.18139095287249934	-0.2134102885788527	-0.1489142489891215	-0.21461947283028154	-0.2353372765205021	0.046062613020305544	0.012510539436854574	0.045251259320545585	-0.027709847590307642	0.009113018335639706	-0.2075336642401318	-0.21878960671490288	-0.12990184091324328	-0.07004554592265572	-0.12990184058182425	-0.0700455471999623	0.2528546726135042	0.2066689482955947	-0.1294422715066988	-0.13838355738160965	-0.11676066334157993	-0.1253410845394717	0.7396730934090882	0.6663582840617246	1.4308034987964913	2.911552035020237	0.6835117569182191	0.797488387856072	-0.6658880025015458	-0.7178501048362097	1.4531149820144218	0.0	1.1207267002835923	1.3983768433275843	-1.0739457109966783	-1.3068206976331964	1.4536442308551425	4.213604730811717	1.1382046849329166	1.4808072198713798	-1.0916026051409768	-1.376412858349818
QSM-X-R2pnet-E5-Para	-0.14941885049199496	-0.1793506790008607	-0.2569814513332011	-0.20886913834550078	-0.16652923171545286	0.06681445149891692	0.21996357124912014	0.14160503578682807	-0.23546404837242624	0.0668144514074842	-0.14941885049199496	-0.11674816270603677	-0.16652923171545286	-0.23772730940566517	0.06681445149891692	-0.26977487367689207	-0.26018596994214865	-0.15613965775165023	0.21996357124912014	-0.2784511431014871	0.23421532018624097	-0.24717199647870042	-0.2541833007972449	-0.020818716043494587	-0.27370699772584295	-0.137129541393594	-0.2508771014745765	-0.01170879609058497	0.11550936240000872	0.19025237164687175	0.23711820624060045	0.22944521107424595	0.1662427027305361	0.016107132574921974	-0.0064600918066720315	0.1058876015105989	-0.004845772678490805	-0.008307249875153374	-0.23530061028632646	-0.1931782922915611	-0.10140922001361707	0.011471970120836648	0.2375202943163314	0.2623871540814023	-0.03555458684337037	0.09642424361302111	-0.23679001470588562	-0.009326804905129188	-0.26363533516647697	-0.26280484616203015	-0.2575637996971793	-0.25934695609792646	-0.24612171583262904	0.12672033835103264	-0.15300784698972064	0.07125794299948127	-0.24701477925828366	-0.24622077076032398	0.22607121567186256	-0.10968281596817386	0.07962947722290473	-0.2595401662249271	-0.25598440840590736	0.24256652992565064	-0.2791005610181579	-0.2923971006533639	-0.21704186259388045	-0.29499462708374025	-0.33540029095506607	-0.06855934943432972	0.06072225586253433	0.09672280553463038	0.07689932753915578	0.11412871903150903	-0.2829830584294668	-0.2994672353082515	-0.205684971505546	-0.16536446669334656	-0.20568497139319536	-0.16536446783465372	0.3326242353678939	0.24577282217189023	-0.12139263742015743	-0.13281684673964372	-0.10310071338719336	-0.11412266632354347	0.6618491315816655	0.5953319312492591	1.3927281070399151	1.1043714082859857	0.9767173443363932	0.847035288391752	-0.48393457990853517	-0.39506727092200444	1.4260144074565164	1.1207267002835923	0.0	1.4910624571181947	-0.7383181870312561	-0.6345312186417137	1.4288715584710094	1.1225347108577184	2.778474333675748	1.4600802582942851	-0.7639504950231223	-0.6659290689219629
QSM-X-R2pnet-E4-Para	-0.16313113402889617	-0.1941902727050068	-0.2604266939020475	-0.21391100973284888	-0.16640838205619946	0.06269434035845223	0.22235954352388057	0.1400605097683655	-0.2416580829251502	0.06269434028221724	-0.16313113402889617	-0.11581909838660395	-0.16640838205619946	-0.24480612490744338	0.06269434035845223	-0.2772624648907445	-0.2676535576081123	-0.16080998895250007	0.22235954352388057	-0.2861786174095964	0.24459248617204737	-0.2546603564541898	-0.26201923185768705	-0.016422214917316318	-0.2795890242802662	-0.14982503362920355	-0.25799531448370455	-0.01189714230093249	0.11371605880258737	0.19145829024627042	0.2402132889223303	0.23226422655223908	0.16808595032229784	0.015356670423963877	-0.009949523646183235	0.10219998082300762	-0.0047927950343568965	-0.01594017019458101	-0.23787344694230428	-0.20020655013206523	-0.11786979104407652	0.005674455924951268	0.2513139428597676	0.27033593739167455	-0.04092079696991859	0.11412772251825681	-0.2508519600666359	-0.016939662269793335	-0.27740796866344414	-0.274290268233738	-0.26898139026646645	-0.2617243386290755	-0.24826330589416154	0.14193795999005282	-0.1660785211231857	0.07437620907795894	-0.25341784513772747	-0.2506715661237634	0.22913681807513356	-0.11785641587557795	0.08311310437516768	-0.265169638133644	-0.2601671950644119	0.24771629018604158	-0.2872144228144992	-0.29825426987697734	-0.22135306282090542	-0.30103156993596913	-0.3406428975950857	-0.06694796074124548	0.06474813564334236	0.1022516017262977	0.07862804880234332	0.11680729481494771	-0.2911692867437378	-0.3078597334887155	-0.2084738269149799	-0.16200793904249083	-0.20847382669705888	-0.1620079399118116	0.3388694830377349	0.25237369051914205	-0.12388787264909397	-0.1352323327252594	-0.1037205552059587	-0.11458724654474044	0.7042823926221414	0.6328055626996771	1.101002511893639	1.369925659808286	0.8337018479805888	0.9854997696057989	-0.42609343310007364	-0.44526278633815025	1.1197640842531906	1.3983768433275843	1.491062457118195	0.0	-0.6537416773853963	-0.7131589629750533	1.12230732096133	1.4017474666906888	1.4354238760986222	2.488879024006736	-0.6773616482742847	-0.7579562505906585
QSM-X-R2pnet-E5-Dia	0.33809917889123337	0.36533148582661146	0.1415038313074506	0.22321100290778315	0.11393759750225034	0.11650931539877876	-0.044241849786657586	0.033608235429264804	0.20073915812764273	0.11650931505822673	0.33809917889123337	0.059064239460432676	0.11393759750225034	0.18996055373835638	0.11650931539877876	0.15976116556887737	0.1753166081536711	0.14327275910078535	-0.044241849786657586	0.14316263962228723	-0.22075575503595915	0.20572209263259636	0.19819822147075467	-0.14122868031325927	0.09784895383741202	0.32985684989340647	0.196206703416578	0.0203469100529655	0.07658948769557751	0.003328970774087045	-0.06340710437256857	-0.04262328086926142	0.034909018649369315	0.027778845051866657	0.013711529950781478	0.08381883463121158	-0.024975868070679984	0.166768973010933	0.07884261185401661	0.17949584439327257	0.32667639747816224	0.16899407779585335	-0.27733352174551157	-0.15593892993515368	0.17427698592476387	-0.3315838838194721	0.3356555600050508	0.209860772330145	0.2933556081738922	0.27047165285905084	0.26603737573829983	0.0729587374369074	0.06652509745057918	-0.2968294394680592	0.31857855201938456	-0.08315552440611652	0.19281180758230276	0.1668905151957481	-0.06129504946424183	0.1941938610134597	-0.09247860678282217	0.15985606779286285	0.13779028691078982	-0.10742825343180479	0.04499972615406639	0.09311071945525932	0.041684562117445936	0.09268922225710327	0.0961040442361523	-0.1558850444289846	0.06734086424894262	0.04452955813575515	0.14934465716606168	0.11893052273960146	0.08983621939162625	0.09463784526300108	0.034138206153685936	-0.03356598690804436	0.034138205993779605	-0.033565985248757285	-0.13433578984514996	-0.12930110457470023	0.1306274287757717	0.13638323865581928	0.12793470969411005	0.1335923801722476	-0.5599093320561268	-0.5147899950478311	-1.3229917560961106	-1.068919710135062	-0.48788951144033404	-0.43600355777770117	1.012328982068949	0.8388818115477531	-1.3311133008690124	-1.0739457109966783	-0.7383181870312561	-0.6537416773853963	0.0	1.462655732078122	-1.3293812209842695	-1.0734473223571996	-0.7614586404285425	-0.6861853545100015	2.6982324727706226	1.4310749832613443
QSM-X-R2pnet-E4-Dia	0.363616455729946	0.39091352422827963	0.1366857381172529	0.22997934254062366	0.11097995676468103	0.13654801616949896	-0.02986343254899744	0.04984466184086034	0.20165809033545928	0.13654801575282585	0.363616455729946	0.05790254592197815	0.11097995676468103	0.18905464203751748	0.13654801616949896	0.1557293245086931	0.17250173635642826	0.14392311823169218	-0.02986343254899744	0.1367973292363533	-0.2202900694005006	0.20550554575063748	0.19741321669207523	-0.1459732823833877	0.09140675513159957	0.3545146311902417	0.1955374951087514	0.020966949554755625	0.0945672295269628	0.01879549888292384	-0.050576073819873925	-0.028685688654393512	0.047409880440291395	0.031071573041160615	0.015656833640086062	0.1026642221953606	-0.024322595997719576	0.1867724695111195	0.06729021872738973	0.17872067145494047	0.35181072074767705	0.18094145847213056	-0.28546493781710325	-0.14995673937747234	0.18288876336899407	-0.3558742378329806	0.3499734969719296	0.2307125631900554	0.3026822623442597	0.27668511507922583	0.27197522659126494	0.06064114709433978	0.054256915991493286	-0.31705425311056695	0.34213900768215066	-0.07455563373127652	0.19153233223089788	0.1633455735767988	-0.047825481008557116	0.209643836940204	-0.08430336123780816	0.15481137084125138	0.13093374513687814	-0.0959585052393606	0.03454490683640993	0.0851024172573296	0.03702010804022681	0.08397731922071232	0.081735374114382	-0.17594819952184	0.07229940762763518	0.049301820572674904	0.16479034188062927	0.13293148357349904	0.07786489202444968	0.08093277320233419	0.021065069142944516	-0.04945545338381733	0.021065068880178867	-0.04945545184306372	-0.12370909007357285	-0.13021236293891028	0.12908474765324696	0.13384155240740747	0.1278307093657012	0.1325396148380777	-0.5870640792267682	-0.539818495814868	-1.028448136842189	-1.294286972873501	-0.4051084842603328	-0.4735209377527181	0.8916755485764218	0.9938571760955744	-1.030560296843124	-1.3068206976331966	-0.6345312186417137	-0.7131589629750531	1.4626557320781215	0.0	-1.0295139205120099	-1.3040339697023218	-0.6546329682743464	-0.7576680478097483	1.4019481649803234	2.4605142855469033
QSM-X-R2*-E5-X	-0.24265316198497908	-0.2741567764166899	-0.21952962217756017	-0.23187306119290324	-0.15850762092381082	-0.011093792584473905	0.1528256880663054	0.07060437763032107	-0.23759066297554648	-0.011093792366481234	-0.24265316198497908	-0.09947987856280789	-0.15850762092381082	-0.23248355076764082	-0.011093792584473905	-0.23282012271499777	-0.2367362450433698	-0.16428443618254046	0.1528256880663054	-0.22791271160907098	0.24830656147178634	-0.24654538439765433	-0.24440685957330338	0.060144910869673385	-0.20110853815116259	-0.23169734957060908	-0.2435022599667469	-0.01689298921250867	0.03501716466492746	0.11173277029949029	0.17136179733337714	0.1564402407526732	0.08118888707581619	-0.004151836202740468	-0.010742963356655158	0.02575032431987536	0.007091533894749796	-0.0789771787453437	-0.17866348648412314	-0.20222695342707087	-0.21194436666966077	-0.08182984637223167	0.26981573770601286	0.22704016266949956	-0.11321991909387671	0.21201015185720826	-0.2985454449375703	-0.10538323102917994	-0.2926961662238201	-0.2836653009876486	-0.2786419200206459	-0.18733558437063372	-0.17777449892992525	0.2093212972154252	-0.2344043417673552	0.09344038838708202	-0.23921701539777737	-0.2253395527134006	0.16511706719224117	-0.1471015137765079	0.10272062388429985	-0.22831459652892563	-0.21502785684912676	0.19765845533529008	-0.18360664412584732	-0.21496105169507945	-0.14808710579731327	-0.2164750505792247	-0.24107087458122808	0.03400113277579315	0.01152993999552223	0.043770323645009455	-0.021504908691679415	0.014514395780730695	-0.21023167765330264	-0.22230681117184403	-0.136216082995182	-0.0808694557761264	-0.13621608274624603	-0.08086945724942943	0.2566739496640794	0.20350061918879803	-0.12974499353204175	-0.13928088992245544	-0.11692959742751614	-0.12612415881240843	0.6932680141824658	0.6255300669088617	2.8668252521633972	1.429064489329443	0.8005894892287978	0.7033557930230514	-0.7499200328625557	-0.6171689154593801	4.4394239095053685	1.4536442308551425	1.4288715584710092	1.12230732096133	-1.3293812209842695	-1.0295139205120099	0.0	1.4564231178547795	1.469304526694184	1.1588742756934234	-1.373014339334729	-1.065575862400558
QSM-X-R2*-E4-X	-0.2621158290213487	-0.2945009480627442	-0.22007045491207886	-0.23926531348425958	-0.15896927734227181	-0.022625564908524694	0.14753847641739187	0.062470332150476274	-0.24319867442763832	-0.02262556476003184	-0.2621158290213487	-0.10008197624010168	-0.15896927734227181	-0.2370132005981017	-0.022625564908524694	-0.23486899753091034	-0.24006266373950988	-0.1687454586208664	0.14753847641739187	-0.22819177349086178	0.25514068708207166	-0.2519429261962306	-0.24886621023454644	0.06584688732173724	-0.19997076060474736	-0.25036576971094643	-0.24834778856217646	-0.01717981584448975	0.02550010177928399	0.10491265071066007	0.16727656829986692	0.15138003425063906	0.07670455235080606	-0.006117733869880856	-0.0133297381131165	0.014636177447726226	0.0064343493647221126	-0.09257194222352882	-0.17541055833859098	-0.2067537737695683	-0.2326732742801755	-0.0925739628435913	0.2807736477750256	0.2279338590328891	-0.12242558530985721	0.23295755692531778	-0.3140611387074279	-0.12063666556572426	-0.3049697674010615	-0.2936208018558566	-0.28843818376238467	-0.1830425405732296	-0.1736840250928196	0.2262094800214529	-0.25219150362320886	0.09300755818915235	-0.24323001025186936	-0.22652163562915034	0.16084572356291474	-0.1570886651678356	0.10271663018678553	-0.2290495205035771	-0.21353424747032104	0.1957408353099264	-0.18365975959838057	-0.2146905915396701	-0.14913775518800776	-0.2159748384062428	-0.23724141863464526	0.04468594964137167	0.012294493371833203	0.045362173235997054	-0.027369884515289593	0.009762167238594351	-0.20920245535616372	-0.2206552789704929	-0.13109684951141404	-0.07107369370125972	-0.1310968491804126	-0.0710736949901914	0.2548416652762169	0.2075769597190253	-0.1303845356362328	-0.13942426019657422	-0.11746087623980268	-0.12613509810383514	0.7416759384235733	0.6680541868902825	1.4296340864700816	2.8640475764233124	0.684488532979173	0.798929645478717	-0.6645873215667223	-0.7159904815897313	1.4541027984555295	4.213604730811717	1.1225347108577184	1.401747466690689	-1.0734473223571996	-1.3040339697023218	1.4564231178547795	0.0	1.13969688233838	1.48351636930064	-1.0925880144535276	-1.3774971892512387
QSM-X-R2*-E5-Para	-0.1498268804620041	-0.18141902285000724	-0.2639764938173207	-0.21919756000928783	-0.1804525110736717	0.07091705241776151	0.2263484482160538	0.1477690167719511	-0.24733696291817076	0.07091705228142	-0.1498268804620041	-0.12284899310497795	-0.1804525110736717	-0.24701058821293614	0.07091705241776151	-0.2713216394063678	-0.26479924289685663	-0.16869867150114837	0.2263484482160538	-0.27683980722941504	0.2482635495625281	-0.25878472462337243	-0.2619086728186828	-0.008915704882987313	-0.27093507118253113	-0.13806564121814033	-0.26128430749415943	-0.011438885735568706	0.11892095764871327	0.19355047155200142	0.24419465639983728	0.23461172760127108	0.16910906619695285	0.0159516488196548	-0.001983674100617518	0.10744306713046159	-0.008819466705059616	-0.0029229591986557296	-0.2419887126055144	-0.20324001261049487	-0.10140572247238146	-0.007147404507155976	0.24095019283681854	0.26653875359116386	-0.055387092705327386	0.09745970421227897	-0.24318291132975206	-0.015659595762410487	-0.2661661267095383	-0.2697572979212406	-0.264526100538602	-0.26336940009141585	-0.2511240419606833	0.1254191811920807	-0.15080239030225848	0.08794213093700617	-0.25733857944171107	-0.2536480335480486	0.233833563108032	-0.1001173389877992	0.09636830510513651	-0.2647951638549114	-0.2588643971583941	0.2521756858049765	-0.2765773181601841	-0.29607209838233195	-0.22336345086972426	-0.29841482002326963	-0.3372298315939875	-0.06951453984661507	0.04674586473977381	0.08245353135834253	0.06651623519700739	0.10360169051927594	-0.28659324254797985	-0.302210523171008	-0.2107095406071267	-0.16836636958344325	-0.2107095405254577	-0.16836637082126027	0.334227112695455	0.24978365180473672	-0.13559283139266348	-0.14669425745236164	-0.11869174261872543	-0.12939280582762425	0.652976178378949	0.5877616808437137	1.4361693127759043	1.1233768909477415	0.9578944136207564	0.8292909597470661	-0.5015829919081817	-0.41003575515405494	1.466782616737465	1.1382046849329166	2.7784743336757485	1.4354238760986224	-0.7614586404285425	-0.6546329682743464	1.469304526694184	1.1396968823383797	0.0	1.477746235790839	-0.7709327841991902	-0.6726696513731866
QSM-X-R2*-E4-Para	-0.166812403506231	-0.20015717440959846	-0.2688418342733212	-0.22939443121771094	-0.18621692243438623	0.06580228613566776	0.2292123886816425	0.1465565934967321	-0.2587873985420756	0.06580228601980329	-0.166812403506231	-0.1239193108649993	-0.18621692243438623	-0.2579317857081429	0.06580228613566776	-0.27770884864465273	-0.27315133243055917	-0.17903587332375873	0.2292123886816425	-0.28156575584731813	0.26530199714225255	-0.2712099919485224	-0.2724893059462091	0.004463779439785713	-0.2719996517443229	-0.15439780933742325	-0.27248331456435604	-0.011473276101082487	0.11557676777870404	0.19327931604073031	0.24806142325271968	0.2370540652538687	0.1703275864427296	0.01537672840077813	-0.003920467788840441	0.10112584920400094	-0.009414597204986509	-0.01141466280140727	-0.24529789828308882	-0.21456501462309965	-0.12171782494549428	-0.024013887487658425	0.2565666492178185	0.27479735268108674	-0.0720363194890283	0.11957219149128746	-0.2619220003086191	-0.029283435020294825	-0.28165229201391134	-0.2846022634200085	-0.2793533873659201	-0.2647698352020063	-0.25287293033101405	0.14282993731912869	-0.16559515311742645	0.10125802669634622	-0.2678030705946096	-0.260299991887165	0.23819335159866126	-0.10520782924089435	0.11009994506160262	-0.2709963222480021	-0.2622416702000665	0.25979748081768156	-0.27997738569277814	-0.300468335820822	-0.22777775213722715	-0.30283330166907163	-0.3399452101226233	-0.06472469305031585	0.04478804782024575	0.08240021865806224	0.06138289014373538	0.10002557355219527	-0.2933594553645876	-0.3087633759710437	-0.21289603896778755	-0.16308604031320287	-0.21289603878556576	-0.1630860413342195	0.3379796391870653	0.25566660537371966	-0.14280854930585266	-0.1536030972860532	-0.1243913758960769	-0.1347304690762885	0.6939064640435948	0.6241864225756176	1.1405438840433868	1.4522434059589235	0.8134156651783048	0.9575623954155527	-0.45382931968001455	-0.47480645159353074	1.1570515930441094	1.4808072198713798	1.4600802582942851	2.488879024006736	-0.6861853545100015	-0.7576680478097484	1.1588742756934234	1.48351636930064	1.4777462357908393	0.0	-0.6949554692274527	-0.7775410202501738
QSM-X-R2*-E5-Dia	0.3370775512603462	0.363063984212087	0.13825239939030937	0.2122602075134653	0.09989705723817742	0.11815342714286484	-0.041498729191472135	0.03757940675551899	0.1899272495346472	0.11815342672708204	0.3370775512603462	0.056149294474566375	0.09989705723817742	0.18227645747116655	0.11815342714286484	0.16295134554192459	0.1753084597596501	0.13094602251434684	-0.041498729191472135	0.14930790672249802	-0.2080156918425273	0.19558079684706645	0.19206246266778124	-0.1272726489169226	0.1035090621252519	0.3279154992108219	0.18752623828176404	0.020426079060068415	0.07688412108567359	0.0030969937676341938	-0.06003236618648607	-0.04125355766577643	0.03525655740930801	0.02765160516880018	0.018180860904446355	0.08164725634472732	-0.02962364426161508	0.17135284429987047	0.0764370384540548	0.1709967427648976	0.3272690685921325	0.14455634781755222	-0.2748043983880787	-0.15432080279800348	0.149526156988943	-0.3310857616068769	0.331186571700156	0.20316687965041383	0.293884666937345	0.26552100506922666	0.2610096576942277	0.07311361441885686	0.06595113324583089	-0.29726236329465944	0.320499275418429	-0.06656644132812	0.1842012156793243	0.161531951323911	-0.0572862993051433	0.2031816671876485	-0.07594924126192255	0.1571684306620802	0.1376087777236889	-0.10176311444774935	0.05272600676876611	0.09399437775152544	0.038509524435552424	0.09392844588465303	0.09986833967629662	-0.1547545578333222	0.0539060852858117	0.030378473132709524	0.1391182414607059	0.10804930193282447	0.09046881977589735	0.09653183209997837	0.031207162849812994	-0.034477018988222426	0.031207162650644948	-0.03447701731440906	-0.13782489735999284	-0.12827621132479627	0.11795797855497533	0.12430923613897182	0.11367734300262948	0.11989709121330491	-0.5743581529142725	-0.5271641834668838	-1.3563474113662781	-1.0831352950134219	-0.5062199256755385	-0.4529140772284383	0.9861766733581732	0.8177319108659113	-1.3725289281151867	-1.0916026051409768	-0.7639504950231222	-0.6773616482742847	2.6982324727706244	1.4019481649803236	-1.3730143393347294	-1.0925880144535278	-0.77093278419919	-0.6949554692274527	0.0	1.4496953818023932
QSM-X-R2*-E4-Dia	0.36023786584542655	0.38588702319773904	0.13344644119535531	0.21527708110225102	0.09297247157524673	0.13710879605641746	-0.027623072661397758	0.05350042779844707	0.1876718001822355	0.13710879563511133	0.36023786584542655	0.05451383297915692	0.09297247157524673	0.17921983435226205	0.13710879605641746	0.16077508112890257	0.17313617867536404	0.12756681900852399	-0.027623072661397758	0.14591796867956794	-0.2033394868016827	0.1923859970034079	0.18964018717448952	-0.12475230506295899	0.10059197789954087	0.3498931383531187	0.1845110188670133	0.021344181036783736	0.09326218598504787	0.016737189802964108	-0.04745838299957163	-0.028376099523887564	0.046608013697660045	0.030860239377593707	0.021496062287393047	0.09777008576093353	-0.029925514174538953	0.19115061597805574	0.06561063623732084	0.16763140652258884	0.349804765736236	0.14701864125179906	-0.2816946479479307	-0.14836624587942607	0.14880382507211895	-0.3522562385396809	0.342777066872494	0.2196850658883258	0.30282274683945326	0.2699295539275645	0.2650989180659045	0.06252152257613515	0.05514277899541702	-0.31561592138516054	0.3428889605205907	-0.050680042286798135	0.18053046838534761	0.15671898764128134	-0.04385422400643356	0.22059236973376375	-0.060504513098930804	0.1522105441791211	0.1315712367235681	-0.08973299858668224	0.04786848122772559	0.08822255256702712	0.03460113136466618	0.08756928590258801	0.08873651769878027	-0.1724944482132799	0.05324615243066131	0.029995082166807383	0.14882594508434727	0.11695703497624296	0.08065176322727537	0.08544439297459357	0.01833788617516881	-0.04937448939150479	0.01833788583907464	-0.049374487876440366	-0.13016978731720422	-0.1303447921709588	0.11237646820569161	0.11802311127375938	0.10938771748487036	0.11489911024118882	-0.610466916201189	-0.5599221793348649	-1.057780449083381	-1.3554743200510602	-0.43083743478680153	-0.5032345766198814	0.8630089761956566	0.959670170830909	-1.0650986533123838	-1.376412858349818	-0.6659290689219626	-0.7579562505906585	1.4310749832613443	2.4605142855469038	-1.065575862400558	-1.3774971892512389	-0.6726696513731866	-0.777541020250174	1.4496953818023932	0.0
