Image	DKI Micro AD	DKI Micro ADE	DKI Micro AWF	DKI Micro AxonalD	DKI Micro KFA	DKI Micro MD	DKI Micro RD	DKI Micro RDE	DKI Micro Tortuosity	DKI Micro Trace	DKI AD	DKI AK	DKI KFA	DKI Linearity	DKI MD	DKI MK	DKI MKT	DKI Planarity	DKI RD	DKI RK	DKI Sphericity	DKI Tensor FA	DSIStudio GQI GFA	DSIStudio GQI ISO	DSIStudio GQI QA	DSIStudio Tensor AD	DSIStudio Tensor FA	DSIStudio Tensor HA	DSIStudio Tensor MD	DSIStudio Tensor RD1	DSIStudio Tensor RD2	DSIStudio Tensor RD	DSIStudio Tensor TXX	DSIStudio Tensor TXY	DSIStudio Tensor TXZ	DSIStudio Tensor TYY	DSIStudio Tensor TYZ	DSIStudio Tensor TZZ	NODDI ICVF Modulated	NODDI ICVF	NODDI ISOVF	NODDI NRMSE	NODDI OD Modulated	NODDI OD	NODDI RMSE	NODDI TF	TORTOISE MAPMRI NG	TORTOISE MAPMRI NG Par	TORTOISE MAPMRI NG Perp	TORTOISE MAPMRI PA	TORTOISE MAPMRI PATH	TORTOISE MAPMRI RTAP	TORTOISE MAPMRI RTOP	TORTOISE MAPMRI RTPP	TORTOISE MAPMRI AD	TORTOISE MAPMRI AM	TORTOISE MAPMRI FA	TORTOISE MAPMRI LI	TORTOISE MAPMRI RD	TORTOISE Tensor AD	TORTOISE Tensor AM	TORTOISE Tensor FA	TORTOISE Tensor LI	TORTOISE Tensor RD	ihMTw	ihMTR	MTR	ihMTsat	ihMTsat-B1c	R1	R1-B1c	MPRAGE-MyelinW	SPACE-MyelinW	Scaled MPRAGE-MyelinW	Scaled SPACE-MyelinW	G-ihMTsat	G-ihMTR	QSM-SEPIA-E5	QSM-SEPIA-E4	QSM-X-R2'-E5-X	QSM-X-R2'-E4-X	QSM-X-R2'-E5-Para	QSM-X-R2'-E4-Para	QSM-X-R2'-E5-Dia	QSM-X-R2'-E4-Dia	QSM-X-R2pnet-E5-X	QSM-X-R2pnet-E4-X	QSM-X-R2pnet-E5-Para	QSM-X-R2pnet-E4-Para	QSM-X-R2pnet-E5-Dia	QSM-X-R2pnet-E4-Dia	QSM-X-R2*-E5-X	QSM-X-R2*-E4-X	QSM-X-R2*-E5-Para	QSM-X-R2*-E4-Para	QSM-X-R2*-E5-Dia	QSM-X-R2*-E4-Dia
DKI Micro AD	0.0	2.863794862505946	-0.3076684794682597	0.35447499174406816	-0.2947061350463336	2.091257271489727	1.6156449070271834	1.6957124926706109	0.03442651386769969	2.0912572717664513	4.9517187756431005	-0.31449761359170275	-0.2947061350463336	0.008481341225609626	2.091257271489727	-0.18348266069760016	-0.1751461734181889	-0.024359892180126665	1.6156449070271834	-0.13487789215092835	0.01872014059897471	-0.009832967789648275	0.062103607631956555	-0.6386205727057717	-0.22912424198327017	2.1667289407899144	-0.028554640920136546	0.014619889580653354	1.8157537475219199	1.6347993944304862	1.3174894881002763	1.5060733960251746	1.535901359408777	0.16999490338188664	0.08150730330815675	1.6913862939975852	-0.26499532893394395	1.629694982780009	-0.7983376645005934	0.03387129980782278	1.7693999343619522	0.31784927210048375	-0.7107353711476249	0.2295271515593421	0.15876940278381851	-1.5540733608212618	0.588304165654515	0.5988633613138731	0.4159921190655051	0.32903217137776414	0.26803435874849124	-0.6063735841037047	-0.20462369924579263	-1.2908981750630129	2.1709618717868495	0.21974792739928614	-0.04037514364735411	-0.06533391664657714	1.4049374190892019	1.2516187222422046	0.2172304715317429	-0.06853412438875586	-0.0875260359439721	0.9833347985882543	-0.40676957630632576	-0.46478892171312786	-0.6785814951920598	-0.4153947076916396	-0.40246098272018926	-0.43697083797915054	-0.4269973134363499	-0.012667429961084957	-0.03737546965301001	-0.012667429610664688	-0.037375469777734975	0.03852980912999073	-0.10506681664528836	0.0025435467763002947	-0.0028465350940123837	-0.03911937949627366	-0.05012022988511235	0.23735969900754691	0.22879078547616635	0.33447825183462154	0.32930697697768163	-0.04141751399583279	-0.05438466170930284	0.10422449373367128	0.10926164067131514	0.22288371584005148	0.2489891465089965	-0.04282328871233421	-0.05649142246615003	0.09895652995418586	0.1003175884576265	0.22900261042707498	0.26891001683583293
DKI Micro ADE	2.863794862505945	0.0	-0.21479882315249818	0.3952899445607328	-0.26071885317262117	1.8165176033335342	1.4432504972072062	1.551778913615508	0.029981182935970716	1.816517603413707	2.863794862505945	-0.23486970679603675	-0.26071885317262117	0.0654751320845797	1.8165176033335342	-0.10242368840674337	-0.09179204039454064	0.029816126582845905	1.4432504972072062	-0.0661447377871673	-0.043551211569232966	0.0568551481094564	0.12501895762296142	-0.6828348043594715	-0.18907125184917473	2.079034890272126	0.037773625144643094	0.015541062030359244	1.641920214363032	1.4916494640761486	1.1900338392677907	1.3625167119755892	1.4132726293327826	0.1740664757809563	0.07221055960171663	1.5553435409174343	-0.25338915388508165	1.5180507898722586	-0.7093626338290978	0.09625773103269633	1.673878208834652	0.35777837452524786	-0.7496155873147711	0.18253602482188	0.19281561704531203	-1.4903881055883113	0.6883469398237373	0.6615517962119429	0.49928501549038645	0.4111967252530723	0.34550837302651627	-0.5355032285710986	-0.18531963775169313	-1.2645721861793882	1.9992341613197822	0.16791600156025696	0.026943782382865777	-0.0046895775584827595	1.264260229060966	1.1573333365360856	0.1642544338625412	-0.009465097531630735	-0.03275780618476962	0.879019815519067	-0.379181879102135	-0.4238101750811216	-0.6438994263911435	-0.36919065182509286	-0.354778324381537	-0.38875222605155085	-0.3787507256839252	-0.009571099369358271	-0.033620971828446866	-0.00957109906747613	-0.0336209719638338	0.020431371349787765	-0.10344963079496824	0.0033414856889693663	-0.0020698388348579107	-0.04176103137862664	-0.05302338751677045	0.24921977216704674	0.24138235998471944	0.35266325050631814	0.3483174480066795	-0.04454549617109828	-0.058090011468946774	0.11148445278511704	0.11728196206809414	0.2392289185525379	0.2673994539875343	-0.04598601576558622	-0.06019185679276923	0.10407887413774228	0.10480136856841908	0.24297578453581464	0.2839387372463648
DKI Micro AWF	-0.3076684794682597	-0.21479882315249818	0.0	0.40226596300402606	0.4409321860963083	-0.47689300388678346	-0.5739755937623704	-0.49144559891917966	-0.0455745742447319	-0.47689300389789485	-0.3076684794682597	0.7961601435063982	0.4409321860963083	0.6948989095772954	-0.47689300388678346	1.1782318798275517	1.0402036874573388	0.5895906215663694	-0.5739755937623704	1.1575881359151905	-0.6576822489842659	0.8773512010845657	0.9476743551301046	0.026703886716039113	0.8334590780666997	-0.3167146817255553	0.9680442868618947	-0.0016362375117240312	-0.5046454741892737	-0.5447272564008887	-0.671533504494606	-0.609554143793542	-0.5158840950622846	-0.05689691124989695	-0.06159434926066583	-0.5012463198833532	0.23469224407303474	-0.4510416256272231	0.9575144396955513	0.5783075481197447	-0.41009181688241525	0.030004575949749267	-0.2079431347951542	-0.7146459176834236	0.06239357797401654	0.4337075326768554	0.43090592920097387	-0.026364507298128167	0.5889190340376862	0.8394881066061921	0.8062341023345951	1.0945983182478598	0.27336441502294695	0.36666935901018205	-0.3250440579344857	-0.4160504958470897	0.973150284259738	0.9602865171911529	-0.6220702032349956	-0.38172066308214786	-0.4260237622751497	1.0426544706352876	0.9937569002096296	-0.7702891821417462	0.5320149492842351	0.7561673670537926	0.5642572588967179	0.8511092664367581	0.863224545159692	0.8608520463368164	0.85497474486886	0.03257188254872438	0.05187434620804496	0.03257188189596449	0.05187434628801652	-0.4474145660586708	-0.18007628288339897	0.0002478624289744933	0.005099117674779467	0.0009519451011332046	0.006912410685645487	-0.03269462124423153	-0.02588665661859879	-0.0403945155582318	-0.037917663448039464	-0.003029772833053921	0.0021206063871397653	-0.021023550159753317	-0.013062618748892075	-0.0247465855385515	-0.022107445172474444	-0.0031426450597230792	0.0024459967975547	-0.027557045435995926	-0.022975292346101166	-0.03496926410661441	-0.03967238723972251
DKI Micro AxonalD	0.35447499174406816	0.3952899445607328	0.40226596300402606	0.0	0.6676723792865391	0.18730751927724054	0.08675589521395305	0.10357660687713252	-0.017370084056351057	0.1873075193251187	0.35447499174406816	-0.06300041475362744	0.6676723792865391	0.5112303105821119	0.18730751927724054	0.014288354974904972	0.013887973973067617	0.48354727554267024	0.08675589521395305	0.12778330130280954	-0.5389093419266028	0.6442513116263697	0.7190249812669525	-0.29166938713885954	0.42521728606063786	0.32551949940437086	0.6656926566560969	0.00688037082038658	0.159998840042018	0.13166389288495883	-0.011661201106578463	0.0640639636522501	0.139533457070975	-0.014798359070681914	0.06542564866546142	0.17031821327595908	0.0201715367277584	0.15625442543302287	0.0934351664494942	0.3208000974369899	0.2192915463170163	0.43659238666831557	-0.5700426066766136	-0.4133885125895329	0.31034900912708846	-0.20039857572758618	0.2972297394751653	-0.00036045323583898896	0.24047201484099628	0.6206592370983016	0.5917021001901123	0.22675181225347626	0.054932295737525366	-0.20678869878831918	0.26763535998430227	-0.1834495893921117	0.6132973252475403	0.5540232173915242	0.019785573116744157	0.18746881410706104	-0.18135129206461229	0.5678523879912789	0.5255932815750817	-0.08459678566679919	-0.013137903115603089	0.16133814532136187	0.03405679401025612	0.2028335635694706	0.18204403627476384	0.20285372179138547	0.1932368048957472	0.011405457073085627	0.010975523854950748	0.011405456880020315	0.01097552377754366	-0.2112792155443264	-0.1871487269347285	0.0005052441170475102	0.002313407874394731	-0.014618323610002629	-0.016406978514640538	0.10971186738404994	0.11794197756699001	0.14847700642982875	0.15809372192409035	-0.013468640562612159	-0.017269072576101042	0.06240233290882116	0.07660600626034776	0.11145050778735456	0.13640556644885068	-0.012672136004087575	-0.015827422780111747	0.047507510572491383	0.05143667383371795	0.09279148765465405	0.1089625082368849
DKI Micro KFA	-0.2947061350463336	-0.26071885317262117	0.4409321860963084	0.6676723792865391	0.0	-0.45511324776220385	-0.5461294667791677	-0.5598341307170507	0.012813259611269095	-0.4551132477399494	-0.2947061350463336	0.1770347495481051	4.9517187756431005	0.5672998689285684	-0.45511324776220385	-0.0002536701192061923	0.12303508291327948	0.5743221461863406	-0.5461294667791677	0.01387730238464721	-0.6173212207976487	0.7332972395247842	0.5247635500827287	-0.013679973360859504	0.4281318160441373	-0.28789827722137057	0.6944798262889141	0.0010619939009155182	-0.4451275400400095	-0.45853874790649607	-0.6014853994738406	-0.5294927002711304	-0.4571942903019382	-0.03313613983396412	-0.09183155088424484	-0.40936284543074813	0.16079735698811062	-0.4333583138114964	0.5850641882492805	0.3307534007011484	-0.3722486383775466	0.3846288216636849	-0.07162412438781059	-0.4535309715071696	0.3665948568927371	0.3792075271628131	-0.12326127377556632	-0.2285397129962323	-0.19064219303928676	0.26411910265789973	0.2992101442109481	0.5814007726044262	0.1814470817288961	0.40617959714432444	-0.3607242557450461	-0.4182759025210743	0.6668190689220641	0.5663414755592254	-0.5889338700082576	-0.3973587229319403	-0.41071635788371713	0.5010541387227888	0.4547740314889147	-0.5899288923096866	0.10196038146405836	0.352055613471192	0.35859029140976656	0.35829581466862653	0.3174684690392956	0.38383922964846495	0.3638732028563153	0.02165901875614818	0.03467757602966057	0.02165901832668266	0.034677576061916966	-0.13636037053433694	-0.06073773568106113	0.027980935874352103	0.03065176831724387	0.03701236567362408	0.041107533505265824	0.024075193299435246	0.04213043962388633	-0.007653881935972194	0.012624134575492935	0.040460311560937684	0.04252609142028604	0.05946511355719632	0.07378751216114929	0.010894152201794339	0.029372497454554048	0.04272167873643066	0.046067013124001	0.041763279694455334	0.043682968529626956	-0.02199871960490964	-0.026955541198453687
DKI Micro MD	2.0912572714897277	1.8165176033335337	-0.4768930038867834	0.1873075192772406	-0.45511324776220385	0.0	2.6121692968598147	2.690533575620433	-0.0005856966165191326	4.9517187756431005	2.0912572714897277	-0.35891595948606275	-0.45511324776220385	-0.20803622725134482	4.9517187756431005	-0.2798811840704522	-0.2880505366230511	-0.16633461266194008	2.6121692968598147	-0.25156646052763404	0.22279030082460108	-0.23757037823207716	-0.14937677313935194	-0.5527713264263852	-0.386364574918928	1.81338325487701	-0.24713932672966402	0.013136765755953421	2.3199968320596924	2.1154062068047876	1.8482200470043575	2.1000558075496496	1.8859901273099124	0.14195593829983613	0.11756131268265019	1.9370764243695684	-0.30492394253148536	1.8494890353409033	-1.059803227798233	-0.12124390112712823	1.900624648961262	0.20050213938055786	-0.5293483111622692	0.41220565277670024	0.051715252944166394	-1.626871762819495	0.43626845363550015	0.5569169589088662	0.28660297037909943	0.1295503220927827	0.06901184644601636	-0.8221358052537824	-0.2596429342506629	-1.284247373794889	2.043803888234884	0.33558218716036553	-0.25671162192923325	-0.2655932430096581	2.0494782693327163	1.4084338886372327	0.33385319078141834	-0.2642390021648129	-0.26950627806858135	1.3567228393979869	-0.4704372991784121	-0.5884571172807777	-0.7810388664707238	-0.5505591043560792	-0.5329401173584302	-0.579109685459162	-0.5651179500505904	-0.01959926486622932	-0.046161171702525136	-0.019599264390772083	-0.04616117182245285	0.11629931088823131	-0.06021244832152567	0.003939124321274894	-0.0022064407817942344	-0.03569145409246236	-0.04670692164195721	0.2090175794926792	0.20064142697480497	0.2945969283132489	0.29028000321139447	-0.03760961458768472	-0.05014870189923687	0.08865586477243916	0.09166218200779748	0.19353758993969336	0.21592152604111414	-0.03899482695249925	-0.05232770579535946	0.08789488730060584	0.08991969339563888	0.20510058127598765	0.24369470737952073
DKI Micro RD	1.6156449070271832	1.4432504972072062	-0.5739755937623704	0.08675589521395305	-0.5461294667791677	2.612169296859815	0.0	3.0960882371859912	-0.02170904399909179	2.6121692964009906	1.6156449070271832	-0.3749728013582175	-0.5461294667791677	-0.33986391010098566	2.612169296859815	-0.33152934840054843	-0.3502326607152091	-0.24949862280891863	4.9517187756431005	-0.31699462174788223	0.3464017591119912	-0.37747700455577743	-0.2771284575596489	-0.4861634105582716	-0.4764163018683364	1.4986793402400884	-0.3808798238198818	0.011867808036817917	2.1334443338445648	2.1072572621577255	2.195562880235502	2.3432947299077584	1.873812396253146	0.12110558194273426	0.13603744603373416	1.8006810299150482	-0.31992237244661254	1.7369518839844706	-1.2089565914750262	-0.21314421212246074	1.7094806000203553	0.126732307095432	-0.4177118538039513	0.5202863545723257	-0.013458178793533022	-1.5034567613345222	0.34007886543118654	0.5131501730863453	0.20471848601836512	0.011642343862845895	-0.04900560477767971	-0.9453050109781057	-0.28703454069821227	-1.1945864226214093	1.6968963455699873	0.39854597760661653	-0.3890096897487539	-0.38682215177208595	2.559392650229881	1.39760854982607	0.3973836444940654	-0.3823731140454079	-0.37814491200453004	1.6089808524806748	-0.493888891344102	-0.6478481848405492	-0.8140796033265761	-0.619809547166125	-0.599487071774052	-0.6527844446819608	-0.6364324064028638	-0.02321535517759171	-0.050109816977061	-0.023215354640189558	-0.05010981709393509	0.15972480092826996	-0.03209561748872292	0.004644989827243782	-0.0017752894809588342	-0.03262492632051112	-0.04329844810117968	0.18580723785398828	0.1777502376819021	0.26200841849383416	0.2582466540505394	-0.0342475793167885	-0.04613030314659667	0.07662477886610927	0.07830531467843323	0.17025155417638888	0.1896632775601232	-0.03558057720961481	-0.048288546866827674	0.07859319652332253	0.08094012305448273	0.18469389291765947	0.22120143159934275
DKI Micro RDE	1.6957124926706109	1.5517789136155076	-0.49144559891917966	0.10357660687713252	-0.5598341307170507	2.6905335756204334	3.096088237185992	0.0	-0.02219370871756285	2.6905335747822496	1.6957124926706109	-0.32097420408879607	-0.5598341307170507	-0.3012140091434723	2.6905335756204334	-0.24977929980960026	-0.27440569585581925	-0.21685643369831348	3.096088237185992	-0.23977797093203784	0.3066972017244725	-0.33189464461655466	-0.22392319300712862	-0.515142671507535	-0.436889926205418	1.5652202901824523	-0.3314784623724345	0.012703239550128724	2.1368484309267344	2.0677852289780256	2.0175675770837285	2.1942999496327107	1.8530813611963834	0.12503320340414673	0.13344284974039342	1.8013127890065161	-0.31373312627061456	1.7596181204110062	-1.1235554487664567	-0.16362992347904884	1.7710451710408726	0.1392053187943557	-0.457500460492248	0.4735983583909284	-0.0028348447815488144	-1.5404659617261671	0.4210339711755584	0.565465319754019	0.28659301223275985	0.07823371384622856	0.012312455222304319	-0.8827926751814785	-0.27455137556484926	-1.235456244835941	1.7808506680009772	0.3694845343549418	-0.3388780142902586	-0.3388854156589574	2.301942251144693	1.376609640601583	0.3667743039193623	-0.32947346976502917	-0.32852055419730225	1.4690682964023205	-0.4656337420058413	-0.6109402299963105	-0.7925612757325922	-0.5765872300125301	-0.5535945835947571	-0.6075815539909512	-0.5909721992109367	-0.02119701244002996	-0.04778850653250961	-0.021197011932925554	-0.04778850665707441	0.13862774452011326	-0.036949965786390156	0.004174366096825844	-0.0022805423823098383	-0.03552765582350494	-0.04640225414961411	0.19359032701822587	0.1850088860689564	0.274932518117341	0.2703628053492165	-0.0377350071566638	-0.04993781062925303	0.07903125011110947	0.08082084191567336	0.18001380516053073	0.1999800880920415	-0.03922012753522456	-0.0522840955785199	0.08042387219315732	0.08260541086566009	0.19452655993816517	0.23215813828480317
DKI Micro Tortuosity	0.03442651386769969	0.029981182935970716	-0.0455745742447319	-0.017370084056351057	0.012813259611269095	-0.0005856966165191326	-0.02170904399909179	-0.022193708717562845	0.0	-0.0005856965649611565	0.03442651386769969	-0.06594626578448995	0.012813259611269095	0.19398655037822274	-0.0005856966165191326	-0.05385486633515077	-0.009121780854086724	0.0253083371230049	-0.02170904399909179	-0.041772451345158126	-0.12867313454045315	0.11541937687442708	0.05748971846447138	-0.08052988687967298	-0.0380542963264131	0.0709473485238194	0.04907870711927469	-0.0011828488262333097	0.046384712874551745	0.05094010644403999	0.007378276934817726	0.03063654464745158	0.029861359892066265	0.052510498053839165	-0.0806676849266243	0.053076459508041234	0.019189636050849904	0.051585700156752456	0.07451043753328666	0.10278361976331048	0.017970108621559774	0.20130217992290778	-0.028007046429178728	-0.019122001827122502	0.3070319907202666	-0.022667272233389865	0.0759713174743765	0.09492453684588309	0.03303453415793711	0.05901542561186528	0.10942819045051465	0.0077762798753792245	0.014499339539370203	0.02708237964259688	0.014182557726934804	-0.07693155526378323	0.056473659060697186	0.01926594703851754	-0.012089013483026202	-0.041862031800820335	-0.07669646479202043	0.03261449166690227	0.005456475198774362	-0.0384430483842868	-0.028578988240068753	-0.032298112500523155	-0.039687953470276385	-0.028122759955404673	-0.02450290768559966	-0.019648605586663957	-0.017328057492290445	0.0007658529120401801	-0.0006381329982576823	0.0007658529468887724	-0.0006381329733726714	0.02044817451467405	0.022404831748281583	-0.0014732028698858765	-0.002106300384788251	-0.008719902520936193	-0.010452261832647972	0.021807147958752222	0.020738422694311802	0.0349776804482285	0.03429510516690443	-0.00948188676623871	-0.01117021032528955	0.013964111865070678	0.012802127686653913	0.035848705587969786	0.036442087092193355	-0.009694369300046973	-0.011405597877778013	0.01043320792702358	0.007347783408128641	0.03305597761988849	0.03349091697476688
DKI Micro Trace	2.0912572717664513	1.816517603413707	-0.47689300389789485	0.1873075193251187	-0.4551132477399494	4.9517187756431005	2.6121692964009924	2.6905335747822487	-0.0005856965649611564	0.0	2.0912572717664513	-0.35891595954079364	-0.4551132477399494	-0.2080362272223837	4.9517187756431005	-0.2798811840984052	-0.28805053665911556	-0.1663346126590461	2.6121692964009924	-0.2515664605322956	0.22279030080200463	-0.23757037820803492	-0.1493767731094358	-0.552771326394916	-0.38636457489140247	1.8133832547905897	-0.24713932670488917	0.013136765772226272	2.3199968315712605	2.115406206456629	1.8482200467531291	2.1000558071899174	1.885990127057044	0.14195593829496211	0.11756131266089574	1.9370764242626137	-0.3049239425159182	1.8494890351332713	-1.0598032277226517	-0.12124390111493998	1.9006246486503793	0.2005021393709803	-0.5293483111603602	0.41220565276242893	0.051715252943487555	-1.62687176262354	0.4362684536010302	0.5569169588408409	0.28660297034628174	0.129550322087998	0.0690118464512241	-0.8221358051798231	-0.25964293421110923	-1.284247373700134	2.0438038881639846	0.3355821871501521	-0.25671162190348806	-0.2655932429863635	2.0494782690198106	1.4084338885116796	0.33385319077288717	-0.26423900213694035	-0.2695062780457011	1.35672283924513	-0.4704372991284709	-0.5884571172233183	-0.7810388664132034	-0.5505591042977788	-0.5329401173096924	-0.5791096854220753	-0.5651179500352446	-0.01959926484426146	-0.04616117166288372	-0.019599264368804225	-0.04616117178281145	0.11629931079657765	-0.060212448450998476	0.003939124337953637	-0.002206440760462308	-0.03569145411985833	-0.046706921682827224	0.20901757948510183	0.2006414269721641	0.29459692833798484	0.29028000325144704	-0.03760961460281768	-0.050148701926466685	0.08865586477635572	0.09166218201106402	0.19353758997877105	0.21592152609713447	-0.0389948269677593	-0.052327705822380756	0.08789488730048871	0.08991969339608069	0.2051005813124838	0.24369470744021995
DKI AD	4.9517187756431005	2.863794862505946	-0.3076684794682597	0.35447499174406816	-0.2947061350463336	2.091257271489727	1.6156449070271834	1.6957124926706109	0.03442651386769969	2.0912572717664513	0.0	-0.31449761359170275	-0.2947061350463336	0.008481341225609626	2.091257271489727	-0.18348266069760016	-0.1751461734181889	-0.024359892180126665	1.6156449070271834	-0.13487789215092835	0.01872014059897471	-0.009832967789648275	0.062103607631956555	-0.6386205727057717	-0.22912424198327017	2.1667289407899144	-0.028554640920136546	0.014619889580653354	1.8157537475219199	1.6347993944304862	1.3174894881002763	1.5060733960251746	1.535901359408777	0.16999490338188664	0.08150730330815675	1.6913862939975852	-0.26499532893394395	1.629694982780009	-0.7983376645005934	0.03387129980782278	1.7693999343619522	0.31784927210048375	-0.7107353711476249	0.2295271515593421	0.15876940278381851	-1.5540733608212618	0.588304165654515	0.5988633613138731	0.4159921190655051	0.32903217137776414	0.26803435874849124	-0.6063735841037047	-0.20462369924579263	-1.2908981750630129	2.1709618717868495	0.21974792739928614	-0.04037514364735411	-0.06533391664657714	1.4049374190892019	1.2516187222422046	0.2172304715317429	-0.06853412438875586	-0.0875260359439721	0.9833347985882543	-0.40676957630632576	-0.46478892171312786	-0.6785814951920598	-0.4153947076916396	-0.40246098272018926	-0.43697083797915054	-0.4269973134363499	-0.012667429961084957	-0.03737546965301001	-0.012667429610664688	-0.037375469777734975	0.03852980912999073	-0.10506681664528836	0.0025435467763002947	-0.0028465350940123837	-0.03911937949627366	-0.05012022988511235	0.23735969900754691	0.22879078547616635	0.33447825183462154	0.32930697697768163	-0.04141751399583279	-0.05438466170930284	0.10422449373367128	0.10926164067131514	0.22288371584005148	0.2489891465089965	-0.04282328871233421	-0.05649142246615003	0.09895652995418586	0.1003175884576265	0.22900261042707498	0.26891001683583293
DKI AK	-0.31449761359170275	-0.23486970679603678	0.7961601435063982	-0.06300041475362742	0.17703474954810514	-0.35891595948606275	-0.3749728013582176	-0.32097420408879607	-0.06594626578448995	-0.35891595954079364	-0.31449761359170275	0.0	0.17703474954810514	0.1534397433752803	-0.35891595948606275	0.866431899657951	0.8738420529799995	0.2901814607867899	-0.3749728013582176	0.5391633723659052	-0.17692742971195485	0.26003296085783556	0.17664490963019508	-0.004051152386990725	0.15726409069475158	-0.3264341173207964	0.2644739727524193	0.0025362410680150353	-0.37047530536655304	-0.36291170969116154	-0.4009519713206115	-0.3845559013537612	-0.3675808273412692	0.009606056328461971	-0.07921243165394966	-0.3704802589035397	0.06985392981821245	-0.3418353151217246	0.5325424593193046	0.2991518449232169	-0.35254506632755284	0.014259605571040777	0.22467816325260695	-0.10982848844561502	0.018037357093014534	0.38540679852420756	0.3440323951465515	0.26555953289472706	0.35244406913086473	0.2939090061219626	0.2427618674965638	0.435180929659874	0.14362046318794924	0.40143088427439455	-0.33179135862071946	-0.3225617570778081	0.2840721811332571	0.24421393873152494	-0.39213838919878585	-0.42117683384411714	-0.33319038580819843	0.21662926097654686	0.1970997280618086	-0.4371250995522768	0.2970050576028198	0.3279700472249112	0.3038718002342312	0.34809821874503405	0.3777539028249009	0.37658367616837596	0.3826707379861753	0.023332861344517467	0.034288684885372754	0.023332860959414867	0.0342886849224315	-0.13632058849498763	0.033553778636876155	0.029435115071955387	0.028961410301631626	0.018610918414717185	0.020267039161856633	0.01422821844484489	0.02639532861675433	-0.000791239488139609	0.012894759132445402	0.015136705696456117	0.014576719202556895	0.02690621910625762	0.03327735522872737	0.010697782598975983	0.02083314313526563	0.015223755149721453	0.015077711328262574	0.017558875013346298	0.017192124892020107	-0.004099073777280456	-0.004818865252853022
DKI KFA	-0.2947061350463336	-0.26071885317262117	0.4409321860963084	0.6676723792865391	4.9517187756431005	-0.45511324776220385	-0.5461294667791677	-0.5598341307170507	0.012813259611269095	-0.4551132477399494	-0.2947061350463336	0.1770347495481051	0.0	0.5672998689285684	-0.45511324776220385	-0.0002536701192061923	0.12303508291327948	0.5743221461863406	-0.5461294667791677	0.01387730238464721	-0.6173212207976487	0.7332972395247842	0.5247635500827287	-0.013679973360859504	0.4281318160441373	-0.28789827722137057	0.6944798262889141	0.0010619939009155182	-0.4451275400400095	-0.45853874790649607	-0.6014853994738406	-0.5294927002711304	-0.4571942903019382	-0.03313613983396412	-0.09183155088424484	-0.40936284543074813	0.16079735698811062	-0.4333583138114964	0.5850641882492805	0.3307534007011484	-0.3722486383775466	0.3846288216636849	-0.07162412438781059	-0.4535309715071696	0.3665948568927371	0.3792075271628131	-0.12326127377556632	-0.2285397129962323	-0.19064219303928676	0.26411910265789973	0.2992101442109481	0.5814007726044262	0.1814470817288961	0.40617959714432444	-0.3607242557450461	-0.4182759025210743	0.6668190689220641	0.5663414755592254	-0.5889338700082576	-0.3973587229319403	-0.41071635788371713	0.5010541387227888	0.4547740314889147	-0.5899288923096866	0.10196038146405836	0.352055613471192	0.35859029140976656	0.35829581466862653	0.3174684690392956	0.38383922964846495	0.3638732028563153	0.02165901875614818	0.03467757602966057	0.02165901832668266	0.034677576061916966	-0.13636037053433694	-0.06073773568106113	0.027980935874352103	0.03065176831724387	0.03701236567362408	0.041107533505265824	0.024075193299435246	0.04213043962388633	-0.007653881935972194	0.012624134575492935	0.040460311560937684	0.04252609142028604	0.05946511355719632	0.07378751216114929	0.010894152201794339	0.029372497454554048	0.04272167873643066	0.046067013124001	0.041763279694455334	0.043682968529626956	-0.02199871960490964	-0.026955541198453687
DKI Linearity	0.008481341225609626	0.06547513208457968	0.6948989095772954	0.511230310582112	0.5672998689285684	-0.20803622725134482	-0.33986391010098566	-0.3012140091434723	0.19398655037822274	-0.2080362272223837	0.008481341225609626	0.1534397433752803	0.5672998689285684	0.0	-0.20803622725134482	0.40506205432585496	0.49382052619782785	0.434131141362975	-0.33986391010098566	0.5616168360374701	-1.0426471329490838	1.5882565521993917	1.2338620192198035	-0.19732011271350547	0.7517778301265825	0.04732894924077842	1.3343318321178474	0.00018337983361590263	-0.1786774506563988	-0.2471961551118535	-0.37726689371049815	-0.31043964990891487	-0.2151164918902417	0.06923957831307798	-0.13205222921930643	-0.16750402484329105	0.14346841859982362	-0.1405038012427325	0.6460240959300795	0.6376573395312763	-0.11277806304510386	0.3578995226580677	-0.554423990668369	-0.8270515217598969	0.4455209365643103	0.11014604165340307	0.4449861914691508	0.04888146970661518	0.45877137276522545	0.9358675906432551	1.0825600878786232	0.7527116380697472	0.1978190278246938	0.07646021948770249	-0.020149849374205147	-0.4169570949588514	1.3446812055488229	1.1978272890991044	-0.37700944084310617	-0.13057713400236903	-0.4206637834255351	1.1953601042632087	1.0777789369643482	-0.5303112447303856	0.2504022613327722	0.4302365411593745	0.25893696409402966	0.5017666701017632	0.5082307951236651	0.5151757130149379	0.5139094650614807	0.025345587143070947	0.03365987380899428	0.025345586701227173	0.033659873916016964	-0.3344251611755311	-0.16006891079272859	-0.019480354639818658	-0.015142640290009618	-0.02765975587831511	-0.027068679934451827	0.04759657148475806	0.04873939605317196	0.08522518533347749	0.08316965035532807	-0.031873030165194306	-0.03225795838517221	0.018248336128199347	0.024747319200133018	0.08073698246671143	0.0888359554770646	-0.032408087357671186	-0.032547563157271905	0.005464537103282492	0.0045809335674042795	0.06797331374208278	0.0711871321961936
DKI MD	2.0912572714897277	1.8165176033335337	-0.4768930038867834	0.1873075192772406	-0.45511324776220385	4.9517187756431005	2.6121692968598147	2.690533575620433	-0.0005856966165191326	4.9517187756431005	2.0912572714897277	-0.35891595948606275	-0.45511324776220385	-0.20803622725134482	0.0	-0.2798811840704522	-0.2880505366230511	-0.16633461266194008	2.6121692968598147	-0.25156646052763404	0.22279030082460108	-0.23757037823207716	-0.14937677313935194	-0.5527713264263852	-0.386364574918928	1.81338325487701	-0.24713932672966402	0.013136765755953421	2.3199968320596924	2.1154062068047876	1.8482200470043575	2.1000558075496496	1.8859901273099124	0.14195593829983613	0.11756131268265019	1.9370764243695684	-0.30492394253148536	1.8494890353409033	-1.059803227798233	-0.12124390112712823	1.900624648961262	0.20050213938055786	-0.5293483111622692	0.41220565277670024	0.051715252944166394	-1.626871762819495	0.43626845363550015	0.5569169589088662	0.28660297037909943	0.1295503220927827	0.06901184644601636	-0.8221358052537824	-0.2596429342506629	-1.284247373794889	2.043803888234884	0.33558218716036553	-0.25671162192923325	-0.2655932430096581	2.0494782693327163	1.4084338886372327	0.33385319078141834	-0.2642390021648129	-0.26950627806858135	1.3567228393979869	-0.4704372991784121	-0.5884571172807777	-0.7810388664707238	-0.5505591043560792	-0.5329401173584302	-0.579109685459162	-0.5651179500505904	-0.01959926486622932	-0.046161171702525136	-0.019599264390772083	-0.04616117182245285	0.11629931088823131	-0.06021244832152567	0.003939124321274894	-0.0022064407817942344	-0.03569145409246236	-0.04670692164195721	0.2090175794926792	0.20064142697480497	0.2945969283132489	0.29028000321139447	-0.03760961458768472	-0.05014870189923687	0.08865586477243916	0.09166218200779748	0.19353758993969336	0.21592152604111414	-0.03899482695249925	-0.05232770579535946	0.08789488730060584	0.08991969339563888	0.20510058127598765	0.24369470737952073
DKI MK	-0.18348266069760016	-0.10242368840674337	1.1782318798275513	0.014288354974904976	-0.0002536701192061917	-0.27988118407045215	-0.3315293484005485	-0.24977929980960026	-0.05385486633515077	-0.2798811840984052	-0.18348266069760016	0.8664318996579511	-0.0002536701192061917	0.40506205432585496	-0.27988118407045215	0.0	1.3328645927297977	0.301427915807403	-0.3315293484005485	1.612865074856849	-0.33110724526985535	0.4738875440945058	0.5846572827012109	0.03079550056642981	0.5542769245868778	-0.20091414902492105	0.5538291364577866	-0.00027906824349342306	-0.3132850113988318	-0.34308457578152074	-0.39565653469502726	-0.37139451852094096	-0.32320367118710425	-0.001998867720933029	-0.0541162626390862	-0.3205139570551807	0.1442718345220826	-0.2691123750445603	0.6145911305693984	0.4490990918441149	-0.25956967467677533	-0.14023357841492443	-0.1467108582870485	-0.45723591208284164	-0.10518072725584107	0.28605483307417595	0.5519621706062808	0.144234179315664	0.7762438819666955	0.6829163762580166	0.6094524030940346	0.67145293920851	0.17717754367463642	0.20310642216008928	-0.17912155415357517	-0.25559779080522527	0.558450855163763	0.5850414653986891	-0.3591195772390918	-0.24312735061411236	-0.26949923808625015	0.6460145587458644	0.6380423547411224	-0.4821801917690957	0.49693084847494573	0.5658954515069259	0.40591407331390983	0.6380013407483813	0.6758702067371458	0.6363048032287807	0.6425532066429922	0.025881647104106807	0.040649334020386695	0.02588164662298909	0.04064933405880577	-0.37986373672424867	-0.13918038287900317	-0.008373846704455127	-0.004550336100490137	-0.010081326625664558	-0.006484706082538173	-0.03989505828199228	-0.043236034973697865	-0.03808837868040434	-0.04644400433182114	-0.016117179208538723	-0.012618845933152706	-0.040779157198975756	-0.04124820260073078	-0.029013541075321187	-0.03605732017632577	-0.01737130941547429	-0.01410755093655169	-0.038395883489935174	-0.036075762752698845	-0.02311653345591267	-0.026130936987350657
DKI MKT	-0.1751461734181889	-0.09179204039454064	1.0402036874573388	0.01388797397306762	0.12303508291327948	-0.2880505366230511	-0.3502326607152091	-0.27440569585581936	-0.009121780854086724	-0.28805053665911556	-0.1751461734181889	0.8738420529799995	0.12303508291327948	0.49382052619782785	-0.2880505366230511	1.3328645927297977	0.0	0.4785833864386318	-0.3502326607152091	0.9903866980733674	-0.500499408276479	0.5946222928692343	0.5650468068947343	-0.0958261466717726	0.39999664633236504	-0.1475441964470985	0.5894431252401421	0.001739491201055389	-0.2737368810255177	-0.2955487473084356	-0.38753495318369996	-0.34167027135813055	-0.29431042531871926	0.043766096529406114	-0.11320151849517437	-0.26937670343544906	0.13209118318880692	-0.23571364433499287	0.7328139164381736	0.5955380427654965	-0.2371291428498932	0.11926901851298517	-0.12008501764484897	-0.40582699270120626	0.17310243079836252	0.25477976390470397	0.6323279044669442	0.30156919705570534	0.7316373783786809	0.7022355668068327	0.6901210342599844	0.6565519419556736	0.19712878925295066	0.2558456393089905	-0.1811585390462035	-0.3813263512538958	0.6218798473097088	0.5578717830845218	-0.3759026849861194	-0.3262387584958051	-0.39473982846342415	0.6097670975305196	0.5439696693264936	-0.5277120444772045	0.38946226710933374	0.4543049757548034	0.32388739481417145	0.5173211328185074	0.5483421909827689	0.5309066150364656	0.538736023648609	0.028096881327160327	0.03932290334028352	0.02809688086257054	0.03932290342320112	-0.2883924365240363	-0.07564980506518984	0.003571687144280547	0.005534604852419642	-0.011084165744778194	-0.00958904298322465	0.01585765225852257	0.017144109503008362	0.030422004172461405	0.02903521470602474	-0.017045859893197637	-0.016454451070977965	0.004793440248934307	0.006958356670754585	0.03573546319085402	0.03716186171448829	-0.01812925077185624	-0.017577312117108487	-0.0024006146172166807	-0.003739904037988886	0.02960758249498141	0.028922582199245404
DKI Planarity	-0.024359892180126665	0.029816126582845905	0.5895906215663694	0.48354727554267035	0.5743221461863406	-0.16633461266194013	-0.24949862280891863	-0.21685643369831348	0.0253083371230049	-0.1663346126590461	-0.024359892180126665	0.29018146078678986	0.5743221461863406	0.434131141362975	-0.16633461266194013	0.301427915807403	0.4785833864386318	0.0	-0.24949862280891863	0.2754724988760031	-1.0952311340039258	0.9043465637068554	0.7245649683068182	-0.26371439179809575	0.38997132757878783	0.002125325086278405	0.8273066277864799	0.01460680928865814	-0.14940386849355491	-0.12984353421367423	-0.35358097330661603	-0.23506891132432878	-0.1925658468726332	0.0630726017866834	-0.12642247025518308	-0.10911349497949802	0.1806952170239074	-0.139641668476743	0.5493056682101233	0.6055205523958818	-0.07241386933994302	0.5273081296688941	-0.3227422295972986	-0.46706864730249864	0.5107344231676643	0.07091927617359718	0.39683019803582176	0.19143023996547004	0.33870944048996227	0.7153236655247143	0.7214137474032284	0.4796928874525547	0.16392199019461812	0.14811426207083114	-0.07324360426041082	-0.4563327705285766	0.8355447174833319	0.6500926077696737	-0.29960744578214665	-0.23172563783599828	-0.4585681165929266	0.6354800959689627	0.5073182984453068	-0.4267778173455348	0.18655264576757535	0.34513564501575844	0.23659763586861896	0.3986929157556729	0.3777041929047766	0.42314797749582583	0.4132038703192497	0.02765232206705481	0.03454456363802695	0.02765232160364622	0.03454456368056829	-0.24003624054875697	-0.1237595755377249	0.02274330564061918	0.02306766739022767	-0.0029991935661265244	-0.0035297731792779596	0.09947678920008965	0.10601346811135065	0.12441997128797408	0.13129737174054537	-0.002326996911161586	-0.005198951554357202	0.07149653640655236	0.0812248669273726	0.10386187711465747	0.12167029825741785	-0.0016830724470204852	-0.003942498192493129	0.05158156590266866	0.04901641132686204	0.07697339354381424	0.08108076252393334
DKI RD	1.6156449070271832	1.4432504972072062	-0.5739755937623704	0.08675589521395305	-0.5461294667791677	2.612169296859815	4.9517187756431005	3.0960882371859912	-0.02170904399909179	2.6121692964009906	1.6156449070271832	-0.3749728013582175	-0.5461294667791677	-0.33986391010098566	2.612169296859815	-0.33152934840054843	-0.3502326607152091	-0.24949862280891863	0.0	-0.31699462174788223	0.3464017591119912	-0.37747700455577743	-0.2771284575596489	-0.4861634105582716	-0.4764163018683364	1.4986793402400884	-0.3808798238198818	0.011867808036817917	2.1334443338445648	2.1072572621577255	2.195562880235502	2.3432947299077584	1.873812396253146	0.12110558194273426	0.13603744603373416	1.8006810299150482	-0.31992237244661254	1.7369518839844706	-1.2089565914750262	-0.21314421212246074	1.7094806000203553	0.126732307095432	-0.4177118538039513	0.5202863545723257	-0.013458178793533022	-1.5034567613345222	0.34007886543118654	0.5131501730863453	0.20471848601836512	0.011642343862845895	-0.04900560477767971	-0.9453050109781057	-0.28703454069821227	-1.1945864226214093	1.6968963455699873	0.39854597760661653	-0.3890096897487539	-0.38682215177208595	2.559392650229881	1.39760854982607	0.3973836444940654	-0.3823731140454079	-0.37814491200453004	1.6089808524806748	-0.493888891344102	-0.6478481848405492	-0.8140796033265761	-0.619809547166125	-0.599487071774052	-0.6527844446819608	-0.6364324064028638	-0.02321535517759171	-0.050109816977061	-0.023215354640189558	-0.05010981709393509	0.15972480092826996	-0.03209561748872292	0.004644989827243782	-0.0017752894809588342	-0.03262492632051112	-0.04329844810117968	0.18580723785398828	0.1777502376819021	0.26200841849383416	0.2582466540505394	-0.0342475793167885	-0.04613030314659667	0.07662477886610927	0.07830531467843323	0.17025155417638888	0.1896632775601232	-0.03558057720961481	-0.048288546866827674	0.07859319652332253	0.08094012305448273	0.18469389291765947	0.22120143159934275
DKI RK	-0.13487789215092835	-0.0661447377871673	1.1575881359151905	0.12778330130280954	0.01387730238464721	-0.25156646052763404	-0.31699462174788223	-0.23977797093203784	-0.041772451345158126	-0.2515664605322956	-0.13487789215092835	0.5391633723659052	0.01387730238464721	0.5616168360374701	-0.25156646052763404	1.6128650748568492	0.9903866980733674	0.2754724988760031	-0.31699462174788223	0.0	-0.4080421276943161	0.5852262956029677	0.8112312447736262	0.07318014465818069	0.8200606731523984	-0.15369262912691514	0.6990811281099242	-0.003197616767724021	-0.29126518232662396	-0.3388028834525697	-0.3887514149645286	-0.3658852884556572	-0.2993871688756595	-0.02011047723721359	-0.02005984262291009	-0.3072211720202272	0.15856112467735725	-0.24107955713110993	0.5856791743032046	0.42653232503583566	-0.22513913743685315	-0.2169166998908144	-0.32659605633424066	-0.6466251531376284	-0.16276432527971219	0.24461120291197797	0.497498871489657	-0.038163369050809456	0.7763860722807073	0.8058149868120688	0.7516668146176343	0.7775429485240891	0.18099754488304665	0.12501830809936956	-0.11892852632730237	-0.18994141578633317	0.6966583816039263	0.7896324066369704	-0.34473010280357946	-0.1334064979100121	-0.201961889293528	0.9130459418731487	0.9391738306833979	-0.47027677264582785	0.544941186189226	0.6422576956595141	0.42523151460822606	0.7343035812152179	0.7794645166880209	0.71884725029123	0.7262260057650154	0.022901083845463136	0.03864661650743074	0.022901083366490615	0.038646616556920706	-0.47877733303031794	-0.21464637587423713	-0.032801762408218985	-0.026562671873162334	-0.025753358629341756	-0.020772871312852152	-0.07999164670581818	-0.08920702810919884	-0.07131495709441912	-0.08873479117961335	-0.03224129016064314	-0.026095314250098166	-0.0833618136182091	-0.08609002289213344	-0.05994071752363251	-0.07512986787526627	-0.03387822818023799	-0.028141076273217786	-0.07513116991097639	-0.07056605276453408	-0.044641514332266055	-0.04963696435641655
DKI Sphericity	0.018720140598974703	-0.043551211569232966	-0.6576822489842659	-0.5389093419266028	-0.6173212207976487	0.22279030082460108	0.3464017591119912	0.3066972017244725	-0.12867313454045315	0.22279030080200454	0.018720140598974703	-0.17692742971195485	-0.6173212207976487	-1.0426471329490838	0.22279030082460108	-0.33110724526985535	-0.500499408276479	-1.0952311340039258	0.3464017591119912	-0.4080421276943161	0.0	-1.5261526393212335	-1.0989737779813005	0.3560738183833949	-0.5695671991791542	-0.01665080251806756	-1.264110693507443	-0.011567902107396251	0.1976582650492891	0.22186892730962213	0.43471289480296876	0.3222175999815836	0.24552811553408427	-0.07609038100231874	0.15367525701493515	0.16471958986750518	-0.1864368796766793	0.1710150364926702	-0.6366730004019031	-0.7108232912138635	0.08483529935985923	-0.5482943004221352	0.5512877738723302	0.7857366411407835	-0.594292346944123	-0.02130086305763929	-0.4658360088396758	-0.1371505831787118	-0.41421823886518516	-0.9554014401749259	-1.0468866372688248	-0.632924735508789	-0.19238780817824955	-0.02295584377526513	0.07222842074319612	0.6052876387538025	-1.284580462357123	-1.0101265878638381	0.4051334881262946	0.25667208340191666	0.6088824091926385	-0.9837490363113445	-0.8234961924889997	0.5966420595664828	-0.2152461565494009	-0.39260498705142377	-0.2282330232901011	-0.46962992032329504	-0.4616441809348094	-0.5028943406569983	-0.4973571421149754	-0.03121645491060551	-0.03770932618007479	-0.031216454384170814	-0.03770932626128993	0.2986245353290948	0.13969912174742816	-0.007714152449705123	-0.008061884226403094	0.02348063501352413	0.024732853190298557	-0.12152638814999284	-0.1186158498807077	-0.17210548189823247	-0.166461931157603	0.024532402122848743	0.02848303281672652	-0.07669644577655606	-0.07969396862433309	-0.15104945570805473	-0.15995932515644906	0.024254743827588725	0.027830317409371152	-0.05243268506137292	-0.04176842071847962	-0.1214041917855851	-0.11812574170753945
DKI Tensor FA	-0.009832967789648274	0.0568551481094564	0.8773512010845658	0.6442513116263697	0.7332972395247842	-0.23757037823207716	-0.3774770045557773	-0.33189464461655466	0.11541937687442708	-0.23757037820803492	-0.009832967789648274	0.26003296085783556	0.7332972395247842	1.5882565521993919	-0.23757037823207716	0.4738875440945058	0.5946222928692343	0.9043465637068554	-0.3774770045557773	0.5852262956029677	-1.5261526393212335	0.0	1.5745596839120461	-0.2390145577854324	0.8225587786520511	0.017455960440762988	1.9722107904084174	0.006338906428938068	-0.22133737673713313	-0.26871078196527187	-0.4653524187521899	-0.3620045751742278	-0.2654753949355105	0.06845810689245352	-0.14161015897732276	-0.19594936035562033	0.19028861454657767	-0.18791182400913023	0.7557031135880524	0.7617574125405149	-0.12937439748358545	0.4446948890538383	-0.5927733058804704	-0.9276965994858394	0.4867255797824883	0.12895502766643163	0.4982776391348078	0.08157979307675876	0.49974422862026574	1.1696512869865994	1.2664574298267288	0.8385785156821398	0.22418855845504293	0.11625550627308888	-0.05296562270973724	-0.5104954817654209	1.9693976439607719	1.4260874005913076	-0.43328323348883474	-0.1904727332364292	-0.5146889522854445	1.4071770777985468	1.159671435151244	-0.6142283515662257	0.29399035781112454	0.5198467321537925	0.32881499537341874	0.6051467362157968	0.5986898780041452	0.6299364282818887	0.6221256401471883	0.031402508233386625	0.04170910115605805	0.03140250766783637	0.04170910123778409	-0.3849322636095333	-0.1923321827965329	-0.0039010220432747285	-0.0002201020701077577	-0.018590179919281587	-0.017692176930203172	0.07134754099308202	0.07508148340493581	0.10543063826271723	0.10662938521684454	-0.021311612204031303	-0.022165065876018845	0.03979774980262091	0.049214843662228065	0.09254383205341256	0.10587951501115407	-0.021381524801966662	-0.021783464365772588	0.022661071581732268	0.021870372890473364	0.07206334042239619	0.0757702344539042
DSIStudio GQI GFA	0.06210360763195657	0.12501895762296142	0.9476743551301046	0.7190249812669525	0.5247635500827287	-0.14937677313935194	-0.2771284575596489	-0.22392319300712862	0.05748971846447138	-0.1493767731094358	0.06210360763195657	0.17664490963019508	0.5247635500827287	1.2338620192198033	-0.14937677313935194	0.5846572827012108	0.5650468068947343	0.7245649683068182	-0.2771284575596489	0.8112312447736264	-1.0989737779813007	1.5745596839120461	0.0	-0.1722049632581817	1.0983135495973224	0.07147128518260223	1.7520167145169196	0.0017611242214854931	-0.15954118532269748	-0.21375425813696694	-0.3819710400328919	-0.2941724132250462	-0.19635326896119681	0.03359274300221849	-0.08868632075714657	-0.142336147894327	0.20496436725676992	-0.12899542407219997	0.6002082771247389	0.6620725765798204	-0.06526918908027486	0.24085234813671264	-0.7830191607894363	-1.1423260496701155	0.2625301302094442	0.07224842875875553	0.523481048672693	-0.01981235892455029	0.6307363941364792	1.3741501449524838	1.36953809656953	0.7933321671127959	0.19233763461556916	-0.00338544309236886	0.03840984023202738	-0.35953792187867706	1.6967841542945663	1.5445100588623297	-0.3354172116267789	-0.047922856386029805	-0.3656683537929149	1.9123058855124717	1.5506073419259088	-0.5165077074944516	0.34562336491441764	0.5834935731383306	0.3495983683358793	0.6785481585806741	0.6707538126241828	0.6863118277559859	0.67685857807289	0.026779111541738454	0.038146970305920395	0.026779111007922407	0.03814697035790546	-0.47436134358614374	-0.2707922328143077	-0.017255393552514174	-0.012066742952408185	-0.023655154426726648	-0.020862336332599415	0.030387544740264536	0.028852101138953746	0.06053341319394935	0.053848788199397785	-0.02713677308260386	-0.024914672809427656	-0.00021680158083542235	0.007440421355261729	0.0468381960960265	0.05256724998926402	-0.0276817410057248	-0.02534843269508404	-0.007966199045690325	-0.004157398772830624	0.04001294253628855	0.04405849425588454
DSIStudio GQI ISO	-0.6386205727057717	-0.6828348043594715	0.026703886716039113	-0.29166938713885954	-0.013679973360859505	-0.5527713264263853	-0.4861634105582716	-0.515142671507535	-0.08052988687967298	-0.552771326394916	-0.6386205727057717	-0.004051152386990726	-0.013679973360859505	-0.1973201127135055	-0.5527713264263853	0.03079550056642981	-0.0958261466717726	-0.26371439179809575	-0.4861634105582716	0.07318014465818069	0.3560738183833949	-0.2390145577854324	-0.1722049632581817	0.0	0.40268959901551593	-0.6832879249176254	-0.1861065048202887	-0.038780348249090525	-0.5832159974139081	-0.5708875708840074	-0.4341720586548504	-0.5095056134293561	-0.5369599769893376	-0.1332214089079548	0.032980122277025264	-0.5832126096386259	0.15984263515351585	-0.5722662109265431	0.22425232146917218	-0.29675786216121974	-0.6632145705313438	-0.7000487966187547	0.4705291859564486	-0.05280859629202091	-0.5501287271002157	0.7109922027771075	-0.6190684763726179	-0.6892561036157789	-0.38760136589967153	-0.4166626440827951	-0.3935733494724117	0.252675074056833	0.07251363127284031	0.5767030137870126	-0.5928024837016853	0.7093867685526134	-0.1863339922823282	-0.08351040558764371	-0.44035377832182765	-0.3323758994498763	0.7116985323575336	-0.05931584855213219	0.00073753954776111	-0.27487270631198596	0.32780883057818055	0.37098904370912406	0.5745446414639256	0.3130088050065315	0.165674434197987	0.19599681872595068	0.1433646258393359	-0.008868160747123564	0.007407627254255662	-0.008868160780689945	0.007407627290734892	-0.023028029191420815	-0.14181859231364907	-0.06957808325639786	-0.058567370287758616	0.019563603808723424	0.02465553396520236	-0.28069411253911175	-0.2869251026327979	-0.36765117224306804	-0.3766533194138796	0.026792652762418854	0.03741605877610918	-0.18517411615156928	-0.19732319868003542	-0.3139289318449653	-0.3471797905927928	0.02707051073914107	0.03746696026641515	-0.1549401498675136	-0.1450113520874239	-0.2812987709129262	-0.29868834221714513
DSIStudio GQI QA	-0.22912424198327017	-0.18907125184917478	0.8334590780666997	0.42521728606063786	0.4281318160441373	-0.386364574918928	-0.4764163018683364	-0.436889926205418	-0.0380542963264131	-0.3863645748914024	-0.22912424198327017	0.15726409069475158	0.4281318160441373	0.7517778301265825	-0.386364574918928	0.5542769245868779	0.399996646332365	0.38997132757878794	-0.4764163018683364	0.8200606731523984	-0.5695671991791542	0.8225587786520511	1.0983135495973224	0.402689599015516	0.0	-0.2570028571920353	0.9652033938433255	-0.017407263153544395	-0.4355777870937941	-0.4926624928804999	-0.5706275621941305	-0.5348183641846833	-0.4437953077907011	-0.07460502043771096	-0.001314515182931632	-0.4288960006884894	0.2518056058077817	-0.3952908093736713	0.5835647171350492	0.27794208216078037	-0.3558198725521869	-0.23505350220169108	-0.43001800487027264	-1.0246324173651271	-0.1724222481453966	0.37336789267563	0.10861203254339143	-0.41720716096920873	0.3091799447772207	0.6716039813580305	0.648370523914455	0.8948081174256374	0.19861750740552597	0.1995269440770877	-0.22107143594627826	0.06159596270491296	0.9303524751714114	1.0785820296314932	-0.50785623040206	-0.1260059158629493	0.056632589814697744	1.2315883151529652	1.2807864339476944	-0.5583595302116828	0.5224401403655022	0.8285378054203738	0.642507995656729	0.9017603095428794	0.7419465037852102	0.7784766785802983	0.723170648981927	0.01708293824109937	0.03598606283409381	0.017082937750148554	0.03598606289489505	-0.4713295768647897	-0.35856747035343783	-0.062189367804809534	-0.0512451801763356	-0.023534883486373896	-0.019354397448865447	-0.13436109467084284	-0.1414052236726778	-0.13966248799393025	-0.1531967415809241	-0.02221478436156	-0.015625237828388178	-0.11822943347178452	-0.12006708093294105	-0.12626757092752192	-0.14033326938415	-0.022575447780641703	-0.016118509372805415	-0.10699096524042526	-0.09948037561244602	-0.11199582195278343	-0.11703579801864691
DSIStudio Tensor AD	2.1667289407899144	2.079034890272126	-0.3167146817255553	0.3255194994043708	-0.28789827722137057	1.8133832548770095	1.4986793402400884	1.5652202901824523	0.0709473485238194	1.8133832547905897	2.1667289407899144	-0.32643411732079647	-0.28789827722137057	0.04732894924077842	1.8133832548770095	-0.20091414902492108	-0.1475441964470985	0.0021253250862784036	1.4986793402400884	-0.15369262912691514	-0.01665080251806756	0.017455960440762988	0.07147128518260223	-0.6832879249176254	-0.2570028571920353	0.0	-0.014063751710291566	0.01263646568325809	2.050667913665355	1.784828676995546	1.3533571813508323	1.589905323815181	1.6312107167356709	0.18467785614577129	0.060024539693176886	1.9026511247477023	-0.27735756245964466	1.777454326373468	-0.7422825427701248	0.055602492969657795	1.6989948036210876	0.40457741748831616	-0.6993178613605283	0.22950618738593812	0.27045259679771755	-1.5077499936542695	0.6013163716294659	0.6401679695172111	0.40903048850178475	0.331341684285519	0.30096653868924295	-0.5983811523980248	-0.1977229981040276	-1.206461598395271	1.9884223432466337	0.185247572955388	-0.021133562872985866	-0.06241953089241252	1.3524821011564179	1.2107481345824487	0.18311374154362542	-0.05963461805573516	-0.09113071780135538	0.9670544819938883	-0.4311056531697569	-0.4971967327305177	-0.7150765845821733	-0.4457987281260726	-0.42466670412013785	-0.46317929267540914	-0.4484659067518819	-0.013160537559346468	-0.03823704438390784	-0.01316053717371994	-0.038237044489656806	0.06440846020906993	-0.07012556894035474	-0.004846062093263639	-0.009739303247271399	-0.050411095557017824	-0.06263085232577528	0.22451227716085198	0.21839544172239056	0.330142292074433	0.32832834620338136	-0.053713169044189574	-0.06770279141275476	0.09913576307853698	0.10372737160131143	0.23780384321164083	0.2646317869550251	-0.05521929095176727	-0.06987865547118852	0.09262466966995551	0.09234232846407614	0.24372368002119746	0.2844694652691492
DSIStudio Tensor FA	-0.02855464092013654	0.0377736251446431	0.9680442868618947	0.6656926566560969	0.6944798262889141	-0.24713932672966402	-0.38087982381988167	-0.3314784623724344	0.04907870711927469	-0.24713932670488917	-0.02855464092013654	0.2644739727524193	0.6944798262889141	1.3343318321178474	-0.24713932672966402	0.5538291364577866	0.5894431252401421	0.8273066277864799	-0.38087982381988167	0.6990811281099242	-1.264110693507443	1.9722107904084174	1.7520167145169196	-0.1861065048202887	0.9652033938433255	-0.014063751710291563	0.0	0.005108942791935644	-0.2593345986037163	-0.3120969738863272	-0.5078181914863126	-0.4051454889584218	-0.29897996566152835	0.04320416423394841	-0.10341653695477966	-0.23173978086697894	0.1758579947094757	-0.22945357297038277	0.7215265369154193	0.6909361072197053	-0.1473763609234998	0.3110679907121975	-0.626981360303756	-1.0211856171679197	0.3292963019795295	0.15062455686966866	0.4551875674499908	-0.002500899806799593	0.5093684559710474	1.1998026749618302	1.2008275290643444	0.8908723356844992	0.2199481039758141	0.09805899939697182	-0.061787891338277785	-0.4644280738408952	2.014705860340784	1.5858272925025938	-0.4433948183511745	-0.16188041901298839	-0.46906313908961583	1.5758450423624963	1.3228802898740075	-0.6125755151378107	0.3436829928245293	0.5862607514677712	0.37741231076752546	0.6805435003969357	0.6712173298673714	0.7026803870467278	0.6934280358793975	0.031179951629931424	0.04390671720495053	0.03117995102306457	0.04390671726164163	-0.43000487576404234	-0.21967071454895098	-0.004897100302925093	-0.00044477464962699667	-0.013984528724833481	-0.012175661639500398	0.04472184951035499	0.04800201247423952	0.06843453056974166	0.06884457311459946	-0.017091720656741274	-0.01666730169448454	0.02252458006484055	0.03166364269379957	0.06108632867765319	0.072026277505629	-0.01716767941616854	-0.016356240700696134	0.009267217033120402	0.010794200418657675	0.04503481944550132	0.048390646823282306
DSIStudio Tensor HA	0.014619889580653354	0.015541062030359244	-0.0016362375117240312	0.00688037082038658	0.001061993900915518	0.013136765755953421	0.011867808036817917	0.012703239550128724	-0.0011828488262333094	0.01313676577222627	0.014619889580653354	0.0025362410680150357	0.001061993900915518	0.00018337983361590247	0.013136765755953421	-0.00027906824349342317	0.0017394912010553897	0.01460680928865814	0.011867808036817917	-0.003197616767724021	-0.011567902107396251	0.006338906428938068	0.0017611242214854931	-0.038780348249090525	-0.017407263153544395	0.01263646568325809	0.005108942791935645	0.0	0.011164381263551803	0.011875405913723481	0.007717336648203444	0.00999335523056286	0.015352131112365735	-0.01676285305252446	-0.016100859198802542	0.0070952655480047925	-0.00621948457418734	0.010636001314542554	-0.007176880641400518	0.009905844517756843	0.017344322763079668	0.019184488702129944	-0.009701531359968603	0.005158812086104495	0.013563525648500045	-0.018458413157046487	0.017232744134914057	0.02016049203128182	0.01311679510120376	0.012753110252614098	0.00909939562555104	-0.008873883414806523	-0.0014298122765118292	-0.015584417426474602	0.011520268139989664	-0.03558450803316096	0.005867428053540219	0.0033666429352452935	0.008862347808964373	0.005986844578357173	-0.035626373059836125	0.0010166039736679874	-9.599797942892044e-05	0.004214485550639695	-0.002509090778590244	-0.018870844020916253	-0.028271227100269802	-0.015178766281933686	-0.012285863980034003	-0.009179830809412924	-0.007373414976441355	0.0023859271449194436	0.0007885915313734687	0.002385927124241233	0.0007885915470211263	0.012057440718178752	0.01712851801650252	-0.00038343662482218696	-0.0011970256850963746	-0.015546742868660725	-0.014997578158960809	0.0023156509797514256	0.0005890953539658411	0.018032909264752886	0.014313621123862766	-0.01441575814272129	-0.014807391293389857	0.0002561396727184435	-0.0005543072455375243	0.026043563021014102	0.02432918637805345	-0.014400233002256775	-0.015101154767851413	0.00017720784043616643	-0.0008783074665152003	0.028015912458010588	0.028788518919670096
DSIStudio Tensor MD	1.8157537475219199	1.641920214363032	-0.5046454741892737	0.159998840042018	-0.4451275400400095	2.319996832059691	2.133444333844565	2.136848430926735	0.04638471287455173	2.31999683157126	1.8157537475219199	-0.37047530536655304	-0.4451275400400095	-0.1786774506563988	2.319996832059691	-0.3132850113988318	-0.2737368810255177	-0.14940386849355491	2.133444333844565	-0.29126518232662396	0.1976582650492891	-0.22133737673713313	-0.15954118532269748	-0.5832159974139081	-0.4355777870937941	2.050667913665355	-0.2593345986037163	0.011164381263551803	0.0	2.8564498238124014	2.0298059412267735	2.613195980293465	2.1161136154781106	0.16203529714662201	0.09119492944825684	2.2969853048679685	-0.3102071892836111	2.1250793641713566	-1.002855561439061	-0.10920100653142387	1.7945273159688235	0.27944692224263684	-0.4975965932854036	0.43313448832203943	0.15389073163751874	-1.5621987672095763	0.4359923341663785	0.5994651469087482	0.2656663122151622	0.11312601735868295	0.08080235182031076	-0.836015733631874	-0.2560880901505481	-1.1854363962063603	1.8511058915990075	0.307714202270253	-0.2563408565717454	-0.2829138991547386	1.928081496172311	1.3276032809057685	0.306557256403126	-0.2773383345033873	-0.2952525283385224	1.3472152835964932	-0.5039625837156089	-0.6373397602248849	-0.8283653064843923	-0.5995183040841346	-0.5730100125519852	-0.6240998528550573	-0.6049189483209452	-0.020484064708863183	-0.047740059589948536	-0.020484064191359362	-0.04774005968829538	0.15133664473346417	-0.022490749978641755	-0.002799780207547898	-0.008496272282272805	-0.04603724161199161	-0.058154167602276555	0.1986990528376722	0.19256030905467666	0.292330259020311	0.29102971149364965	-0.048625110211446713	-0.062115605705380904	0.08455621892115706	0.08714280297547851	0.2072488643087862	0.23034513345933436	-0.05006995395320607	-0.06430570589403944	0.08246652674941546	0.08280241975277391	0.21827572830228772	0.25739664010070346
DSIStudio Tensor RD1	1.634799394430486	1.4916494640761486	-0.5447272564008885	0.13166389288495883	-0.45853874790649607	2.1154062068047876	2.107257262157726	2.0677852289780256	0.05094010644403999	2.115406206456629	1.634799394430486	-0.36291170969116154	-0.45853874790649607	-0.2471961551118535	2.1154062068047876	-0.34308457578152074	-0.2955487473084356	-0.12984353421367423	2.107257262157726	-0.3388028834525697	0.22186892730962213	-0.26871078196527187	-0.21375425813696694	-0.5708875708840074	-0.4926624928804999	1.784828676995546	-0.3120969738863272	0.011875405913723481	2.856449823812403	0.0	2.0038306730265805	2.7563147554475114	2.0482519897156495	0.1639972916629149	0.09019721668452613	2.1679285558865087	-0.3125420725116117	1.978745716494637	-1.0302298035767845	-0.1291390429151992	1.7002390944699741	0.2875954221480528	-0.4370607735840284	0.4861032276548899	0.16194207942239314	-1.5044307693575611	0.4025503971958731	0.6081663325506219	0.22656867847808868	0.06881102458005968	0.036283079730296625	-0.89629152688223	-0.2653212784794082	-1.1131748964377997	1.6300032124450043	0.3127934622533217	-0.30819133669386384	-0.34256036011933816	1.9253305366817777	1.232422532484544	0.31203221855515345	-0.33638413804555595	-0.3592921028072383	1.3828117743132138	-0.5186781765018937	-0.6679342587591155	-0.8424474178577931	-0.6342351826611469	-0.6075693366369325	-0.6563683371564205	-0.6364080810224928	-0.02122768317984437	-0.04861479848676078	-0.02122768264202404	-0.04861479858722518	0.17780349310195445	-0.003231147784554837	0.00022897007377100184	-0.005787557703956147	-0.04430810561257695	-0.05647945267584972	0.1958353775678096	0.19021707788038672	0.2867983004551166	0.286389695930405	-0.04642682875458477	-0.06000781631555871	0.08496823524567948	0.087369898948638	0.20382684268039605	0.22690495731974206	-0.04777025520706403	-0.062068174763971806	0.0828212394290341	0.08286233180315708	0.21426628645178686	0.25275804751092046
DSIStudio Tensor RD2	1.3174894881002766	1.1900338392677907	-0.671533504494606	-0.01166120110657846	-0.6014853994738406	1.8482200470043575	2.195562880235502	2.017567577083729	0.007378276934817726	1.8482200467531291	1.3174894881002766	-0.4009519713206115	-0.6014853994738406	-0.37726689371049815	1.8482200470043575	-0.39565653469502726	-0.3875349531836999	-0.35358097330661603	2.195562880235502	-0.38875141496452864	0.43471289480296876	-0.4653524187521899	-0.3819710400328918	-0.4341720586548504	-0.5706275621941305	1.3533571813508323	-0.5078181914863126	0.007717336648203444	2.029805941226774	2.00383067302658	0.0	2.6499249338157616	1.854182438635462	0.11926014250715	0.12360967748484651	1.7047396690889933	-0.3208874230934026	1.711478167525199	-1.2475565770541082	-0.284157695811032	1.4478137665066182	0.10660696521301091	-0.3135509540700645	0.6139598619882217	-0.00392518330874291	-1.3085354055338823	0.2587801129068035	0.4848951015493331	0.12438233337916565	-0.09843270700215151	-0.1332393375445338	-1.0269454179996997	-0.2983109762706139	-1.0519362623703967	1.4292411545702803	0.43412938685209607	-0.49048062449055424	-0.48533235017147275	2.3474925096754666	1.3166999536358845	0.43392567344702204	-0.4764896940624721	-0.4675488184381107	1.783258425576471	-0.5290973315866998	-0.721870114941913	-0.8564435175020642	-0.7053916647784244	-0.6742114088312785	-0.7430372203062134	-0.7202748409341636	-0.026877991299636715	-0.05433300665432327	-0.026877990686719255	-0.05433300674527934	0.21417169169552655	0.013221611205749998	-0.0035364130276209303	-0.009371729138175699	-0.038954423831560975	-0.04977502022241039	0.15403481522774354	0.147665485190312	0.22853328290803893	0.22671001958729115	-0.040946550922961095	-0.05249464830164788	0.05917818848968745	0.05929335495408536	0.15695326311377927	0.1733689881680473	-0.04231160517059171	-0.054663404494945625	0.0626741588867141	0.0640342988944881	0.1737306162611882	0.20781969371860698
DSIStudio Tensor RD	1.5060733960251744	1.3625167119755892	-0.609554143793542	0.0640639636522501	-0.5294927002711304	2.100055807549649	2.3432947299077593	2.1942999496327102	0.03063654464745158	2.100055807189918	1.5060733960251744	-0.38455590135376133	-0.5294927002711304	-0.31043964990891487	2.100055807549649	-0.37139451852094096	-0.34167027135813055	-0.23506891132432878	2.3432947299077593	-0.3658852884556572	0.3222175999815836	-0.3620045751742277	-0.2941724132250462	-0.5095056134293561	-0.5348183641846833	1.589905323815181	-0.4051454889584218	0.00999335523056286	2.6131959802934657	2.756314755447512	2.6499249338157624	0.0	2.072594388949662	0.14408872201649056	0.10686227015620253	2.0098345351549214	-0.3196017125526803	1.9329255479964316	-1.145253841325884	-0.20318567217432743	1.6206334682600214	0.2022600587572513	-0.3810121930044497	0.5506522069451617	0.0836903084060653	-1.4419339053576452	0.33622123833195394	0.5541589980528087	0.17952134899991076	-0.010329894099954268	-0.04400247826655936	-0.9701402569459643	-0.2839959336723493	-1.1027565062626556	1.575786545131995	0.37252826881088874	-0.395316166959124	-0.41236165345682496	2.257048456805119	1.299446078790085	0.37201672386639023	-0.4049289035024424	-0.41367940760354005	1.588449121298144	-0.5295703845224591	-0.7018846978460139	-0.8614375174574554	-0.6755869604555906	-0.6463184167926872	-0.7050065986067025	-0.6834041337536974	-0.02412545792953324	-0.05181534125765128	-0.024125457350515432	-0.0518153413527259	0.19718299644179893	0.004938861140781403	-0.0015527883241544156	-0.0075406491181197015	-0.04214784603891143	-0.053799795678265	0.17767956784196995	0.17166257035275553	0.26154667459210656	0.2604759731428229	-0.044230771090330086	-0.056981524887443416	0.07346986901041169	0.0748033777154544	0.18328880670511125	0.2034106389898676	-0.04559684220673689	-0.05911298240870688	0.0740009151602804	0.07467545158800408	0.19687582693534586	0.2336642647419801
DSIStudio Tensor TXX	1.5359013594087765	1.4132726293327826	-0.5158840950622846	0.139533457070975	-0.4571942903019382	1.8859901273099124	1.873812396253146	1.8530813611963834	0.029861359892066265	1.8859901270570438	1.5359013594087765	-0.3675808273412692	-0.4571942903019382	-0.21511649189024168	1.8859901273099124	-0.3232036711871043	-0.29431042531871926	-0.1925658468726332	1.873812396253146	-0.2993871688756595	0.2455281155340843	-0.2654753949355105	-0.19635326896119681	-0.5369599769893376	-0.4437953077907011	1.6312107167356715	-0.29897996566152835	0.015352131112365735	2.1161136154781097	2.048251989715649	1.854182438635462	2.0725943889496623	0.0	0.13504207925354259	0.14904144382421622	1.6510499320746035	-0.34228798966544965	1.5434685339114367	-1.0132045180054687	-0.15145919102812047	1.5693938083320982	0.2339009167441379	-0.44992665469388443	0.4590439785997416	0.11054678984526788	-1.4025769486017436	0.3820210694662164	0.5340478445925156	0.23207414227204148	0.07256179374367876	0.03616934268394237	-0.8386948513910554	-0.2559546768533311	-1.1103546016121488	1.5607637001226828	0.3271566659791177	-0.3011798950470566	-0.3141260292000733	1.770736169884694	1.2880153140737325	0.3265420318547418	-0.29824681291465893	-0.30161623663915066	1.3416814927129774	-0.4844766983649998	-0.6351015734578087	-0.8030043126898855	-0.597226772299195	-0.5691002142076651	-0.6160573326800146	-0.5951250808847508	-0.02152573026027276	-0.04769439744257833	-0.021525729743376968	-0.04769439754255029	0.15822081878915145	-0.009042567914052484	0.004929927568874698	-0.00015688081477852452	-0.042701296670580514	-0.053320150633162686	0.1811938534151229	0.17437104966703543	0.26662283340039494	0.2634628614125561	-0.044781793533224604	-0.05631034204432946	0.07308845799897659	0.07550014476203323	0.183448746423119	0.20325208951310975	-0.0461819781255789	-0.05844480634142389	0.07263086055296723	0.07387008242491702	0.1955869108587296	0.2309533064747288
DSIStudio Tensor TXY	0.16999490338188664	0.1740664757809563	-0.05689691124989695	-0.014798359070681916	-0.03313613983396412	0.14195593829983613	0.12110558194273426	0.12503320340414673	0.052510498053839165	0.14195593829496211	0.16999490338188664	0.009606056328461973	-0.03313613983396412	0.06923957831307798	0.14195593829983613	-0.0019988677209330295	0.043766096529406114	0.0630726017866834	0.12110558194273426	-0.02011047723721359	-0.07609038100231874	0.06845810689245352	0.0335927430022185	-0.1332214089079548	-0.07460502043771096	0.18467785614577129	0.04320416423394841	-0.016762853052524455	0.16203529714662201	0.1639972916629149	0.11926014250715	0.14408872201649056	0.13504207925354256	0.0	-0.16716317510488213	0.1707684761405493	0.015408884678695757	0.16640321150381363	-0.04515393663038429	0.10144279750894697	0.14410033105220388	0.13035963312977225	-0.09195384481929816	0.021912132714276767	0.13271938376224335	-0.14159467227433614	0.15254219189024454	0.215290886851363	0.08380253161116949	0.08766066203725126	0.09883965890638141	-0.07041543886421249	-0.021773683936566004	-0.11543639063972284	0.17309964598005204	-0.012283203008539662	0.07687410204404409	0.06800130114791275	0.111346364462441	0.08050667559061978	-0.01388174097296664	0.01284782833052877	-0.00016493503752262678	0.06649714611706778	-0.08145174947919599	-0.10115128226406378	-0.11668861185628061	-0.0964058826756585	-0.08029423107584116	-0.08194965464474623	-0.07799939824339318	-5.3765461482221466e-05	-0.006055521182676092	-5.376536928767774e-05	-0.006055521159996446	0.025784825027173455	0.009939277512490297	0.006091138578461412	0.0048693043537097495	0.0028320947119142535	0.0010965615467760672	0.06435766065422932	0.061611321398706564	0.07568792338441513	0.07302749305131206	0.002023246204360579	-1.2214393418204405e-05	0.03635038603156687	0.037843379489931314	0.04793599297406715	0.05210746727808045	0.001720471531067171	-0.0004358886439467907	0.034060963352848035	0.03459633593654554	0.04676393438701363	0.05245248633092551
DSIStudio Tensor TXZ	0.08150730330815675	0.07221055960171663	-0.06159434926066585	0.06542564866546142	-0.09183155088424484	0.11756131268265019	0.1360374460337342	0.13344284974039342	-0.0806676849266243	0.11756131266089577	0.08150730330815675	-0.07921243165394966	-0.09183155088424484	-0.13205222921930646	0.11756131268265019	-0.0541162626390862	-0.11320151849517437	-0.12642247025518308	0.1360374460337342	-0.02005984262291009	0.15367525701493515	-0.14161015897732276	-0.08868632075714657	0.032980122277025264	-0.0013145151829316306	0.060024539693176886	-0.10341653695477966	-0.016100859198802542	0.09119492944825684	0.09019721668452613	0.12360967748484651	0.10686227015620253	0.14904144382421625	-0.16716317510488213	0.0	0.07131561884324712	-0.2559175811225433	0.04825855899615168	-0.1800288427694876	-0.17006456625807026	0.08689201419748381	-0.13030683420342593	-0.017207255892913116	0.08104642550439092	-0.1723281316899209	-0.07999397423563373	-0.05214394047031585	-0.0965998863933704	-0.01366526008998181	-0.05278152242301008	-0.08725048097265303	-0.10493033286091978	-0.04375709716907062	-0.11833288807864915	0.0798616575988471	0.15251780667530854	-0.13059242969375578	-0.0942530518820623	0.13211874385098044	0.1528475754036048	0.15340617762424796	-0.09127289393440143	-0.06818965960148311	0.16345243420993302	-0.03863030923828016	-0.05042752210668642	-0.07433284978421759	-0.049533959996107046	-0.04359062610646709	-0.06646067811371038	-0.06167152291306811	-0.00847543340125616	-0.010517816219969873	-0.008475433265721255	-0.010517816233859003	0.01194060546298885	0.002594555668886024	-0.02638197684773806	-0.024380815389208093	-0.025804412581095417	-0.02902579873565882	-0.042815080493624424	-0.048014054233774625	-0.0265339417865576	-0.031393591976089756	-0.026334490787676062	-0.028541390679066317	-0.042812021747700026	-0.049417252492774934	-0.013431101767650016	-0.020053927530185686	-0.026621084130141526	-0.02887080656368581	-0.03655661418533717	-0.039599398887343755	-0.002290592792013259	-0.0018111367312903218
DSIStudio Tensor TYY	1.6913862939975852	1.5553435409174348	-0.5012463198833533	0.17031821327595906	-0.40936284543074813	1.9370764243695684	1.8006810299150473	1.8013127890065161	0.053076459508041234	1.937076424262614	1.6913862939975852	-0.3704802589035397	-0.40936284543074813	-0.16750402484329105	1.9370764243695684	-0.3205139570551807	-0.26937670343544906	-0.10911349497949802	1.8006810299150473	-0.3072211720202273	0.16471958986750518	-0.19594936035562033	-0.142336147894327	-0.5832126096386259	-0.4288960006884894	1.9026511247477018	-0.23173978086697894	0.0070952655480047925	2.296985304867969	2.1679285558865087	1.7047396690889933	2.0098345351549214	1.6510499320746035	0.1707684761405493	0.07131561884324712	0.0	-0.30117139867750853	1.6657224184526938	-0.9541308062188897	-0.08413563997520267	1.6366987904818813	0.31361086395361315	-0.49171283035703667	0.40612354670076756	0.18637262485959918	-1.4648385885278459	0.43682466959491406	0.6162682208731538	0.2582094840656613	0.12184377308823255	0.0907833429129686	-0.8218576391260437	-0.2511381951701155	-1.1345305664564078	1.7070668201379187	0.2895238121726107	-0.22808614233181937	-0.25930188318150016	1.6580735049494235	1.203639108264034	0.288370542311752	-0.2692872760578076	-0.29336248271658943	1.2231635402194743	-0.5166321155432987	-0.6333568762799512	-0.7870096006429944	-0.5984675602108481	-0.5888118481753868	-0.616785414919709	-0.6039008521142014	-0.019533212685964734	-0.04573274551832635	-0.019533212182938138	-0.04573274562686023	0.1676269288930776	-0.019354535449422505	0.008723457319091998	0.002645663171471935	-0.0309813377004226	-0.042183911979750445	0.21522770188297816	0.2096260165210197	0.2972084728722913	0.29692411279864717	-0.03257647163810647	-0.04505338172861856	0.10238587015211277	0.10590462674461142	0.20386094502624447	0.22725647645912056	-0.03374385089841617	-0.046845396302154105	0.09917449192508392	0.10000070398358694	0.21132072727341722	0.2479133560906986
DSIStudio Tensor TYZ	-0.26499532893394395	-0.25338915388508165	0.23469224407303474	0.0201715367277584	0.16079735698811062	-0.3049239425314854	-0.3199223724466126	-0.3137331262706146	0.019189636050849904	-0.3049239425159182	-0.26499532893394395	0.06985392981821247	0.16079735698811062	0.14346841859982362	-0.3049239425314854	0.1442718345220826	0.13209118318880692	0.1806952170239074	-0.3199223724466126	0.15856112467735725	-0.1864368796766793	0.1902886145465776	0.20496436725676997	0.15984263515351585	0.2518056058077817	-0.27735756245964466	0.17585799470947566	-0.00621948457418734	-0.3102071892836111	-0.3125420725116116	-0.3208874230934026	-0.3196017125526803	-0.3422879896654496	0.015408884678695757	-0.2559175811225433	-0.30117139867750853	0.0	-0.2622306310908171	0.3095139218976679	0.1309627066574523	-0.2748441947177717	-0.03363966445560313	0.030030027573526664	-0.2282841670197662	0.01571486492651654	0.2656433204802075	-0.06454949308647301	-0.15204793149266063	-0.010811019089423434	0.07041938303400315	0.09435843373995838	0.28610772476112895	0.0945385982277998	0.24910582280117807	-0.2621152441171241	-0.12307856471062863	0.19134393964446497	0.1767065371437592	-0.311446445560776	-0.25834528809802787	-0.12357743154965091	0.1952368302145679	0.17736029432926417	-0.3083755735084841	0.23478699166982894	0.2903069842609313	0.3342885855047459	0.2922260049901307	0.21850999157671558	0.2729307546793925	0.2491915441901138	0.011420744249945552	0.021787392580690287	0.011420744019368044	0.021787392577381052	-0.10785352269765303	-0.10209966928884637	0.04114352042971658	0.04036345705864848	0.027292116559695486	0.030977089619336953	-0.018986322554234266	-0.014408744733543673	-0.04978820133665757	-0.04565132132446761	0.03236956073280429	0.036166267994716894	0.008234291510555103	0.013280683061106715	-0.04563500210766941	-0.04298859299617909	0.03343682843079127	0.0376135821915693	0.003747322570829573	0.005967541846611165	-0.05830570411230716	-0.06600031661017598
DSIStudio Tensor TZZ	1.6296949827800091	1.5180507898722588	-0.4510416256272231	0.15625442543302287	-0.43335831381149653	1.8494890353409028	1.7369518839844709	1.7596181204110062	0.051585700156752456	1.8494890351332716	1.6296949827800091	-0.3418353151217245	-0.43335831381149653	-0.1405038012427325	1.8494890353409028	-0.2691123750445603	-0.23571364433499287	-0.139641668476743	1.7369518839844709	-0.24107955713110993	0.1710150364926702	-0.18791182400913023	-0.12899542407219997	-0.572266210926543	-0.3952908093736713	1.7774543263734686	-0.22945357297038277	0.010636001314542554	2.1250793641713566	1.978745716494637	1.711478167525199	1.9329255479964318	1.5434685339114367	0.16640321150381363	0.04825855899615168	1.6657224184526938	-0.2622306310908171	0.0	-0.9086752460122436	-0.0870009735712753	1.601326786007064	0.26308170581040885	-0.5075817255140515	0.39934850226948926	0.14806915776491475	-1.4315314276277653	0.44988284482119967	0.5860237419914368	0.28509736997658464	0.13519155708676062	0.10823131113647465	-0.7515730549064074	-0.2347402694192076	-1.1157194425817503	1.6597154671192926	0.28356046437388777	-0.22240842184646284	-0.25450096786698473	1.6428366095457008	1.24444156244077	0.28198291541866066	-0.24193532577790428	-0.2655931415888902	1.2245634757779806	-0.46143658774058693	-0.5783957560072861	-0.7992439673994041	-0.5425246203508323	-0.5036623343812779	-0.5774542336885868	-0.555820414144466	-0.018891106952883485	-0.04613791091425996	-0.018891106460439743	-0.04613791100253242	0.11155831809646603	-0.03979128428238572	-0.023366162907799883	-0.028792275844313965	-0.06270901586641144	-0.07628457005693796	0.18112802662449615	0.17549018346830222	0.28762264115640895	0.2869879275724468	-0.06669175853219596	-0.08210697672957461	0.06901142093200742	0.07046972572591274	0.21771957718531862	0.24148814508191913	-0.06837756759660665	-0.08462437979008809	0.06673174278849792	0.06554613146525771	0.2307378276250908	0.27271477510143793
NODDI ICVF Modulated	-0.7983376645005936	-0.7093626338290979	0.9575144396955513	0.0934351664494942	0.5850641882492805	-1.059803227798233	-1.2089565914750262	-1.1235554487664567	0.07451043753328666	-1.0598032277226517	-0.7983376645005936	0.5325424593193046	0.5850641882492805	0.6460240959300796	-1.059803227798233	0.6145911305693984	0.7328139164381738	0.5493056682101233	-1.2089565914750262	0.5856791743032046	-0.636673000401903	0.7557031135880524	0.6002082771247389	0.22425232146917218	0.5835647171350492	-0.7422825427701248	0.7215265369154195	-0.007176880641400518	-1.002855561439061	-1.0302298035767847	-1.2475565770541082	-1.145253841325884	-1.0132045180054687	-0.04515393663038429	-0.18002884276948763	-0.9541308062188897	0.3095139218976679	-0.9086752460122437	0.0	0.6689287613881606	-0.8620473434863214	0.11813161317831482	0.1244986681197207	-0.5941647881127116	0.26742114141861006	0.8640838199760243	0.06760950165703389	-0.20025453242777944	0.1452286551313075	0.3878757728361735	0.4672466150045327	1.3523035326854524	0.39816265471409534	1.0059085587856802	-0.8401633809366396	-0.5372032088529055	0.7604660704735757	0.671783979320357	-1.2657283325705897	-0.9829198202732335	-0.5392489312062783	0.7218407898677407	0.6396682924641465	-1.4686364716566762	0.5589317146030767	0.7772112196107687	0.7550495173813078	0.8060415086821533	0.785410137313091	0.8410449554298975	0.8223424789128293	0.034994342047610406	0.05950593658255224	0.034994341393704824	0.05950593673661413	-0.3247725573295286	-0.09551041072234602	0.016382063228374523	0.021006370983803754	0.043125547416203	0.053112688800962836	-0.0831175563163919	-0.07457295109892143	-0.14490162963476466	-0.14009655550468025	0.04139619083290906	0.05133618652802881	-0.017006096758386973	-0.012101142630253733	-0.09924400120694649	-0.1049827761803791	0.04186448183568112	0.05250783009978093	-0.024168675159433297	-0.021987584806315914	-0.11766253100654754	-0.1390127589718496
NODDI ICVF	0.03387129980782278	0.09625773103269633	0.5783075481197447	0.3208000974369899	0.3307534007011484	-0.12124390112712823	-0.21314421212246074	-0.16362992347904884	0.10278361976331048	-0.12124390111493998	0.03387129980782278	0.29915184492321684	0.3307534007011484	0.6376573395312763	-0.12124390112712823	0.4490990918441149	0.5955380427654966	0.6055205523958818	-0.21314421212246074	0.42653232503583566	-0.7108232912138636	0.7617574125405149	0.6620725765798204	-0.29675786216121974	0.27794208216078037	0.0556024929696578	0.6909361072197053	0.009905844517756843	-0.10920100653142387	-0.1291390429151992	-0.284157695811032	-0.20318567217432743	-0.15145919102812047	0.10144279750894697	-0.17006456625807026	-0.08413563997520267	0.1309627066574523	-0.0870009735712753	0.6689287613881606	0.0	0.05625646990256577	0.5998275762656508	-0.33335903356531055	-0.4441110237772357	0.6020263209282973	-0.0504210039165816	0.7144066557587964	0.42216823369899825	0.6152733616098565	0.7894476817220745	0.8196779005608977	0.4840135787792136	0.16921993704511892	0.13706946712643653	-0.01939488567397019	-0.5621752893543532	0.7229134927801282	0.5563415417638784	-0.2732242390378984	-0.31507231900218846	-0.5687886622169245	0.5805697977721332	0.46604109975970326	-0.5159948392082575	0.18338748891794857	0.30688981032197044	0.2125801206486584	0.3515943621824878	0.33288278535023164	0.37106655686168816	0.3583472892109136	0.034768326284034166	0.039246091952791336	0.03476832586057672	0.039246091979177736	-0.11882001047964215	-0.01249367816217608	0.04350733243173	0.03951126778533265	0.04769062794790818	0.049544592306513084	0.18702001790123837	0.1899105442126755	0.18004647985974725	0.18372808980961278	0.044345004566009295	0.04356585741212053	0.14416326097682702	0.15604412567569578	0.1219805754097722	0.14254266007634686	0.0438754880223266	0.043356013403612205	0.1250609546957414	0.1270698950161322	0.09571913614833928	0.10401562050455462
NODDI ISOVF	1.7693999343619522	1.673878208834652	-0.41009181688241525	0.2192915463170163	-0.3722486383775467	1.900624648961262	1.7094806000203553	1.7710451710408728	0.017970108621559774	1.900624648650379	1.7693999343619522	-0.35254506632755284	-0.3722486383775467	-0.11277806304510389	1.900624648961262	-0.25956967467677533	-0.2371291428498932	-0.07241386933994302	1.7094806000203553	-0.22513913743685315	0.08483529935985923	-0.12937439748358545	-0.06526918908027486	-0.6632145705313438	-0.3558198725521869	1.6989948036210878	-0.1473763609234998	0.017344322763079668	1.7945273159688235	1.7002390944699746	1.447813766506618	1.6206334682600214	1.5693938083320982	0.14410033105220385	0.08689201419748381	1.6366987904818808	-0.2748441947177717	1.6013267860070635	-0.8620473434863214	0.05625646990256577	0.0	0.3175862470032981	-0.6528466720566596	0.3261219110332018	0.16530972935830987	-2.4272105205400805	0.5267825269672592	0.6295233018092142	0.3463902502448343	0.22282132236033342	0.16430867684569428	-0.7130519494406617	-0.2287372787384265	-1.2756557719538455	1.7832801313174733	0.2080676374628549	-0.15465602393975086	-0.18485503793459657	1.5598415341948382	1.2065914476330768	0.2063352277554581	-0.18119318955915886	-0.20090285084518678	1.1042815367665977	-0.4506647431216451	-0.5376456302083241	-0.7446819028776724	-0.49142962008035285	-0.4822026761790029	-0.5119043397658504	-0.5013634384985224	-0.012522025712749818	-0.03839109835449428	-0.012522025340954451	-0.03839109850105696	0.12436621635292922	-0.03581668769155226	0.017808298218218558	0.009571321282638018	-0.02330728682997402	-0.03405890355473593	0.25371713207759633	0.24554579713508973	0.33803269306803707	0.33447239024200737	-0.025895258807690957	-0.038925970830291604	0.1280023791666018	0.13251595056260138	0.22882914426520515	0.2552366599113682	-0.027314762005466637	-0.04114817315422287	0.12259376611064807	0.12369612532390084	0.23381089796161691	0.2735987685861289
NODDI NRMSE	0.31784927210048375	0.35777837452524786	0.030004575949749267	0.43659238666831546	0.3846288216636849	0.20050213938055786	0.126732307095432	0.1392053187943557	0.20130217992290775	0.2005021393709803	0.31784927210048375	0.014259605571040777	0.3846288216636849	0.3578995226580677	0.20050213938055786	-0.14023357841492443	0.11926901851298517	0.5273081296688941	0.126732307095432	-0.2169166998908144	-0.5482943004221352	0.44469488905383836	0.24085234813671264	-0.7000487966187549	-0.23505350220169108	0.40457741748831616	0.3110679907121975	0.019184488702129944	0.27944692224263684	0.2875954221480528	0.10660696521301091	0.2022600587572513	0.2339009167441379	0.13035963312977225	-0.13030683420342593	0.31361086395361315	-0.03363966445560313	0.26308170581040885	0.11813161317831483	0.5998275762656508	0.31758624700329824	0.0	-0.2178378230731276	-0.004070121284126171	1.7228999079439407	-0.3280909595238523	0.5052919332153712	0.6613917353738846	0.22248892402860065	0.3685461315459521	0.4424469815047656	-0.060827732964078354	0.020110878315385623	-0.1312311734265257	0.2366157420337742	-0.5349249549911944	0.3198938825510946	0.1222548262514274	0.08232921869284605	-0.07371883701810046	-0.5318618350071858	0.09112214211468461	-0.023749090667507713	-0.0705454521669467	-0.27981696226458574	-0.22757979195159397	-0.24296735205178446	-0.20721337922568628	-0.21504088621938103	-0.15956762471844607	-0.16159394439071917	0.019628286646871905	0.008086988342225897	0.019628286608500398	0.008086988359462288	0.17221668231196827	0.12915841852549598	0.039009490282638636	0.032522138490963116	-0.008759237917988853	-0.018207082008355552	0.281410469549904	0.29568507574463926	0.35589955501423465	0.3802285939624939	-0.008364718510538818	-0.022572965112051563	0.2110581657678963	0.22436073819118324	0.3149736841547786	0.3584516464070524	-0.007756419304013003	-0.02125056527796916	0.17230840031029793	0.1597726999505929	0.26631130399247693	0.28649446938382905
NODDI OD Modulated	-0.7107353711476249	-0.749615587314771	-0.2079431347951542	-0.5700426066766136	-0.0716241243878106	-0.5293483111622692	-0.4177118538039513	-0.457500460492248	-0.028007046429178728	-0.5293483111603602	-0.7107353711476249	0.22467816325260695	-0.0716241243878106	-0.554423990668369	-0.5293483111622692	-0.14671085828704852	-0.12008501764484897	-0.32274222959729865	-0.4177118538039513	-0.32659605633424066	0.5512877738723302	-0.5927733058804704	-0.7830191607894363	0.4705291859564486	-0.4300180048702727	-0.6993178613605283	-0.626981360303756	-0.009701531359968603	-0.4975965932854036	-0.4370607735840284	-0.31355095407006445	-0.38101219300444983	-0.44992665469388443	-0.09195384481929819	-0.017207255892913116	-0.49171283035703667	0.030030027573526664	-0.5075817255140515	0.1244986681197207	-0.3333590335653105	-0.6528466720566596	-0.2178378230731276	0.0	0.639904875714699	-0.15327776110309832	0.6679061704818875	-0.5731175154817044	-0.17797373198044353	-0.5656888343732694	-0.908768828087679	-0.778748120281426	-0.05297621786439668	0.018982479821832373	0.7074312960981092	-0.7141070145069383	0.047165884518999994	-0.6095241401620796	-0.5850350846194909	-0.3675428146516181	-0.618754538036308	0.051071335585869765	-0.6747951777511086	-0.610076780631124	-0.19864748827718445	0.013570053063260468	-0.07362414874257842	0.16831417585829492	-0.14328680520327627	-0.15192134829722348	-0.14064254561476955	-0.1448890166857218	-0.007385242212503153	0.00027683384043165134	-0.0073852421003066885	0.0002768339501738794	0.2852030943451977	0.2520053333995226	0.0028991527199475325	0.004043406552863156	0.0326367398008656	0.035449160134772784	-0.1412514116427129	-0.12941619397139004	-0.20619207139502432	-0.19067940351311372	0.03618058489367545	0.0402144826682052	-0.05003106745696891	-0.05431298371659856	-0.1353056065386332	-0.14536128767392295	0.03754418149907841	0.04220972819007645	-0.045891604829384425	-0.049497234216343895	-0.13934441998727037	-0.1601040250188491
NODDI OD	0.2295271515593421	0.18253602482188	-0.7146459176834236	-0.41338851258953296	-0.4535309715071696	0.4122056527767002	0.5202863545723257	0.4735983583909283	-0.019122001827122502	0.41220565276242893	0.2295271515593421	-0.10982848844561502	-0.4535309715071696	-0.8270515217598969	0.4122056527767002	-0.45723591208284164	-0.40582699270120626	-0.46706864730249864	0.5202863545723257	-0.6466251531376284	0.7857366411407835	-0.9276965994858394	-1.1423260496701155	-0.05280859629202091	-1.0246324173651273	0.2295061873859382	-1.0211856171679197	0.005158812086104494	0.43313448832203943	0.4861032276548899	0.6139598619882217	0.5506522069451617	0.4590439785997416	0.021912132714276767	0.08104642550439092	0.40612354670076767	-0.2282841670197662	0.39934850226948926	-0.5941647881127113	-0.4441110237772357	0.3261219110332018	-0.004070121284126171	0.6399048757146988	0.0	-0.05803083395313013	-0.297097975550384	-0.19447754654668772	0.2617398398351641	-0.338705870197768	-0.7359538173362669	-0.695124286433577	-0.7416452381760174	-0.1819027048046867	-0.13150438057929004	0.24143874181681735	0.2932012138366816	-1.0035021069971737	-1.0035932721695378	0.5677015497515479	0.24378689237368786	0.29810162182449135	-1.1532894161546585	-1.0586008343309259	0.6869260326415599	-0.37993196279863256	-0.592694315420679	-0.44553268634243715	-0.6449397176695847	-0.6397653503117378	-0.6760727755390096	-0.6656975256966914	-0.021975507416915414	-0.03766744915619135	-0.021975506918022573	-0.037667449259076106	0.3644470451540382	0.169981588256949	0.01501493800504329	0.009574093242220052	0.005752703974608565	-0.0005105535827236608	0.050091993436505125	0.05439154210134426	0.05512751380799636	0.06619763146313827	0.0075897056504121655	0.0007466511236491336	0.03982085438193932	0.037448005201281755	0.042578830552884674	0.05060208388901633	0.007760704949204089	0.0008713152781495306	0.04138351710062772	0.03813641984630657	0.04556303902922917	0.05535036621285007
NODDI RMSE	0.15876940278381851	0.19281561704531205	0.06239357797401654	0.31034900912708846	0.3665948568927371	0.051715252944166394	-0.01345817879353302	-0.0028348447815488144	0.3070319907202667	0.05171525294348755	0.15876940278381851	0.018037357093014534	0.3665948568927371	0.4455209365643103	0.051715252944166394	-0.10518072725584111	0.17310243079836252	0.5107344231676643	-0.01345817879353302	-0.16276432527971219	-0.5942923469441233	0.4867255797824883	0.2625301302094442	-0.5501287271002157	-0.1724222481453966	0.27045259679771755	0.3292963019795295	0.013563525648500045	0.15389073163751874	0.16194207942239314	-0.00392518330874291	0.0836903084060653	0.11054678984526789	0.13271938376224335	-0.1723281316899209	0.18637262485959916	0.01571486492651654	0.14806915776491475	0.26742114141861006	0.6020263209282973	0.16530972935830987	1.7228999079439407	-0.15327776110309832	-0.05803083395313013	0.0	-0.1799224130380948	0.42767993438342766	0.5448402603249182	0.18232673466870572	0.343215854908979	0.4754232753742568	0.044015204453124304	0.06003056136765073	0.02645850909661006	0.097499460043386	-0.5239373849289005	0.35050288289057446	0.1589045992682227	-0.04519066062733317	-0.18107533092201147	-0.5210513401481411	0.1489770068534577	0.03168163074220639	-0.1808397802578795	-0.19336430906715762	-0.14418761987022224	-0.1579412953718533	-0.1258379938067645	-0.13018299141845122	-0.08241697600394371	-0.08311197857920408	0.019563413927857935	0.011741673680662505	0.019563413916866317	0.011741673776738825	0.12776773834534363	0.11487667434906923	0.03133893760423398	0.026339774945070355	-0.00863338325062468	-0.0160885120299784	0.22113945937218413	0.23297782744673035	0.2797750730768517	0.2988394685364958	-0.009048211956911582	-0.020110285507721155	0.17115337198904795	0.181191784182214	0.25778268250308983	0.28985383593046155	-0.008613430180861763	-0.019046207897544066	0.13739634589089944	0.12560630695079547	0.2157071302736557	0.22810450060277554
NODDI TF	-1.5540733608212618	-1.4903881055883113	0.4337075326768554	-0.20039857572758618	0.3792075271628131	-1.626871762819495	-1.5034567613345222	-1.5404659617261671	-0.022667272233389865	-1.6268717626235405	-1.5540733608212618	0.38540679852420756	0.3792075271628131	0.11014604165340307	-1.626871762819495	0.28605483307417595	0.25477976390470397	0.07091927617359718	-1.5034567613345222	0.2446112029119779	-0.02130086305763929	0.12895502766643163	0.07224842875875553	0.7109922027771075	0.37336789267563	-1.5077499936542695	0.15062455686966866	-0.01845841315704649	-1.5621987672095765	-1.5044307693575611	-1.3085354055338823	-1.4419339053576452	-1.4025769486017436	-0.14159467227433614	-0.07999397423563373	-1.4648385885278459	0.2656433204802075	-1.431531427627765	0.8640838199760243	-0.050421003916581615	-2.427210520540081	-0.3280909595238523	0.6679061704818875	-0.2970979755503839	-0.17992241303809478	0.0	-0.5032665199645234	-0.6088039560669876	-0.318709071387967	-0.21072649580278113	-0.15578406415574217	0.7248107753712637	0.2300463338762264	1.4111241849256464	-1.5360080579080295	-0.15900640545730532	0.15673610004148772	0.18902658495345018	-1.383971238143782	-1.069986295774857	-0.1574616341523152	0.18826766459687094	0.20832015703476142	-1.001410943971356	0.456291024803641	0.5494273724527258	0.7608512245969321	0.4999258638960248	0.49000085900879675	0.5132764122798842	0.5021360732453292	0.011398294581705217	0.03759773793094973	0.01139829423104091	0.03759773808506449	-0.13281791795825795	0.024818878511571732	-0.02005682265500121	-0.01086192952619022	0.026210183598705094	0.0374671605795906	-0.2680560449167092	-0.25582951672058807	-0.35968863527684425	-0.35116707041060297	0.02829455641612459	0.04218139489005162	-0.1382150931761751	-0.13919455100117142	-0.24833016111918346	-0.27103493397078443	0.029574895741476776	0.04430473065137718	-0.12992466068747052	-0.1262259570597559	-0.24951253760841818	-0.2844402619760837
TORTOISE MAPMRI NG	0.588304165654515	0.6883469398237373	0.43090592920097387	0.2972297394751653	-0.12326127377556632	0.43626845363550015	0.3400788654311866	0.4210339711755584	0.0759713174743765	0.4362684536010302	0.588304165654515	0.34403239514655154	-0.12326127377556632	0.4449861914691507	0.43626845363550015	0.5519621706062808	0.6323279044669442	0.39683019803582176	0.3400788654311866	0.49749887148965705	-0.4658360088396758	0.4982776391348078	0.523481048672693	-0.6190684763726181	0.10861203254339143	0.601316371629466	0.4551875674499908	0.017232744134914057	0.4359923341663785	0.4025503971958731	0.2587801129068035	0.33622123833195394	0.3820210694662164	0.15254219189024454	-0.05214394047031585	0.43682466959491406	-0.06454949308647301	0.44988284482119967	0.06760950165703389	0.7144066557587964	0.5267825269672594	0.5052919332153712	-0.5731175154817044	-0.19447754654668772	0.42767993438342766	-0.5032665199645234	0.0	1.057769972314681	1.6843337228070305	1.0821735000658106	0.9989691997446024	0.052476680694066344	0.01957635972857692	-0.43158574495541513	0.5401802099285857	-0.2656493587619553	0.48473471791077716	0.39237521832669364	0.27370478995567943	0.21562817366243456	-0.2797068526012752	0.4032398588914212	0.3334211587816315	0.029941495115058534	-0.010831025891091963	0.005247822661753948	-0.1716583525650895	0.07150455183161529	0.09513530780775051	0.07757499058653426	0.08380116244891134	0.018978212607378028	0.008555087027683558	0.01897821245084933	0.008555086985024734	-0.10519295414320932	-0.03947624940548159	0.021765619877356875	0.01610089295199632	-0.0247477410120778	-0.03193213487052899	0.2599554614894886	0.25635798020460576	0.34753495252575933	0.3455826922885375	-0.0303466915629452	-0.04094062536558777	0.1334282829767938	0.14206102164135997	0.2439960330523074	0.2724013722379106	-0.03197014945464601	-0.042886065792989585	0.11563613100471615	0.11325809184586692	0.23107031443145443	0.26027661987108003
TORTOISE MAPMRI NG Par	0.5988633613138731	0.661551796211943	-0.026364507298128167	-0.0003604532358389893	-0.2285397129962323	0.5569169589088662	0.5131501730863453	0.565465319754019	0.09492453684588309	0.5569169588408409	0.5988633613138731	0.26555953289472706	-0.2285397129962323	0.04888146970661517	0.5569169589088662	0.144234179315664	0.30156919705570534	0.19143023996547007	0.5131501730863453	-0.038163369050809456	-0.1371505831787118	0.08157979307675878	-0.01981235892455029	-0.6892561036157789	-0.41720716096920873	0.6401679695172111	-0.0025008998067995915	0.020160492031281823	0.5994651469087483	0.6081663325506219	0.4848951015493331	0.5541589980528087	0.5340478445925156	0.215290886851363	-0.0965998863933704	0.6162682208731538	-0.15204793149266063	0.5860237419914368	-0.20025453242777944	0.42216823369899825	0.6295233018092143	0.6613917353738846	-0.1779737319804435	0.2617398398351641	0.5448402603249183	-0.6088039560669876	1.0577699723146812	0.0	0.6633548451477945	0.3671909234467117	0.35934934540989405	-0.35133732853966665	-0.07815274357734815	-0.4362069876144643	0.5516948941410899	-0.1958333317545816	0.04192972888959026	-0.0790707840902918	0.46196594478846753	0.1978650586698069	-0.20527812432622564	-0.1411521112006476	-0.21271689676668623	0.2741843768419359	-0.30558250739548026	-0.3658373572490011	-0.4280851123989076	-0.3330088612675309	-0.3174748454865945	-0.31719028069675476	-0.31115239528241484	0.00822730417403148	-0.011114917210501318	0.008227304292712713	-0.011114917270815513	0.22037723784414673	0.16152782729541285	0.04584055743723369	0.035791751834727575	-0.007950694328625756	-0.018877066570792928	0.3150745309397565	0.3190971652524905	0.399221781759107	0.41206327376761354	-0.010784561560418715	-0.026206898818946615	0.19291401331365318	0.2021107872564578	0.29450801049697534	0.333565952078606	-0.011571482548519956	-0.027108596108888466	0.16903526104824695	0.1617974283737365	0.27097902398991375	0.30351158569082276
TORTOISE MAPMRI NG Perp	0.4159921190655051	0.49928501549038645	0.5889190340376862	0.24047201484099628	-0.19064219303928676	0.28660297037909943	0.20471848601836512	0.28659301223275985	0.03303453415793711	0.28660297034628174	0.4159921190655051	0.35244406913086473	-0.19064219303928676	0.45877137276522545	0.28660297037909943	0.7762438819666955	0.7316373783786809	0.33870944048996227	0.20471848601836512	0.7763860722807073	-0.41421823886518505	0.4997442286202658	0.6307363941364792	-0.38760136589967153	0.3091799447772207	0.40903048850178475	0.5093684559710474	0.01311679510120376	0.26566631221516224	0.22656867847808868	0.12438233337916565	0.17952134899991076	0.23207414227204143	0.08380253161116949	-0.013665260089981807	0.2582094840656613	-0.010811019089423434	0.28509736997658464	0.1452286551313075	0.6152733616098565	0.3463902502448343	0.22248892402860065	-0.5656888343732696	-0.33870587019776793	0.18232673466870572	-0.3187090713879671	1.6843337228070312	0.6633548451477945	0.0	1.1250548054679965	0.9951609323957339	0.1923746173806408	0.05161994541609785	-0.3455758980729399	0.39715844596186495	-0.19097438545452078	0.5205077623645099	0.4923998337284555	0.15539700253277275	0.18310951698309588	-0.20623865001207156	0.5441152473866286	0.5013702300214505	-0.059915195588841424	0.14921666195918337	0.17198960961328055	-0.017037317450479966	0.24314941327559608	0.2704295176650455	0.23902446215894202	0.24565722315845773	0.018530247241121837	0.014847696628936747	0.018530246999209393	0.01484769661741283	-0.21532511252762898	-0.09586390766154437	0.0026925749801083487	0.0005361170430099574	-0.030760248308778385	-0.03535632329501106	0.16076968103189987	0.15317054759591875	0.22873909990630983	0.21965795504609587	-0.036976791170600085	-0.04333287078894005	0.06259589016450573	0.06723231321236056	0.15391768563316757	0.16878053718569658	-0.0389376661843449	-0.04580372054129869	0.05497255074289404	0.055505840528680364	0.1543710354563832	0.17628744830894577
TORTOISE MAPMRI PA	0.32903217137776414	0.4111967252530723	0.8394881066061921	0.6206592370983016	0.26411910265789973	0.1295503220927827	0.011642343862845898	0.07823371384622856	0.059015425611865284	0.129550322087998	0.32903217137776414	0.2939090061219626	0.26411910265789973	0.9358675906432552	0.1295503220927827	0.6829163762580165	0.7022355668068327	0.7153236655247143	0.011642343862845898	0.805814986812069	-0.9554014401749259	1.169651286986599	1.3741501449524836	-0.41666264408279496	0.6716039813580305	0.331341684285519	1.1998026749618302	0.012753110252614098	0.11312601735868295	0.06881102458005968	-0.09843270700215151	-0.01032989409995427	0.07256179374367876	0.08766066203725126	-0.05278152242301008	0.12184377308823255	0.07041938303400315	0.13519155708676062	0.3878757728361736	0.7894476817220745	0.2228213223603335	0.3685461315459521	-0.908768828087679	-0.7359538173362669	0.343215854908979	-0.21072649580278113	1.0821735000658106	0.3671909234467117	1.1250548054679965	0.0	1.9313291167813924	0.48405990512571273	0.12606813935948089	-0.22092686285247431	0.2898605615730658	-0.3560170498695763	1.2037904829918415	1.0499330262916489	-0.0574871996086072	0.10335653192947715	-0.36711041060358673	1.1660120502949043	0.9939195876466319	-0.275519355188612	0.23268875504351424	0.3789708690205928	0.13507621826814292	0.47328498567427113	0.4856460779820108	0.4862067491554352	0.48608662692635257	0.026590593180930874	0.02938345646617818	0.026590592737194187	0.02938345646425171	-0.38673919181582045	-0.21703013390207584	0.005838577569444382	0.005833830270119402	-0.024009705441330065	-0.025344607009503816	0.14421761700770158	0.1398292526171957	0.20101820294466202	0.19350977710601625	-0.028633047912281124	-0.03204992049011082	0.061560833516588656	0.06995309835006236	0.1371041360081517	0.15276938341654214	-0.029781956272083042	-0.033347301646007396	0.04921677810794667	0.05098269782743897	0.1278086909564415	0.14381910000293194
TORTOISE MAPMRI PATH	0.26803435874849124	0.34550837302651627	0.8062341023345951	0.5917021001901123	0.2992101442109481	0.06901184644601638	-0.04900560477767972	0.012312455222304319	0.10942819045051465	0.0690118464512241	0.26803435874849124	0.2427618674965638	0.2992101442109481	1.0825600878786232	0.06901184644601638	0.6094524030940346	0.6901210342599844	0.7214137474032284	-0.04900560477767972	0.7516668146176344	-1.0468866372688248	1.2664574298267288	1.3695380965695299	-0.3935733494724117	0.648370523914455	0.3009665386892429	1.2008275290643444	0.00909939562555104	0.08080235182031076	0.036283079730296625	-0.1332393375445338	-0.04400247826655936	0.03616934268394237	0.09883965890638141	-0.087250480972653	0.0907833429129686	0.09435843373995838	0.10823131113647465	0.4672466150045327	0.8196779005608981	0.16430867684569428	0.4424469815047656	-0.778748120281426	-0.6951242864335772	0.4754232753742568	-0.15578406415574217	0.9989691997446024	0.35934934540989405	0.9951609323957339	1.9313291167813924	0.0	0.5249191466052601	0.15462748466278187	-0.13536588438820008	0.2303657738464567	-0.37933668610390936	1.2694425688057287	1.1013956998078898	-0.11671986512121756	0.041995244258416387	-0.3888965143240162	1.1917261117103035	1.0139747035145223	-0.32751867719711164	0.21842372850554154	0.3602527402118628	0.13426131874315114	0.4524913415155225	0.4648146739872005	0.4585528417543594	0.4600198551415208	0.025476774158984486	0.02817814090220143	0.025476773748480227	0.028178140940116943	-0.3559401166932692	-0.18925399987699945	-0.005288870994489905	-0.004137102657070963	-0.0333107518903911	-0.03487536270140473	0.12879742221404955	0.1254509620975641	0.19124283473990322	0.18458788261308734	-0.03830941888108362	-0.041599765469102594	0.05266247545928211	0.06027251762978368	0.1413957813773164	0.15544244304019805	-0.039407272439429646	-0.042771215581628504	0.03932756054831242	0.03946580765078992	0.13135494289346225	0.14511814920303012
TORTOISE MAPMRI RTAP	-0.6063735841037047	-0.5355032285710986	1.0945983182478598	0.22675181225347626	0.5814007726044264	-0.8221358052537823	-0.9453050109781057	-0.8827926751814786	0.0077762798753792245	-0.8221358051798233	-0.6063735841037047	0.435180929659874	0.5814007726044264	0.7527116380697471	-0.8221358052537823	0.6714529392085098	0.6565519419556736	0.4796928874525547	-0.9453050109781057	0.7775429485240889	-0.632924735508789	0.8385785156821398	0.7933321671127959	0.252675074056833	0.8948081174256376	-0.5983811523980249	0.8908723356844992	-0.008873883414806523	-0.8360157336318739	-0.89629152688223	-1.0269454179997	-0.9701402569459643	-0.8386948513910554	-0.07041543886421248	-0.10493033286091978	-0.8218576391260437	0.286107724761129	-0.7515730549064074	1.3523035326854524	0.4840135787792136	-0.7130519494406617	-0.06082773296407837	-0.05297621786439668	-0.7416452381760174	0.044015204453124304	0.7248107753712637	0.052476680694066344	-0.35133732853966665	0.1923746173806408	0.4840599051257126	0.52491914660526	0.0	0.44710670397974633	0.67460198558711	-0.614813654806282	-0.3805520848310497	0.9205484159954781	0.9217523818998973	-0.9861167337696344	-0.5963985563047214	-0.38297080458941246	0.9734945194385166	0.9498805505231172	-1.0645855457133384	0.5928415406551285	0.8570348535596143	0.7333355621847498	0.9210566852774098	0.9055196327435906	0.9233831968475783	0.9055721596469708	0.029480019923014435	0.05401889126146646	0.029480019306533437	0.054018891433611965	-0.43453464510142037	-0.18216610778737252	-0.010051091170054236	-0.0025127110203976765	0.018731592431205625	0.02840356849035182	-0.11991335438915068	-0.11501854291406598	-0.16526942252864463	-0.16622820126849158	0.016152374255144555	0.026527893659436926	-0.06364444958326121	-0.05978911730295455	-0.11951037008546994	-0.12914845634496072	0.01633301856879447	0.027240554799566236	-0.06389307296926267	-0.05864825899797342	-0.12590394591951556	-0.14348300198340475
TORTOISE MAPMRI RTOP	-0.20462369924579263	-0.18531963775169313	0.2733644150229469	0.054932295737525366	0.1814470817288961	-0.2596429342506629	-0.28703454069821227	-0.27455137556484926	0.014499339539370203	-0.25964293421110923	-0.20462369924579263	0.14362046318794924	0.1814470817288961	0.1978190278246938	-0.2596429342506629	0.17717754367463642	0.19712878925295071	0.16392199019461812	-0.28703454069821227	0.18099754488304665	-0.19238780817824958	0.22418855845504296	0.19233763461556916	0.07251363127284031	0.19861750740552597	-0.1977229981040276	0.2199481039758141	-0.0014298122765118296	-0.2560880901505481	-0.2653212784794082	-0.2983109762706139	-0.2839959336723493	-0.2559546768533311	-0.021773683936566004	-0.04375709716907063	-0.2511381951701155	0.0945385982277998	-0.23474026941920753	0.3981626547140953	0.1692199370451189	-0.2287372787384265	0.02011087831538562	0.018982479821832373	-0.1819027048046867	0.060030561367650746	0.2300463338762264	0.01957635972857692	-0.07815274357734815	0.05161994541609785	0.12606813935948089	0.15462748466278187	0.44710670397974633	0.0	0.2410343911798241	-0.21172173381951642	-0.1435796354889275	0.23797896487925121	0.22241045996339448	-0.29890341977229706	-0.2220870324257229	-0.1438203131058666	0.22712366771746462	0.21124936419428064	-0.31449259799960405	0.19909405749143858	0.2743402273508244	0.25311090639136824	0.2842819139786575	0.27839140840033294	0.24955403550830865	0.24382679973265117	0.010093073024275593	0.015541469412664398	0.010093072953410087	0.01554146937116872	-0.12569929032069407	-0.04337420161705138	0.0028813811603455954	0.004682417504793648	0.011871028276821497	0.01443217204051391	-0.02919202735737105	-0.027072444226538338	-0.047651861793656915	-0.046455845803757424	0.011553452873765644	0.013752184981674073	-0.009290721781443356	-0.008054691837953716	-0.03436900056323714	-0.0350139254526168	0.011739968082777443	0.014175594947978262	-0.01042388214118133	-0.009491704040250733	-0.03871562417082649	-0.04314518617782885
TORTOISE MAPMRI RTPP	-1.2908981750630129	-1.2645721861793882	0.36666935901018205	-0.20678869878831918	0.40617959714432444	-1.2842473737948887	-1.1945864226214091	-1.235456244835941	0.02708237964259688	-1.284247373700134	-1.2908981750630129	0.40143088427439455	0.40617959714432444	0.07646021948770249	-1.2842473737948887	0.20310642216008928	0.2558456393089905	0.14811426207083114	-1.1945864226214091	0.12501830809936956	-0.022955843775265137	0.11625550627308887	-0.0033854430923688592	0.5767030137870126	0.1995269440770877	-1.206461598395271	0.09805899939697182	-0.015584417426474602	-1.1854363962063605	-1.1131748964377997	-1.0519362623703967	-1.1027565062626559	-1.1103546016121488	-0.11543639063972284	-0.11833288807864915	-1.1345305664564076	0.24910582280117807	-1.1157194425817503	1.0059085587856802	0.13706946712643656	-1.2756557719538455	-0.1312311734265257	0.7074312960981092	-0.13150438057929004	0.02645850909661006	1.4111241849256464	-0.4315857449554152	-0.43620698761446425	-0.3455758980729399	-0.22092686285247431	-0.13536588438820008	0.67460198558711	0.2410343911798241	0.0	-1.3373775005449178	-0.22307297857169833	0.11781722245446097	0.09985253689051811	-1.135373409618778	-1.0996744273944175	-0.219292147276545	0.11418484066629014	0.09861470765083925	-0.8977495531019877	0.4047590142641936	0.48471576969693925	0.6742429750658242	0.4362551950541451	0.4164118558482082	0.4550201029484334	0.44083108775027025	0.0162634436127269	0.040080887958840565	0.01626344325423051	0.04008088813326693	-0.09366043649083138	0.031215150437925047	0.014749728515868844	0.01996204229335366	0.06401479028988813	0.07591673716471176	-0.19319582261805351	-0.17685681772689993	-0.305378008889483	-0.2893851334246125	0.06572341812294662	0.07925644821822835	-0.07120980715861966	-0.06686190864194061	-0.22095572747265496	-0.23208359422227876	0.06699841258064532	0.08143391581926702	-0.06739242878115723	-0.06072140743751074	-0.23086678812059946	-0.2590543823003071
TORTOISE MAPMRI AD	2.1709618717868495	1.9992341613197822	-0.3250440579344857	0.26763535998430227	-0.3607242557450461	2.0438038882348835	1.6968963455699866	1.7808506680009766	0.014182557726934804	2.0438038881639846	2.1709618717868495	-0.33179135862071946	-0.3607242557450461	-0.020149849374205147	2.0438038882348835	-0.1791215541535752	-0.18115853904620355	-0.07324360426041082	1.6968963455699866	-0.11892852632730237	0.07222842074319612	-0.05296562270973724	0.03840984023202738	-0.5928024837016853	-0.22107143594627826	1.9884223432466337	-0.061787891338277785	0.011520268139989666	1.8511058915990075	1.6300032124450048	1.4292411545702803	1.5757865451319957	1.5607637001226828	0.17309964598005204	0.0798616575988471	1.707066820137919	-0.2621152441171241	1.6597154671192926	-0.8401633809366396	-0.01939488567397019	1.7832801313174733	0.2366157420337742	-0.7141070145069383	0.24143874181681735	0.097499460043386	-1.5360080579080295	0.5401802099285857	0.5516948941410897	0.39715844596186495	0.2898605615730658	0.2303657738464567	-0.614813654806282	-0.21172173381951642	-1.3373775005449182	0.0	0.2720204227052804	-0.060277088839390425	-0.06916901392539304	1.5874031491801142	1.4897148126738282	0.2691789219820793	-0.07072649209911198	-0.08028635417695495	1.1054837112657976	-0.4025230891949601	-0.46558258689275717	-0.686931734688975	-0.4168750115060231	-0.4005003024751414	-0.4453617640560897	-0.43343132045186183	-0.015225342788478634	-0.03955255917960704	-0.015225342403737886	-0.03955255930511415	0.026884690652993697	-0.1158487128467132	-0.0033769531167153555	-0.008236335728191883	-0.04151364786400306	-0.05194219472549516	0.20792032782773795	0.19967708130146683	0.2995618521321644	0.29419263858969796	-0.0448719729554398	-0.05661812475212186	0.08470231491103115	0.08938494990002527	0.2009652224229997	0.2241071180325669	-0.046495713514824816	-0.05906190003258659	0.08368291614629526	0.08735128785894777	0.21343302739785597	0.2538032419667619
TORTOISE MAPMRI AM	0.21974792739928609	0.16791600156025696	-0.4160504958470897	-0.1834495893921117	-0.41827590252107427	0.33558218716036553	0.39854597760661653	0.3694845343549418	-0.07693155526378323	0.3355821871501521	0.21974792739928609	-0.3225617570778081	-0.41827590252107427	-0.4169570949588514	0.33558218716036553	-0.25559779080522527	-0.3813263512538958	-0.4563327705285766	0.39854597760661653	-0.18994141578633317	0.6052876387538025	-0.5104954817654209	-0.359537921878677	0.7093867685526134	0.06159596270491296	0.185247572955388	-0.4644280738408952	-0.03558450803316096	0.307714202270253	0.3127934622533217	0.43412938685209607	0.37252826881088885	0.3271566659791177	-0.012283203008539662	0.15251780667530856	0.2895238121726107	-0.12307856471062863	0.28356046437388777	-0.5372032088529055	-0.5621752893543532	0.20806763746285492	-0.5349249549911943	0.047165884518999994	0.2932012138366816	-0.5239373849289005	-0.15900640545730532	-0.2656493587619553	-0.1958333317545816	-0.19097438545452078	-0.3560170498695763	-0.3793366861039093	-0.3805520848310496	-0.1435796354889275	-0.22307297857169833	0.2720204227052804	0.0	-0.46663089947180814	-0.3436512724171733	0.4365725525082053	0.5023653531199048	4.631041521439482	-0.3161937115827867	-0.24678483946730712	0.5727713711913908	-0.10794898058399258	-0.1391188591079826	-0.07493878652443227	-0.17219624459190475	-0.3036554145310553	-0.3172787693389753	-0.36550071072511486	-0.030202705912880278	-0.038621594926732006	-0.030202705473847333	-0.03862159508946887	0.083107318971141	-0.19937753535134445	-0.06528225063071336	-0.059213803754032124	-0.01181731163297067	-0.014771622836159948	-0.10937717206883943	-0.12089439635547838	-0.12093165941713406	-0.1321860683364995	-0.005622047320283207	-0.003996977948834072	-0.11765882162820314	-0.12672278431762174	-0.15413546705431314	-0.1695326220923518	-0.006331532683174738	-0.0054894099419627905	-0.08844907702534939	-0.07623598311307259	-0.11445180785586458	-0.10285427203430896
TORTOISE MAPMRI FA	-0.04037514364735411	0.026943782382865777	0.9731502842597379	0.6132973252475403	0.6668190689220641	-0.25671162192923325	-0.38900968974875383	-0.3388780142902586	0.056473659060697186	-0.25671162190348806	-0.04037514364735411	0.2840721811332571	0.6668190689220641	1.3446812055488229	-0.25671162192923325	0.558450855163763	0.6218798473097088	0.8355447174833319	-0.38900968974875383	0.6966583816039263	-1.284580462357123	1.9693976439607714	1.6967841542945663	-0.18633399228232816	0.9303524751714114	-0.02113356287298586	2.0147058603407832	0.005867428053540219	-0.2563408565717454	-0.30819133669386384	-0.49048062449055424	-0.395316166959124	-0.3011798950470566	0.07687410204404409	-0.13059242969375578	-0.22808614233181942	0.19134393964446497	-0.22240842184646284	0.7604660704735757	0.7229134927801282	-0.15465602393975086	0.3198938825510946	-0.6095241401620796	-1.0035021069971737	0.35050288289057446	0.15673610004148772	0.48473471791077716	0.04192972888959026	0.5205077623645099	1.2037904829918415	1.2694425688057287	0.9205484159954781	0.23797896487925121	0.11781722245446097	-0.060277088839390425	-0.46663089947180814	0.0	1.7342158234537295	-0.45707964072992174	-0.17952475027757028	-0.4715023106950905	1.6224372213694342	1.326574948700884	-0.6310762420839093	0.333170007103802	0.5769001323084829	0.3713364268262608	0.6678655724023305	0.6592086248556617	0.6850793357566384	0.6746445027292222	0.031376707353915866	0.0432566879608171	0.031376706779010465	0.043256688035637716	-0.4234735954407785	-0.2184740201320019	-0.004703889178978425	-0.00043200400809926897	-0.012212507507833198	-0.009295243861639766	0.05153189781068084	0.055780218166371916	0.07503196472214861	0.07569997803286094	-0.015556128666658432	-0.014142335526507925	0.026401010098258532	0.03635813494400418	0.06356432031831552	0.07440594484145993	-0.01567439749922283	-0.013837792909813589	0.012640902115646632	0.014648160002889946	0.04672091255234177	0.049233248872109066
TORTOISE MAPMRI LI	-0.06533391664657714	-0.0046895775584827595	0.9602865171911529	0.5540232173915243	0.5663414755592254	-0.2655932430096582	-0.38682215177208595	-0.3388854156589574	0.019265947038517535	-0.2655932429863635	-0.06533391664657714	0.24421393873152494	0.5663414755592254	1.1978272890991044	-0.2655932430096582	0.5850414653986891	0.5578717830845218	0.6500926077696736	-0.38682215177208595	0.7896324066369704	-1.0101265878638384	1.426087400591308	1.5445100588623297	-0.08351040558764368	1.0785820296314932	-0.06241953089241252	1.5858272925025938	0.0033666429352452935	-0.2829138991547386	-0.34256036011933816	-0.48533235017147275	-0.41236165345682496	-0.3141260292000733	0.06800130114791275	-0.0942530518820623	-0.25930188318150016	0.1767065371437592	-0.25450096786698473	0.671783979320357	0.5563415417638784	-0.18485503793459657	0.1222548262514274	-0.5850350846194909	-1.003593272169538	0.1589045992682227	0.18902658495345018	0.39237521832669364	-0.07907078409029183	0.4923998337284555	1.0499330262916489	1.1013956998078898	0.9217523818998974	0.22241045996339445	0.09985253689051814	-0.06916901392539304	-0.3436512724171733	1.7342158234537295	0.0	-0.44251542480818934	-0.11955160158887045	-0.3486939979901757	1.6287770013705403	1.7596419220803066	-0.5771257006993199	0.34994639902819097	0.6251368237224993	0.4128277935646282	0.7174121312134976	0.695246318405211	0.7057823945522546	0.6906995532586896	0.02595665581736967	0.0410002895190269	0.02595665525264856	0.04100028958949371	-0.449606112659165	-0.24806607453571847	-0.00686334324658275	-0.0015388569743836973	-0.0016001446798403055	0.004182860149493657	0.008861527627056326	0.010088651434626946	0.012741200490939228	0.008393224009273614	-0.005715671131281922	-0.00039695691430062155	-0.0011785672508784826	0.007253371707959495	0.007986608397651964	0.010766517199350598	-0.005793177786247196	-0.00023190155723403996	-0.006252120344097684	1.9516695998674876e-05	0.0012524777956300088	0.0004491757786299073
TORTOISE MAPMRI RD	1.4049374190892019	1.264260229060966	-0.6220702032349956	0.019785573116744157	-0.5889338700082576	2.0494782693327163	2.559392650229881	2.3019422511446925	-0.012089013483026202	2.049478269019811	1.4049374190892019	-0.39213838919878585	-0.5889338700082576	-0.37700944084310617	2.0494782693327163	-0.3591195772390918	-0.3759026849861195	-0.29960744578214665	2.559392650229881	-0.34473010280357946	0.4051334881262946	-0.43328323348883463	-0.3354172116267789	-0.44035377832182765	-0.50785623040206	1.3524821011564176	-0.4433948183511745	0.008862347808964373	1.928081496172311	1.9253305366817777	2.3474925096754666	2.257048456805119	1.7707361698846937	0.111346364462441	0.13211874385098044	1.6580735049494235	-0.311446445560776	1.6428366095457008	-1.26572833257059	-0.2732242390378984	1.5598415341948382	0.08232921869284605	-0.3675428146516181	0.5677015497515479	-0.04519066062733317	-1.383971238143782	0.27370478995567943	0.46196594478846753	0.15539700253277275	-0.057487199608607216	-0.11671986512121756	-0.9861167337696344	-0.2989034197722971	-1.1353734096187782	1.5874031491801146	0.4365725525082053	-0.45707964072992174	-0.44251542480818923	0.0	1.4612574536242553	0.43577759427509277	-0.431306289581684	-0.4186543210632138	1.8720630128715376	-0.49686420373940426	-0.6672948700777577	-0.8203993952858228	-0.644648499314787	-0.6202714518485306	-0.6814131374632295	-0.6621841714542048	-0.02550541800539535	-0.05189642868320082	-0.0255054174390105	-0.051896428794454656	0.1734994885999294	-0.020400047637644997	-0.0004405185087862819	-0.006429263092876503	-0.035458169457118695	-0.04606869229580336	0.15784193392152276	0.1501865682676573	0.22987790416103954	0.2264937008043772	-0.03748892449605339	-0.04876827272368865	0.06011570806897234	0.060977197403076736	0.15248710561046158	0.1694750380242423	-0.03890641189806408	-0.05106265265017339	0.06482341231412166	0.06792431734552816	0.17079197712645028	0.20663830481356915
TORTOISE Tensor AD	1.2516187222422044	1.1573333365360856	-0.38172066308214786	0.18746881410706104	-0.3973587229319404	1.4084338886372327	1.39760854982607	1.3766096406015833	-0.04186203180082034	1.40843388851168	1.2516187222422044	-0.4211768338441171	-0.3973587229319404	-0.13057713400236903	1.4084338886372327	-0.24312735061411228	-0.3262387584958051	-0.23172563783599828	1.39760854982607	-0.1334064979100121	0.25667208340191666	-0.1904727332364292	-0.047922856386029805	-0.3323758994498763	-0.1260059158629493	1.2107481345824487	-0.16188041901298839	0.005986844578357173	1.3276032809057685	1.232422532484544	1.3166999536358845	1.2994460787900848	1.2880153140737327	0.08050667559061978	0.1528475754036048	1.203639108264034	-0.2583452880980278	1.2444415624407705	-0.9829198202732333	-0.31507231900218846	1.2065914476330768	-0.07371883701810046	-0.6187545380363079	0.24378689237368786	-0.1810753309220115	-1.069986295774857	0.21562817366243456	0.1978650586698069	0.18310951698309588	0.10335653192947714	0.041995244258416387	-0.5963985563047215	-0.2220870324257229	-1.0996744273944175	1.4897148126738278	0.5023653531199048	-0.17952475027757028	-0.11955160158887046	1.4612574536242553	0.0	0.5018871910351983	-0.0936666647336835	-0.06080661548104791	1.4035624967734908	-0.33354479173172213	-0.40341100251354156	-0.5992917502501824	-0.3683632466832382	-0.35073161051526236	-0.41480011214885104	-0.40070069735711755	-0.02425306024814519	-0.04464580536789112	-0.024253059794972633	-0.04464580546487562	-0.010342398647286848	-0.14780183073483194	-0.0258736464263603	-0.02690675462981535	-0.052186705040591426	-0.060151562095124414	0.08111091048852244	0.07425307791334544	0.15166723161229673	0.1459769987303719	-0.05526662416357777	-0.06281608957834459	-0.002169130501014799	-0.0002721631004959083	0.09591237603970279	0.10698899767205389	-0.05680781682416329	-0.06524449135901794	0.008471661627740221	0.016489563455553198	0.12242924943155152	0.15615142415759597
TORTOISE Tensor AM	0.2172304715317429	0.1642544338625412	-0.4260237622751498	-0.18135129206461226	-0.41071635788371713	0.33385319078141834	0.3973836444940653	0.3667743039193623	-0.07669646479202043	0.3338531907728871	0.2172304715317429	-0.33319038580819843	-0.41071635788371713	-0.4206637834255352	0.33385319078141834	-0.26949923808625015	-0.39473982846342415	-0.4585681165929266	0.3973836444940653	-0.201961889293528	0.6088824091926384	-0.5146889522854445	-0.3656683537929149	0.7116985323575336	0.056632589814697744	0.18311374154362542	-0.46906313908961583	-0.035626373059836125	0.306557256403126	0.3120322185551535	0.43392567344702204	0.37201672386639023	0.32654203185474184	-0.01388174097296664	0.15340617762424802	0.2883705423117521	-0.12357743154965091	0.28198291541866066	-0.5392489312062783	-0.5687886622169246	0.20633522775545804	-0.5318618350071858	0.051071335585869765	0.29810162182449135	-0.5210513401481411	-0.1574616341523152	-0.2797068526012752	-0.20527812432622564	-0.20623865001207156	-0.36711041060358673	-0.3888965143240161	-0.38297080458941246	-0.1438203131058666	-0.219292147276545	0.2691789219820793	4.631041521439536	-0.4715023106950905	-0.3486939979901757	0.43577759427509277	0.5018871910351983	0.0	-0.32162838099172686	-0.2521428688658136	0.5754106469560153	-0.11141042075230474	-0.1426498216235636	-0.07673680408187072	-0.1765065622936359	-0.30812345190667084	-0.32146901181608584	-0.36974653705068344	-0.030333281284620674	-0.038767761593103224	-0.030333280842708553	-0.03876776175608793	0.08510420988149474	-0.198826680343529	-0.06531471721349952	-0.059206388392507504	-0.011554258639985413	-0.014422742340415236	-0.11094423104834975	-0.12226037922465871	-0.12312858482391413	-0.134180314442265	-0.005294193993633493	-0.003579335154762734	-0.11793256631531135	-0.12696262759394977	-0.15513355515696783	-0.1706159065291545	-0.005973054502797163	-0.005027057122352001	-0.08878560691679878	-0.07659055826000787	-0.11565069503799805	-0.10433487441524328
TORTOISE Tensor FA	-0.06853412438875586	-0.009465097531630736	1.0426544706352876	0.5678523879912789	0.5010541387227888	-0.2642390021648129	-0.3823731140454079	-0.32947346976502906	0.03261449166690227	-0.26423900213694035	-0.06853412438875586	0.21662926097654686	0.5010541387227888	1.1953601042632087	-0.2642390021648129	0.6460145587458646	0.6097670975305196	0.6354800959689627	-0.3823731140454079	0.9130459418731487	-0.9837490363113445	1.407177077798547	1.9123058855124713	-0.05931584855213219	1.231588315152965	-0.05963461805573516	1.5758450423624963	0.0010166039736679874	-0.2773383345033873	-0.33638413804555595	-0.4764896940624721	-0.4049289035024424	-0.29824681291465893	0.012847828330528771	-0.09127289393440143	-0.26928727605780756	0.1952368302145679	-0.24193532577790425	0.7218407898677407	0.5805697977721332	-0.18119318955915883	0.09112214211468461	-0.6747951777511086	-1.1532894161546585	0.1489770068534577	0.1882676645968709	0.4032398588914212	-0.1411521112006476	0.5441152473866286	1.1660120502949043	1.1917261117103037	0.9734945194385166	0.22712366771746462	0.11418484066629014	-0.07072649209911198	-0.3161937115827866	1.6224372213694345	1.6287770013705398	-0.431306289581684	-0.0936666647336835	-0.32162838099172686	0.0	1.9814780518772042	-0.5905390655809198	0.43606433076087486	0.6862828792013653	0.4306213025234736	0.7926486585047849	0.7929260198626435	0.7955877073771702	0.7874735707567337	0.02643659332231635	0.04131514645780209	0.026436592754380192	0.041315146529715005	-0.5361893973554981	-0.29462287011251287	-0.019718505356161677	-0.013354710785819983	-0.018792834867163204	-0.012990732960493457	-0.022757582592965862	-0.0244477382324623	-0.008914934289524043	-0.017808373117478703	-0.02273786731509044	-0.016681655851715115	-0.035677888967157435	-0.029351808190657906	-0.010666300461560993	-0.012582151338270712	-0.0233817456964436	-0.017237499543892337	-0.03888336500191923	-0.03288126388721683	-0.01295723000099023	-0.015171417202516867
TORTOISE Tensor LI	-0.0875260359439721	-0.03275780618476961	0.9937569002096296	0.5255932815750817	0.4547740314889147	-0.26950627806858135	-0.37814491200453004	-0.32852055419730225	0.005456475198774362	-0.2695062780457011	-0.0875260359439721	0.1970997280618086	0.4547740314889147	1.0777789369643482	-0.26950627806858135	0.6380423547411224	0.5439696693264936	0.507318298445307	-0.37814491200453004	0.939173830683398	-0.8234961924889997	1.159671435151244	1.5506073419259088	0.00073753954776111	1.2807864339476944	-0.09113071780135538	1.3228802898740073	-9.599797942892052e-05	-0.2952525283385224	-0.3592921028072383	-0.4675488184381107	-0.41367940760354	-0.30161623663915066	-0.00016493503752262623	-0.06818965960148311	-0.2933624827165895	0.17736029432926417	-0.2655931415888902	0.6396682924641465	0.4660410997597033	-0.20090285084518672	-0.023749090667507713	-0.610076780631124	-1.0586008343309259	0.03168163074220639	0.20832015703476142	0.3334211587816315	-0.21271689676668618	0.5013702300214505	0.9939195876466319	1.0139747035145223	0.9498805505231173	0.21124936419428064	0.09861470765083925	-0.08028635417695494	-0.2467848394673072	1.3265749487008838	1.7596419220803066	-0.4186543210632138	-0.06080661548104791	-0.2521428688658136	1.981478051877204	0.0	-0.5438282255906582	0.4148195543173781	0.6863614432296282	0.44325724720564114	0.7862678627006554	0.772532567223659	0.7673036007425987	0.7549840962150005	0.023222236488344136	0.03972721199198354	0.023222235946043567	0.03972721205448771	-0.5183955602361786	-0.2939472853767951	-0.01585313090211513	-0.009378768912167124	-0.005506198574535623	0.0021242510428194136	-0.039011909985065416	-0.04157718440494042	-0.04160940705766753	-0.05205635135211429	-0.009962893463584085	-0.001621791526162684	-0.04168472899915835	-0.03586218986239546	-0.04104427110361044	-0.046949499399285846	-0.010483555465356533	-0.002117806877195937	-0.03969602484348699	-0.03093449535994585	-0.03792693260202916	-0.04208707621543047
TORTOISE Tensor RD	0.9833347985882543	0.879019815519067	-0.7702891821417462	-0.08459678566679919	-0.5899288923096866	1.3567228393979869	1.6089808524806748	1.4690682964023205	-0.0384430483842868	1.3567228392451296	0.9833347985882543	-0.4371250995522768	-0.5899288923096866	-0.5303112447303856	1.3567228393979869	-0.4821801917690957	-0.5277120444772045	-0.4267778173455348	1.6089808524806748	-0.47027677264582785	0.5966420595664828	-0.6142283515662257	-0.5165077074944516	-0.27487270631198596	-0.5583595302116828	0.9670544819938883	-0.6125755151378107	0.004214485550639694	1.3472152835964937	1.3828117743132136	1.783258425576471	1.5884491212981453	1.3416814927129777	0.06649714611706778	0.16345243420993302	1.2231635402194743	-0.3083755735084841	1.2245634757779804	-1.4686364716566762	-0.5159948392082575	1.1042815367665977	-0.0705454521669467	-0.19864748827718443	0.68692603264156	-0.1808397802578795	-1.001410943971356	0.029941495115058534	0.2741843768419359	-0.059915195588841424	-0.2755193551886119	-0.32751867719711164	-1.0645855457133386	-0.3144925979996041	-0.8977495531019876	1.1054837112657976	0.5727713711913908	-0.6310762420839093	-0.57712570069932	1.8720630128715383	1.4035624967734908	0.5754106469560153	-0.5905390655809198	-0.5438282255906581	0.0	-0.49989074265534034	-0.6966811481988006	-0.7779865354861177	-0.696899628159882	-0.6726583861538864	-0.7473222250097017	-0.7250398920800107	-0.03193720577119862	-0.05640540657178849	-0.03193720513015828	-0.056405406664905434	0.2266759612125242	0.01892718474954022	-0.012242338241249338	-0.016140844763153767	-0.039382307758554565	-0.049088443344208886	0.08078533393444987	0.07634602259149956	0.13814240311563428	0.13819600366226087	-0.040458730098141375	-0.050015294818165655	0.014256592146372463	0.013360596507731245	0.09292297041580073	0.10416737302354985	-0.04150312159243284	-0.051822385065474444	0.024175546532378505	0.028103050593370985	0.11621204377928732	0.14669211928904358
ihMTw	-0.40676957630632576	-0.37918187910213497	0.5320149492842351	-0.013137903115603089	0.10196038146405836	-0.4704372991784121	-0.493888891344102	-0.4656337420058413	-0.028578988240068753	-0.4704372991284709	-0.40676957630632576	0.2970050576028198	0.10196038146405836	0.25040226133277216	-0.4704372991784121	0.49693084847494573	0.38946226710933374	0.18655264576757535	-0.493888891344102	0.544941186189226	-0.2152461565494009	0.29399035781112454	0.34562336491441764	0.32780883057818055	0.5224401403655022	-0.4311056531697569	0.3436829928245293	-0.002509090778590244	-0.5039625837156089	-0.5186781765018937	-0.5290973315866998	-0.5295703845224591	-0.4844766983649998	-0.081451749479196	-0.03863030923828016	-0.5166321155432987	0.23478699166982894	-0.461436587740587	0.5589317146030767	0.18338748891794857	-0.4506647431216451	-0.27981696226458574	0.013570053063260468	-0.37993196279863256	-0.19336430906715762	0.45629102480364087	-0.010831025891091963	-0.30558250739548026	0.14921666195918334	0.23268875504351424	0.21842372850554154	0.5928415406551285	0.19909405749143858	0.4047590142641936	-0.4025230891949601	-0.10794898058399258	0.33317000710380207	0.34994639902819097	-0.49686420373940426	-0.33354479173172213	-0.11141042075230474	0.43606433076087486	0.4148195543173781	-0.49989074265534034	0.0	1.0558856395630922	0.7214911067177393	1.0351991441781585	1.0886348530281007	0.8743847356499572	0.8743791755741437	0.016820706414360082	0.040288516397797555	0.016820705949567468	0.040288516373021326	-0.7462825327014886	-0.4209879371099178	-0.054501534162335274	-0.04457272388554838	-0.07438653169754667	-0.07740562955739982	-0.2222124215619691	-0.24299698593821314	-0.19555185080174958	-0.22168317491674921	-0.0706084800339234	-0.07342919803587984	-0.172184596103706	-0.19889880358314854	-0.11661853568974663	-0.1513646648371708	-0.0712136150449422	-0.07467587769962891	-0.1619360021938229	-0.18346392739343156	-0.09979713968629195	-0.1267265294419379
ihMTR	-0.46478892171312786	-0.4238101750811216	0.7561673670537926	0.16133814532136187	0.352055613471192	-0.5884571172807777	-0.6478481848405492	-0.6109402299963105	-0.032298112500523155	-0.5884571172233183	-0.46478892171312786	0.32797004722491124	0.352055613471192	0.4302365411593745	-0.5884571172807777	0.5658954515069258	0.4543049757548034	0.34513564501575844	-0.6478481848405492	0.6422576956595141	-0.39260498705142377	0.5198467321537923	0.5834935731383306	0.37098904370912406	0.8285378054203738	-0.4971967327305177	0.5862607514677711	-0.018870844020916253	-0.6373397602248849	-0.6679342587591155	-0.7218701149419129	-0.7018846978460139	-0.6351015734578085	-0.10115128226406378	-0.050427522106686426	-0.6333568762799513	0.2903069842609313	-0.5783957560072861	0.7772112196107687	0.30688981032197044	-0.5376456302083243	-0.22757979195159397	-0.07362414874257842	-0.592694315420679	-0.14418761987022222	0.5494273724527258	0.00524782266175395	-0.3658373572490011	0.1719896096132806	0.3789708690205928	0.3602527402118628	0.8570348535596141	0.2743402273508244	0.48471576969693925	-0.46558258689275717	-0.1391188591079826	0.576900132308483	0.6251368237224993	-0.6672948700777577	-0.40341100251354156	-0.1426498216235636	0.6862828792013654	0.6863614432296283	-0.6966811481988006	1.0558856395630922	0.0	1.1058702861785044	2.3446473103720398	1.5307606041927677	1.1783377631754928	1.0820041861890761	0.023645521318380287	0.053538732180883876	0.023645520683999458	0.053538732212676375	-0.90701660366368	-0.6393216813062772	-0.025329920653824157	-0.016803914034909117	-0.0028564034011076605	0.002169738373646703	-0.17312083874670975	-0.17542771083020714	-0.20853979936493064	-0.21518713594311398	-0.0009338449421073404	0.0053131495190221825	-0.11630744828970678	-0.11916651835506331	-0.16309749208339006	-0.1763815045268827	-0.0005122477384870028	0.005930908467115937	-0.11036338479035887	-0.10896370942092475	-0.1610964178414152	-0.17738339945305637
MTR	-0.6785814951920597	-0.6438994263911436	0.5642572588967179	0.03405679401025612	0.3585902914097666	-0.7810388664707237	-0.8140796033265761	-0.792561275732592	-0.039687953470276385	-0.7810388664132034	-0.6785814951920597	0.3038718002342312	0.3585902914097666	0.25893696409402966	-0.7810388664707237	0.4059140733139097	0.32388739481417145	0.23659763586861896	-0.8140796033265761	0.42523151460822606	-0.22823302329010114	0.32881499537341874	0.3495983683358793	0.5745446414639256	0.642507995656729	-0.7150765845821732	0.37741231076752546	-0.028271227100269802	-0.8283653064843923	-0.8424474178577931	-0.8564435175020642	-0.8614375174574554	-0.8030043126898855	-0.11668861185628061	-0.07433284978421759	-0.7870096006429944	0.3342885855047459	-0.7992439673994041	0.7550495173813078	0.2125801206486584	-0.7446819028776723	-0.24296735205178446	0.16831417585829492	-0.44553268634243715	-0.1579412953718533	0.7608512245969321	-0.1716583525650895	-0.4280851123989075	-0.017037317450479962	0.13507621826814295	0.13426131874315114	0.7333355621847498	0.25311090639136824	0.6742429750658242	-0.686931734688975	-0.07493878652443227	0.3713364268262608	0.4128277935646282	-0.8203993952858228	-0.5992917502501824	-0.07673680408187072	0.4306213025234736	0.44325724720564114	-0.7779865354861177	0.7214911067177393	1.1058702861785044	0.0	1.0560500365875414	0.7947561905064804	0.8939211166047819	0.7962341211966836	0.016095828834703722	0.050061625629042206	0.01609582833100713	0.05006162569344312	-0.40114677945465144	-0.3138019698170283	-0.0031847148879847417	0.005644168411442007	0.024881334113115654	0.029457979178451547	-0.18313700999325455	-0.17858329589090496	-0.2500576593137037	-0.24497126668715205	0.03297251619121773	0.03897154298207628	-0.09743735777687224	-0.09844456299134711	-0.1975887446356165	-0.20596524935333424	0.03440042560471106	0.04101471019434998	-0.0930883418418179	-0.09267050840423775	-0.203730053118317	-0.22492163194574508
ihMTsat	-0.4153947076916396	-0.36919065182509286	0.8511092664367583	0.2028335635694706	0.35829581466862653	-0.5505591043560792	-0.619809547166125	-0.5765872300125301	-0.028122759955404673	-0.5505591042977788	-0.4153947076916396	0.34809821874503405	0.35829581466862653	0.5017666701017631	-0.5505591043560792	0.6380013407483813	0.5173211328185074	0.3986929157556729	-0.619809547166125	0.734303581215218	-0.46962992032329515	0.6051467362157968	0.6785481585806741	0.3130088050065315	0.9017603095428794	-0.4457987281260726	0.6805435003969356	-0.015178766281933688	-0.5995183040841346	-0.6342351826611469	-0.7053916647784244	-0.6755869604555906	-0.5972267722991951	-0.0964058826756585	-0.049533959996107046	-0.5984675602108481	0.2922260049901307	-0.5425246203508323	0.8060415086821533	0.3515943621824878	-0.49142962008035274	-0.20721337922568625	-0.14328680520327627	-0.6449397176695847	-0.1258379938067645	0.4999258638960248	0.07150455183161529	-0.3330088612675309	0.24314941327559608	0.47328498567427113	0.4524913415155225	0.9210566852774095	0.28428191397865743	0.4362551950541451	-0.4168750115060231	-0.17219624459190475	0.6678655724023305	0.7174121312134976	-0.6446484993147868	-0.3683632466832383	-0.1765065622936359	0.792648658504785	0.7862678627006554	-0.696899628159882	1.0351991441781585	2.34464731037204	1.0560500365875412	0.0	1.6758857133310539	1.3786879209683804	1.2617506139245844	0.029718986111936633	0.05943398055223155	0.029718985376454413	0.0594339806826062	-0.9117868597337757	-0.5941389976445764	-0.029973508491359706	-0.02142342088912593	-0.010158981854716868	-0.005952726243143018	-0.15319294178986512	-0.15829503903325523	-0.17683679806876115	-0.18708338755012707	-0.00959587178801794	-0.004548456334524294	-0.10832905936033804	-0.11204224252510897	-0.13634347157984272	-0.14947703827774547	-0.009374632669475363	-0.004162771147763189	-0.10333226486697453	-0.10281140264183564	-0.13366818880488407	-0.1475498393400184
ihMTsat-B1c	-0.4024609827201894	-0.35477832438153695	0.863224545159692	0.18204403627476384	0.3174684690392957	-0.5329401173584302	-0.5994870717740519	-0.5535945835947571	-0.02450290768559966	-0.5329401173096924	-0.4024609827201894	0.3777539028249009	0.3174684690392957	0.508230795123665	-0.5329401173584302	0.6758702067371459	0.5483421909827689	0.3777041929047766	-0.5994870717740519	0.7794645166880209	-0.4616441809348094	0.5986898780041452	0.6707538126241828	0.165674434197987	0.7419465037852102	-0.42466670412013785	0.6712173298673714	-0.012285863980034001	-0.5730100125519854	-0.6075693366369325	-0.6742114088312785	-0.6463184167926872	-0.5691002142076651	-0.08029423107584116	-0.04359062610646709	-0.5888118481753867	0.21850999157671558	-0.5036623343812779	0.785410137313091	0.33288278535023164	-0.4822026761790029	-0.21504088621938103	-0.15192134829722348	-0.6397653503117378	-0.13018299141845122	0.49000085900879675	0.09513530780775051	-0.3174748454865945	0.27042951766504547	0.4856460779820108	0.4648146739872005	0.9055196327435906	0.27839140840033294	0.4164118558482083	-0.4005003024751414	-0.3036554145310553	0.6592086248556617	0.695246318405211	-0.6202714518485306	-0.3507316105152624	-0.3081234519066709	0.7929260198626438	0.772532567223659	-0.6726583861538864	1.0886348530281011	1.5307606041927677	0.7947561905064804	1.6758857133310539	0.0	1.3982330358869883	1.4576427865183719	0.02681503996158037	0.054628136372586324	0.026815039293749912	0.05462813654654537	-1.0892613694223132	-0.4804647925919357	-0.05462679299903361	-0.04356557498862792	-0.05856033951131844	-0.05390248114495037	-0.2069052185775304	-0.213420439927161	-0.1930789682373565	-0.2089588031659645	-0.062172168290675206	-0.05671767939680747	-0.16668516132046546	-0.17300730741055315	-0.12420799698579396	-0.1444857525536558	-0.06280032598856605	-0.05720757518205934	-0.16152398363280937	-0.16422849562766748	-0.11545132530431647	-0.1330089327515243
R1	-0.43697083797915054	-0.38875222605155085	0.8608520463368164	0.20285372179138547	0.38383922964846495	-0.579109685459162	-0.6527844446819608	-0.6075815539909512	-0.019648605586663957	-0.5791096854220753	-0.43697083797915054	0.37658367616837596	0.38383922964846495	0.5151757130149378	-0.579109685459162	0.6363048032287808	0.5309066150364659	0.423147977495826	-0.6527844446819608	0.71884725029123	-0.5028943406569983	0.6299364282818884	0.6863118277559859	0.19599681872595073	0.7784766785802983	-0.46317929267540914	0.7026803870467278	-0.009179830809412924	-0.6240998528550573	-0.6563683371564205	-0.7430372203062134	-0.7050065986067025	-0.6160573326800146	-0.08194965464474623	-0.06646067811371038	-0.616785414919709	0.2729307546793926	-0.5774542336885868	0.8410449554298975	0.37106655686168816	-0.5119043397658504	-0.15956762471844604	-0.14064254561476955	-0.6760727755390096	-0.08241697600394371	0.5132764122798842	0.07757499058653426	-0.31719028069675476	0.23902446215894202	0.4862067491554352	0.4585528417543593	0.9233831968475783	0.24955403550830865	0.4550201029484334	-0.4453617640560897	-0.3172787693389753	0.6850793357566384	0.7057823945522547	-0.6814131374632295	-0.41480011214885104	-0.32146901181608584	0.7955877073771702	0.7673036007425985	-0.7473222250097017	0.8743847356499572	1.1783377631754928	0.8939211166047819	1.37868792096838	1.3982330358869883	0.0	2.8073389493288863	0.035029218697318495	0.06421613444519378	0.03502921784402802	0.06421613459950017	-0.741826737742867	-0.3446690536194148	-0.009835777485994044	-0.0011016710628942259	0.0006577751640089361	0.005871210273955533	-0.13073920028620029	-0.14397696938537946	-0.1597911580611577	-0.18012434195690008	0.00013872987724468939	0.005803182869499112	-0.08853635750807838	-0.0964267371174522	-0.12549535754984734	-0.14471134283366738	-8.456025654401592e-05	0.005693836684604731	-0.08535016029002775	-0.08907050129676619	-0.12513703020329142	-0.1461392768254125
R1-B1c	-0.4269973134363498	-0.3787507256839252	0.85497474486886	0.19323680489574718	0.3638732028563153	-0.5651179500505903	-0.6364324064028638	-0.5909721992109366	-0.017328057492290442	-0.5651179500352446	-0.4269973134363498	0.3826707379861753	0.3638732028563153	0.5139094650614807	-0.5651179500505903	0.6425532066429922	0.538736023648609	0.4132038703192497	-0.6364324064028638	0.7262260057650154	-0.4973571421149754	0.6221256401471883	0.67685857807289	0.14336462583933593	0.723170648981927	-0.44846590675188175	0.6934280358793975	-0.007373414976441355	-0.6049189483209452	-0.6364080810224928	-0.7202748409341636	-0.6834041337536974	-0.5951250808847508	-0.07799939824339318	-0.06167152291306811	-0.6039008521142014	0.2491915441901138	-0.555820414144466	0.8223424789128293	0.3583472892109136	-0.5013634384985224	-0.1615939443907192	-0.1448890166857218	-0.6656975256966915	-0.08311197857920408	0.5021360732453292	0.08380116244891134	-0.3111523952824148	0.24565722315845775	0.4860866269263524	0.4600198551415208	0.905572159646971	0.24382679973265117	0.44083108775027025	-0.43343132045186183	-0.3655007107251149	0.6746445027292222	0.6906995532586896	-0.6621841714542049	-0.40070069735711755	-0.36974653705068344	0.787473570756734	0.7549840962150005	-0.7250398920800107	0.8743791755741435	1.0820041861890761	0.7962341211966836	1.2617506139245844	1.4576427865183719	2.8073389493288863	0.0	0.034439391110576235	0.06311012780557072	0.03443939026201039	0.06311012790995066	-0.7638195368223261	-0.3051140551242028	-0.022300232905227365	-0.012378738526852456	-0.02045149065849588	-0.015743180463566712	-0.15319122508666527	-0.16700083961502704	-0.16631019826060284	-0.18860609567643055	-0.022559693224947684	-0.01731476231631005	-0.1115616680694476	-0.12068696595921154	-0.11761861049956898	-0.13938933748666563	-0.023050730067393915	-0.017705840626385083	-0.10808626269962077	-0.11317740264572466	-0.11428260756603463	-0.13579847776470436
MPRAGE-MyelinW	-0.012667429961084959	-0.00957109936935827	0.03257188254872438	0.011405457073085627	0.02165901875614818	-0.01959926486622932	-0.02321535517759171	-0.021197012440029965	0.0007658529120401801	-0.01959926484426146	-0.012667429961084959	0.023332861344517467	0.02165901875614818	0.025345587143070947	-0.01959926486622932	0.025881647104106807	0.02809688132716033	0.02765232206705481	-0.02321535517759171	0.022901083845463136	-0.03121645491060551	0.031402508233386625	0.026779111541738454	-0.008868160747123564	0.01708293824109937	-0.013160537559346468	0.031179951629931424	0.0023859271449194444	-0.020484064708863183	-0.02122768317984437	-0.026877991299636715	-0.024125457929533245	-0.02152573026027276	-5.376546148222093e-05	-0.00847543340125616	-0.019533212685964734	0.011420744249945552	-0.01889110695288348	0.03499434204761041	0.034768326284034166	-0.012522025712749818	0.019628286646871905	-0.007385242212503153	-0.021975507416915407	0.019563413927857935	0.011398294581705217	0.018978212607378028	0.00822730417403148	0.018530247241121837	0.026590593180930874	0.025476774158984486	0.029480019923014435	0.010093073024275593	0.0162634436127269	-0.015225342788478634	-0.03020270591288028	0.031376707353915866	0.025956655817369667	-0.02550541800539535	-0.02425306024814519	-0.03033328128462067	0.026436593322316352	0.02322223648834414	-0.03193720577119863	0.01682070641436008	0.023645521318380287	0.016095828834703722	0.029718986111936633	0.026815039961580377	0.035029218697318495	0.034439391110576235	0.0	2.02720557729906	4.9517187756431005	2.0272055684805426	-0.009541577899706616	0.0007105371088663973	0.021899571470822082	0.020201356126732732	0.031458329998634654	0.03539193210279651	0.03543535059756101	0.03293208350275732	0.012488690611999339	0.008095418098399698	0.032047249350673226	0.03477800837885031	0.04252752816729312	0.04053195843440698	0.0029914387856151544	-0.0019366716646662075	0.03220085974886917	0.03496975799875991	0.0436562346694437	0.04272484612069124	0.001833095637784644	-0.004840420540349305
SPACE-MyelinW	-0.03737546965301001	-0.033620971828446866	0.05187434620804496	0.010975523854950748	0.03467757602966057	-0.046161171702525136	-0.050109816977061	-0.04778850653250961	-0.0006381329982576822	-0.04616117166288372	-0.03737546965301001	0.034288684885372754	0.03467757602966057	0.03365987380899428	-0.046161171702525136	0.0406493340203867	0.03932290334028352	0.03454456363802696	-0.050109816977061	0.03864661650743074	-0.03770932618007479	0.04170910115605805	0.038146970305920395	0.007407627254255662	0.03598606283409381	-0.03823704438390784	0.043906717204950534	0.0007885915313734687	-0.047740059589948536	-0.04861479848676078	-0.05433300665432327	-0.05181534125765126	-0.047694397442578314	-0.006055521182676092	-0.010517816219969873	-0.04573274551832635	0.021787392580690287	-0.04613791091425996	0.05950593658255224	0.039246091952791336	-0.03839109835449428	0.0080869883422259	0.000276833840431651	-0.03766744915619135	0.011741673680662505	0.03759773793094973	0.008555087027683558	-0.011114917210501318	0.014847696628936747	0.02938345646617818	0.02817814090220143	0.05401889126146646	0.0155414694126644	0.040080887958840565	-0.03955255917960704	-0.038621594926732006	0.0432566879608171	0.0410002895190269	-0.05189642868320083	-0.04464580536789112	-0.038767761593103224	0.04131514645780209	0.03972721199198354	-0.05640540657178849	0.040288516397797555	0.053538732180883876	0.05006162562904219	0.05943398055223155	0.054628136372586324	0.06421613444519378	0.06311012780557071	2.0272055772990605	0.0	2.027205599002959	4.9517187756431005	-0.024522021179176005	-0.007775234273262233	0.02719322075833754	0.02600061206617824	0.03746966717450956	0.0427717101455549	0.025247872795371582	0.024327746497053646	-0.005396911433756017	-0.008654818054827372	0.03738694563640041	0.041645659751741816	0.039908464048734445	0.03996059260886814	-0.009181917683965559	-0.013916967094625386	0.03751209844194016	0.041827439580928376	0.041346928623623005	0.04324628636126769	-0.010638461324959377	-0.017320170461200622
Scaled MPRAGE-MyelinW	-0.012667429610664688	-0.00957109906747613	0.03257188189596449	0.011405456880020313	0.02165901832668266	-0.019599264390772083	-0.023215354640189558	-0.021197011932925554	0.0007658529468887724	-0.01959926436880423	-0.012667429610664688	0.023332860959414867	0.02165901832668266	0.025345586701227177	-0.019599264390772083	0.02588164662298909	0.02809688086257054	0.02765232160364622	-0.023215354640189558	0.022901083366490608	-0.031216454384170814	0.03140250766783637	0.026779111007922407	-0.008868160780689945	0.017082937750148554	-0.01316053717371994	0.03117995102306457	0.002385927124241233	-0.020484064191359362	-0.02122768264202404	-0.026877990686719255	-0.024125457350515432	-0.021525729743376968	-5.37653692876779e-05	-0.008475433265721255	-0.01953321218293814	0.011420744019368044	-0.018891106460439743	0.034994341393704824	0.03476832586057671	-0.012522025340954451	0.019628286608500398	-0.0073852421003066885	-0.02197550691802257	0.01956341391686632	0.011398294231040907	0.01897821245084933	0.008227304292712713	0.018530246999209396	0.026590592737194187	0.025476773748480227	0.029480019306533437	0.010093072953410089	0.01626344325423051	-0.015225342403737884	-0.030202705473847336	0.03137670677901046	0.02595665525264856	-0.0255054174390105	-0.02425305979497264	-0.030333280842708553	0.026436592754380192	0.02322223594604357	-0.031937205130158276	0.016820705949567468	0.023645520683999458	0.016095828331007134	0.029718985376454413	0.026815039293749912	0.03502921784402802	0.03443939026201039	4.9517187756431005	2.027205599002963	0.0	2.027205590184325	-0.009541577499419321	0.0007105373319540573	0.021899571227219333	0.020201355968916125	0.03145832947659515	0.03539193156331856	0.035435350122134675	0.03293208314103248	0.012488690534012581	0.008095418139801748	0.03204724883331106	0.03477800784749579	0.04252752753410563	0.040531957926043784	0.0029914388081025006	-0.0019366714933246093	0.03220085923181868	0.03496975746706491	0.04365623401782468	0.042724845572255726	0.0018330956785695721	-0.0048404203313978135
Scaled SPACE-MyelinW	-0.037375469777734975	-0.0336209719638338	0.05187434628801652	0.01097552377754366	0.03467757606191696	-0.04616117182245285	-0.0501098170939351	-0.047788506657074396	-0.0006381329733726714	-0.046161171782811455	-0.037375469777734975	0.0342886849224315	0.03467757606191696	0.03365987391601695	-0.04616117182245285	0.04064933405880577	0.03932290342320112	0.03454456368056829	-0.0501098170939351	0.038646616556920706	-0.03770932626128993	0.04170910123778409	0.03814697035790546	0.007407627290734891	0.035986062894895046	-0.0382370444896568	0.04390671726164163	0.0007885915470211263	-0.04774005968829538	-0.04861479858722519	-0.05433300674527934	-0.0518153413527259	-0.04769439754255029	-0.006055521159996444	-0.010517816233859003	-0.04573274562686023	0.02178739257738105	-0.046137911002532415	0.05950593673661413	0.039246091979177736	-0.038391098501056965	0.008086988359462288	0.0002768339501738794	-0.037667449259076106	0.011741673776738825	0.03759773808506449	0.008555086985024734	-0.011114917270815509	0.01484769661741283	0.02938345646425171	0.028178140940116943	0.054018891433611965	0.015541469371168716	0.04008088813326693	-0.03955255930511415	-0.03862159508946888	0.043256688035637716	0.04100028958949371	-0.051896428794454656	-0.04464580546487563	-0.03876776175608793	0.041315146529715005	0.03972721205448771	-0.056405406664905434	0.040288516373021326	0.053538732212676375	0.05006162569344312	0.05943398068260621	0.05462813654654535	0.06421613459950017	0.06311012790995066	2.0272055684805452	4.9517187756431005	2.02720559018432	0.0	-0.024522021062107924	-0.007775234081738797	0.027193220578564034	0.02600061190887344	0.03746966698118278	0.04277170992620495	0.02524787253733738	0.024327746214386724	-0.005396911542164072	-0.008654818179700582	0.03738694548781134	0.04164565958964888	0.03990846377039031	0.039960592325141896	-0.00918191781140258	-0.01391696720642492	0.03751209829648837	0.041827439420085794	0.04134692835672924	0.04324628608499118	-0.010638461442828703	-0.017320170563344516
G-ihMTsat	0.038529809129990725	0.020431371349787765	-0.4474145660586708	-0.2112792155443264	-0.13636037053433694	0.11629931088823131	0.15972480092826996	0.13862774452011326	0.02044817451467405	0.11629931079657765	0.038529809129990725	-0.13632058849498763	-0.13636037053433694	-0.3344251611755311	0.11629931088823131	-0.37986373672424867	-0.2883924365240363	-0.24003624054875697	0.15972480092826996	-0.47877733303031794	0.2986245353290948	-0.38493226360953325	-0.47436134358614374	-0.02302802919142082	-0.47132957686478977	0.06440846020906993	-0.43000487576404234	0.012057440718178755	0.15133664473346417	0.17780349310195448	0.21417169169552655	0.19718299644179893	0.15822081878915145	0.025784825027173455	0.01194060546298885	0.1676269288930776	-0.10785352269765303	0.11155831809646603	-0.3247725573295286	-0.11882001047964218	0.12436621635292917	0.17221668231196827	0.2852030943451977	0.36444704515403814	0.12776773834534363	-0.13281791795825795	-0.10519295414320932	0.22037723784414673	-0.21532511252762898	-0.38673919181582045	-0.3559401166932692	-0.43453464510142037	-0.12569929032069407	-0.09366043649083138	0.026884690652993693	0.083107318971141	-0.4234735954407785	-0.449606112659165	0.17349948859992936	-0.010342398647286848	0.08510420988149474	-0.5361893973554981	-0.5183955602361786	0.2266759612125242	-0.7462825327014886	-0.90701660366368	-0.40114677945465144	-0.9117868597337757	-1.0892613694223132	-0.741826737742867	-0.7638195368223261	-0.009541577899706616	-0.024522021179176005	-0.009541577499419321	-0.024522021062107924	0.0	1.0076611806748335	0.05475759889256424	0.04489981811393131	0.06966126918694086	0.06702130319108023	0.14810177547437012	0.16124803383262434	0.11030902370129848	0.13317280685110416	0.07210306093931018	0.06850561367091505	0.1491395254277228	0.15495183285400102	0.08155601220930986	0.09898053529434482	0.0730117223213445	0.06961531996356947	0.14212228861545137	0.14338302421454646	0.06734826890265927	0.07679957967771393
G-ihMTR	-0.10506681664528836	-0.10344963079496824	-0.18007628288339897	-0.18714872693472856	-0.06073773568106113	-0.06021244832152568	-0.03209561748872292	-0.036949965786390156	0.022404831748281583	-0.06021244845099847	-0.10506681664528836	0.033553778636876155	-0.06073773568106113	-0.16006891079272859	-0.06021244832152568	-0.13918038287900317	-0.07564980506518984	-0.1237595755377249	-0.03209561748872292	-0.21464637587423713	0.13969912174742816	-0.1923321827965329	-0.2707922328143077	-0.14181859231364904	-0.35856747035343783	-0.07012556894035475	-0.21967071454895098	0.01712851801650252	-0.02249074997864175	-0.0032311477845548353	0.01322161120575	0.004938861140781401	-0.009042567914052474	0.009939277512490298	0.002594555668886025	-0.019354535449422505	-0.10209966928884637	-0.03979128428238572	-0.09551041072234602	-0.01249367816217608	-0.03581668769155225	0.12915841852549595	0.2520053333995226	0.169981588256949	0.11487667434906923	0.024818878511571732	-0.03947624940548159	0.16152782729541287	-0.09586390766154437	-0.21703013390207584	-0.18925399987699945	-0.18216610778737252	-0.04337420161705138	0.031215150437925054	-0.11584871284671316	-0.19937753535134445	-0.2184740201320019	-0.24806607453571847	-0.020400047637644997	-0.14780183073483194	-0.19882668034352902	-0.29462287011251287	-0.29394728537679515	0.018927184749540225	-0.4209879371099178	-0.6393216813062772	-0.31380196981702824	-0.5941389976445763	-0.4804647925919357	-0.3446690536194148	-0.3051140551242028	0.0007105371088663969	-0.007775234273262233	0.0007105373319540573	-0.007775234081738797	1.0076611806748335	0.0	0.017095158192439668	0.012669266418573476	0.005242011034933985	0.003520832123594246	0.042145813653331365	0.05109249187352231	0.045496610288453546	0.057752188043893884	0.001786976696079689	-0.0009699543235607393	0.0535507220184856	0.05303514118373581	0.07156162059512458	0.07527506329407316	0.0017521974266275421	-0.0007104058158628468	0.04693639085744603	0.04142317988661176	0.06432279167529889	0.06364128701324205
QSM-SEPIA-E5	0.002543546776300295	0.0033414856889693663	0.0002478624289744933	0.0005052441170475102	0.027980935874352103	0.003939124321274894	0.004644989827243782	0.004174366096825845	-0.001473202869885876	0.003939124337953637	0.002543546776300295	0.029435115071955387	0.027980935874352103	-0.019480354639818658	0.003939124321274894	-0.008373846704455127	0.003571687144280547	0.02274330564061918	0.004644989827243782	-0.032801762408218985	-0.007714152449705124	-0.0039010220432747276	-0.01725539355251417	-0.06957808325639786	-0.062189367804809534	-0.004846062093263637	-0.004897100302925091	-0.0003834366248221871	-0.0027997802075478977	0.0002289700737710015	-0.0035364130276209294	-0.001552788324154416	0.004929927568874698	0.006091138578461412	-0.02638197684773806	0.008723457319092	0.04114352042971658	-0.023366162907799883	0.016382063228374523	0.04350733243173	0.017808298218218558	0.03900949028263864	0.002899152719947533	0.01501493800504329	0.031338937604233987	-0.02005682265500121	0.021765619877356875	0.04584055743723369	0.0026925749801083487	0.005838577569444382	-0.005288870994489904	-0.010051091170054236	0.0028813811603455954	0.01474972851586884	-0.003376953116715354	-0.06528225063071336	-0.004703889178978426	-0.00686334324658275	-0.0004405185087862816	-0.0258736464263603	-0.06531471721349952	-0.01971850535616168	-0.015853130902115126	-0.012242338241249338	-0.054501534162335274	-0.025329920653824157	-0.003184714887984741	-0.029973508491359706	-0.05462679299903363	-0.009835777485994044	-0.022300232905227365	0.021899571470822082	0.027193220758337532	0.021899571227219333	0.027193220578564034	0.05475759889256424	0.017095158192439668	0.0	1.3799753333352562	0.6773175686830953	0.7541900732043192	0.4423227054407707	0.4596524770235747	-0.07003032799033111	-0.056788659226042176	0.6882896655763775	0.7645991230368127	0.6113717711331592	0.6594534412703591	-0.2912930848905353	-0.29089397470293943	0.6914335383111948	0.7676528194964143	0.6303253291355331	0.7050715734793277	-0.33469642025303514	-0.38317519188671895
QSM-SEPIA-E4	-0.0028465350940123845	-0.0020698388348579103	0.005099117674779467	0.002313407874394731	0.03065176831724387	-0.002206440781794234	-0.0017752894809588346	-0.0022805423823098383	-0.002106300384788251	-0.0022064407604623073	-0.0028465350940123845	0.028961410301631626	0.03065176831724387	-0.015142640290009618	-0.002206440781794234	-0.004550336100490139	0.005534604852419643	0.02306766739022767	-0.0017752894809588346	-0.02656267187316233	-0.008061884226403094	-0.0002201020701077577	-0.012066742952408185	-0.058567370287758616	-0.05124518017633559	-0.0097393032472714	-0.0004447746496269973	-0.0011970256850963746	-0.008496272282272805	-0.005787557703956147	-0.009371729138175699	-0.0075406491181197015	-0.00015688081477852436	0.0048693043537097495	-0.0243808153892081	0.0026456631714719355	0.04036345705864848	-0.028792275844313965	0.021006370983803757	0.03951126778533264	0.009571321282638021	0.032522138490963116	0.004043406552863154	0.009574093242220052	0.026339774945070355	-0.01086192952619022	0.01610089295199632	0.035791751834727575	0.0005361170430099574	0.0058338302701194025	-0.004137102657070964	-0.002512711020397678	0.004682417504793648	0.01996204229335366	-0.008236335728191884	-0.05921380375403214	-0.00043200400809926897	-0.0015388569743836965	-0.006429263092876503	-0.02690675462981535	-0.05920638839250752	-0.01335471078581998	-0.009378768912167126	-0.01614084476315376	-0.04457272388554838	-0.016803914034909117	0.005644168411442005	-0.02142342088912593	-0.04356557498862792	-0.0011016710628942274	-0.012378738526852456	0.020201356126732732	0.02600061206617824	0.020201355968916125	0.02600061190887344	0.04489981811393131	0.012669266418573476	1.379975333335256	0.0	0.6066184744174702	0.6742390043409185	0.3894391357502191	0.4061874311032439	-0.07788222746656137	-0.06593715682741841	0.616675671895689	0.6838523910027652	0.5411106042978788	0.5829488023395011	-0.27775653866383127	-0.28026431259550105	0.6195751029304517	0.6867914539719328	0.5583631122541339	0.6235659708924833	-0.31655101386255174	-0.3635630455362031
QSM-X-R2'-E5-X	-0.03911937949627366	-0.04176103137862664	0.0009519451011332046	-0.014618323610002629	0.03701236567362408	-0.03569145409246236	-0.03262492632051112	-0.03552765582350494	-0.008719902520936193	-0.03569145411985833	-0.03911937949627366	0.018610918414717185	0.03701236567362408	-0.02765975587831511	-0.03569145409246236	-0.010081326625664556	-0.011084165744778194	-0.0029991935661265244	-0.03262492632051112	-0.025753358629341756	0.02348063501352413	-0.018590179919281583	-0.023655154426726648	0.019563603808723424	-0.023534883486373896	-0.050411095557017824	-0.013984528724833481	-0.015546742868660725	-0.04603724161199161	-0.04430810561257695	-0.038954423831560975	-0.04214784603891143	-0.04270129667058051	0.0028320947119142535	-0.025804412581095417	-0.0309813377004226	0.027292116559695486	-0.06270901586641144	0.043125547416203	0.04769062794790818	-0.023307286829974013	-0.008759237917988855	0.0326367398008656	0.005752703974608566	-0.008633383250624684	0.026210183598705094	-0.0247477410120778	-0.007950694328625756	-0.030760248308778385	-0.024009705441330065	-0.0333107518903911	0.018731592431205625	0.011871028276821497	0.06401479028988813	-0.04151364786400306	-0.01181731163297067	-0.012212507507833198	-0.0016001446798403055	-0.035458169457118695	-0.052186705040591426	-0.011554258639985413	-0.01879283486716321	-0.005506198574535622	-0.039382307758554565	-0.07438653169754667	-0.00285640340110766	0.024881334113115647	-0.010158981854716868	-0.05856033951131844	0.0006577751640089345	-0.02045149065849588	0.031458329998634654	0.03746966717450956	0.031458329476595145	0.03746966698118278	0.06966126918694086	0.005242011034933982	0.6773175686830953	0.6066184744174702	0.0	1.3273879138031448	0.701251208709167	0.577635971598015	-0.24798130288447787	-0.15013540795267333	2.801766441417914	1.310052561625961	1.1748953748832314	0.9149296449873751	-0.6643466098533131	-0.4767829358596223	2.7253842578988454	1.3104133013348611	1.286341595816261	1.051405513827233	-0.7388108330225872	-0.5884046472884579
QSM-X-R2'-E4-X	-0.05012022988511235	-0.05302338751677044	0.006912410685645486	-0.016406978514640538	0.041107533505265824	-0.04670692164195721	-0.04329844810117968	-0.04640225414961411	-0.010452261832647972	-0.046706921682827224	-0.05012022988511235	0.020267039161856633	0.041107533505265824	-0.027068679934451823	-0.04670692164195721	-0.006484706082538173	-0.00958904298322465	-0.003529773179277961	-0.04329844810117968	-0.020772871312852152	0.024732853190298557	-0.017692176930203172	-0.020862336332599415	0.02465553396520236	-0.019354397448865447	-0.06263085232577528	-0.012175661639500398	-0.014997578158960809	-0.058154167602276555	-0.05647945267584972	-0.04977502022241039	-0.053799795678265	-0.053320150633162686	0.0010965615467760672	-0.02902579873565882	-0.042183911979750445	0.030977089619336956	-0.07628457005693796	0.053112688800962836	0.049544592306513084	-0.03405890355473594	-0.018207082008355552	0.035449160134772784	-0.0005105535827236595	-0.0160885120299784	0.0374671605795906	-0.03193213487052898	-0.018877066570792928	-0.03535632329501106	-0.025344607009503816	-0.03487536270140473	0.02840356849035182	0.01443217204051391	0.07591673716471174	-0.05194219472549516	-0.014771622836159948	-0.009295243861639768	0.004182860149493658	-0.04606869229580336	-0.060151562095124414	-0.014422742340415236	-0.012990732960493457	0.002124251042819416	-0.049088443344208886	-0.07740562955739982	0.0021697383736467043	0.029457979178451547	-0.005952726243143019	-0.05390248114495039	0.005871210273955533	-0.015743180463566715	0.03539193210279651	0.0427717101455549	0.03539193156331856	0.04277170992620495	0.06702130319108023	0.003520832123594246	0.7541900732043191	0.6742390043409185	1.3273879138031448	0.0	0.6136300258747058	0.6722641119062516	-0.17800541355725624	-0.19784754931642928	1.3107729941127544	2.78335096965983	0.9444656006941233	1.1406505103065643	-0.524066443313814	-0.6079479160225743	1.3142403949787342	2.717026662247598	1.018354835035549	1.379035487619724	-0.5784664029063543	-0.7598316519397191
QSM-X-R2'-E5-Para	0.23735969900754691	0.24921977216704674	-0.03269462124423153	0.10971186738404994	0.024075193299435246	0.2090175794926792	0.1858072378539883	0.19359032701822587	0.021807147958752226	0.20901757948510183	0.23735969900754691	0.01422821844484489	0.024075193299435246	0.04759657148475806	0.2090175794926792	-0.03989505828199228	0.01585765225852257	0.09947678920008965	0.1858072378539883	-0.07999164670581818	-0.12152638814999284	0.07134754099308202	0.030387544740264536	-0.28069411253911175	-0.13436109467084284	0.22451227716085198	0.04472184951035499	0.0023156509797514248	0.1986990528376722	0.1958353775678096	0.15403481522774354	0.1776795678419699	0.1811938534151229	0.0643576606542293	-0.04281508049362443	0.21522770188297816	-0.018986322554234266	0.18112802662449612	-0.0831175563163919	0.18702001790123837	0.25371713207759633	0.2814104695499041	-0.1412514116427129	0.05009199343650511	0.22113945937218413	-0.26805604491670926	0.2599554614894886	0.3150745309397565	0.16076968103189987	0.14421761700770158	0.12879742221404955	-0.11991335438915068	-0.02919202735737105	-0.19319582261805351	0.207920327827738	-0.10937717206883943	0.05153189781068084	0.008861527627056323	0.15784193392152276	0.08111091048852244	-0.11094423104834975	-0.022757582592965862	-0.039011909985065416	0.08078533393444987	-0.2222124215619691	-0.17312083874670975	-0.18313700999325455	-0.15319294178986506	-0.2069052185775304	-0.13073920028620029	-0.1531912250866653	0.03543535059756101	0.025247872795371582	0.035435350122134675	0.02524787253733738	0.14810177547437012	0.042145813653331365	0.4423227054407707	0.3894391357502191	0.701251208709167	0.6136300258747059	0.0	1.471093556177895	0.7357671743206551	0.6755519539200903	0.6897496323364665	0.5976898018739721	1.1371246184242971	0.9797325365524988	0.09798998187408682	0.14495245997799058	0.687712722910991	0.5957315365596854	1.081750560088364	0.9278454504075326	0.030609089953861114	0.039036833285424635
QSM-X-R2'-E4-Para	0.22879078547616635	0.24138235998471944	-0.025886656618598784	0.11794197756698999	0.04213043962388633	0.20064142697480497	0.1777502376819021	0.1850088860689564	0.020738422694311802	0.2006414269721641	0.22879078547616635	0.02639532861675433	0.04213043962388633	0.04873939605317194	0.20064142697480497	-0.04323603497369786	0.01714410950300836	0.10601346811135065	0.1777502376819021	-0.08920702810919884	-0.1186158498807077	0.07508148340493581	0.028852101138953746	-0.2869251026327979	-0.1414052236726778	0.21839544172239056	0.04800201247423952	0.0005890953539658411	0.19256030905467666	0.19021707788038672	0.147665485190312	0.17166257035275553	0.17437104966703543	0.061611321398706564	-0.04801405423377464	0.2096260165210197	-0.014408744733543675	0.17549018346830225	-0.07457295109892143	0.1899105442126755	0.24554579713508973	0.29568507574463926	-0.12941619397138998	0.05439154210134426	0.23297782744673035	-0.25582951672058807	0.25635798020460576	0.31909716525249054	0.1531705475959187	0.1398292526171957	0.1254509620975641	-0.11501854291406598	-0.027072444226538338	-0.17685681772689993	0.19967708130146683	-0.12089439635547838	0.055780218166371916	0.010088651434626946	0.1501865682676573	0.07425307791334544	-0.12226037922465871	-0.0244477382324623	-0.04157718440494042	0.07634602259149956	-0.24299698593821314	-0.17542771083020714	-0.1785832958909049	-0.15829503903325523	-0.213420439927161	-0.14397696938537946	-0.1670008396150271	0.03293208350275732	0.024327746497053646	0.03293208314103247	0.024327746214386724	0.16124803383262434	0.051092491873522314	0.4596524770235747	0.4061874311032439	0.577635971598015	0.6722641119062516	1.4710935561778946	0.0	0.6632116620016314	0.8308691776243451	0.5690128429513963	0.6496735169642872	0.9278775101101632	1.1261184358535676	0.1153382381355259	0.16427329645159106	0.5687473461646215	0.6475790413078023	0.8652956807719606	1.027716483523322	0.03685200417685377	0.03333235943594602
QSM-X-R2'-E5-Dia	0.33447825183462154	0.35266325050631814	-0.0403945155582318	0.14847700642982875	-0.007653881935972194	0.2945969283132489	0.26200841849383416	0.274932518117341	0.0349776804482285	0.29459692833798484	0.33447825183462154	-0.0007912394881396081	-0.007653881935972194	0.08522518533347748	0.2945969283132489	-0.03808837868040434	0.0304220041724614	0.12441997128797408	0.26200841849383416	-0.07131495709441911	-0.1721054818982324	0.10543063826271723	0.06053341319394935	-0.36765117224306804	-0.13966248799393025	0.3301422920744331	0.06843453056974165	0.018032909264752886	0.292330259020311	0.2867983004551166	0.22853328290803887	0.26154667459210656	0.26662283340039494	0.07568792338441514	-0.0265339417865576	0.2972084728722913	-0.04978820133665757	0.28762264115640895	-0.14490162963476466	0.18004647985974725	0.33803269306803707	0.35589955501423465	-0.20619207139502432	0.05512751380799636	0.2797750730768517	-0.35968863527684425	0.3475349525257593	0.399221781759107	0.22873909990630983	0.20101820294466202	0.19124283473990322	-0.16526942252864463	-0.04765186179365693	-0.305378008889483	0.2995618521321644	-0.12093165941713406	0.07503196472214861	0.012741200490939231	0.22987790416103954	0.15166723161229673	-0.12312858482391416	-0.008914934289524043	-0.04160940705766754	0.13814240311563428	-0.19555185080174958	-0.20853979936493064	-0.2500576593137037	-0.17683679806876115	-0.1930789682373565	-0.1597911580611577	-0.16631019826060284	0.012488690611999339	-0.005396911433756018	0.012488690534012581	-0.005396911542164072	0.11030902370129851	0.045496610288453546	-0.07003032799033113	-0.07788222746656139	-0.24798130288447787	-0.17800541355725624	0.7357671743206551	0.6632116620016314	0.0	1.3157229931343029	-0.24948019133818905	-0.18791119238089798	0.1871027308172906	0.21342560854167852	0.8387263001792886	0.7059628422514448	-0.24986752439927495	-0.1897006027437262	0.13201839606472504	0.12688443248043776	0.7718918745834822	0.6358124896979147
QSM-X-R2'-E4-Dia	0.32930697697768163	0.3483174480066795	-0.037917663448039464	0.15809372192409035	0.012624134575492935	0.2902800032113944	0.2582466540505395	0.2703628053492165	0.03429510516690443	0.29028000325144704	0.32930697697768163	0.012894759132445397	0.012624134575492935	0.08316965035532807	0.2902800032113944	-0.04644400433182115	0.02903521470602474	0.13129737174054537	0.2582466540505395	-0.08873479117961335	-0.166461931157603	0.10662938521684454	0.053848788199397785	-0.37665331941387953	-0.1531967415809241	0.32832834620338136	0.06884457311459946	0.014313621123862766	0.29102971149364965	0.286389695930405	0.22671001958729115	0.2604759731428229	0.2634628614125561	0.07302749305131206	-0.03139359197608976	0.29692411279864717	-0.04565132132446761	0.28698792757244684	-0.14009655550468028	0.18372808980961278	0.33447239024200726	0.3802285939624939	-0.19067940351311372	0.06619763146313827	0.2988394685364958	-0.35116707041060297	0.3455826922885375	0.41206327376761354	0.2196579550460959	0.19350977710601625	0.18458788261308734	-0.16622820126849158	-0.046455845803757424	-0.2893851334246124	0.29419263858969796	-0.13218606833649948	0.07569997803286092	0.008393224009273611	0.22649370080437722	0.14597699873037193	-0.134180314442265	-0.017808373117478703	-0.05205635135211429	0.13819600366226087	-0.22168317491674921	-0.21518713594311403	-0.24497126668715205	-0.18708338755012707	-0.2089588031659645	-0.18012434195690008	-0.18860609567643055	0.008095418098399698	-0.008654818054827372	0.008095418139801747	-0.008654818179700582	0.13317280685110416	0.057752188043893884	-0.056788659226042176	-0.06593715682741841	-0.15013540795267333	-0.19784754931642928	0.6755519539200903	0.8308691776243451	1.3157229931343024	0.0	-0.15371392716856308	-0.20940517854398877	0.21933148321986662	0.24754930857824192	0.6555289453752566	0.8428504643447231	-0.1546137267055	-0.21013530454236654	0.1543679804058909	0.13940270824746553	0.570709777944619	0.7231192820187858
QSM-X-R2pnet-E5-X	-0.04141751399583279	-0.04454549617109828	-0.00302977283305392	-0.013468640562612159	0.040460311560937684	-0.03760961458768472	-0.0342475793167885	-0.0377350071566638	-0.00948188676623871	-0.03760961460281768	-0.04141751399583279	0.015136705696456117	0.040460311560937684	-0.0318730301651943	-0.03760961458768472	-0.016117179208538723	-0.017045859893197637	-0.0023269969111615863	-0.0342475793167885	-0.03224129016064314	0.024532402122848743	-0.021311612204031303	-0.027136773082603864	0.026792652762418854	-0.02221478436156	-0.053713169044189574	-0.017091720656741274	-0.01441575814272129	-0.048625110211446713	-0.04642682875458477	-0.040946550922961095	-0.044230771090330086	-0.04478179353322459	0.002023246204360579	-0.026334490787676062	-0.03257647163810647	0.03236956073280428	-0.06669175853219596	0.04139619083290906	0.044345004566009295	-0.025895258807690957	-0.008364718510538818	0.03618058489367545	0.0075897056504121655	-0.009048211956911582	0.02829455641612459	-0.0303466915629452	-0.010784561560418715	-0.03697679117060009	-0.02863304791228113	-0.03830941888108362	0.016152374255144555	0.011553452873765644	0.06572341812294662	-0.04487197295543981	-0.005622047320283209	-0.015556128666658432	-0.005715671131281922	-0.03748892449605339	-0.05526662416357777	-0.005294193993633493	-0.02273786731509044	-0.009962893463584083	-0.040458730098141375	-0.0706084800339234	-0.0009338449421073408	0.03297251619121773	-0.009595871788017941	-0.062172168290675206	0.0001387298772446897	-0.022559693224947684	0.032047249350673226	0.03738694563640041	0.03204724883331106	0.03738694548781134	0.07210306093931018	0.0017869766960796885	0.6882896655763775	0.616675671895689	2.801766441417914	1.3107729941127544	0.6897496323364666	0.5690128429513963	-0.24948019133818905	-0.15371392716856308	0.0	1.3342001503672627	1.1621738223946483	0.9033965582432566	-0.6896748377750735	-0.49599548131528937	4.154869536636757	1.3377896044351072	1.266266692191302	1.0334056307552726	-0.7728539862682805	-0.6176921128821306
QSM-X-R2pnet-E4-X	-0.05438466170930284	-0.058090011468946774	0.0021206063871397653	-0.017269072576101042	0.04252609142028604	-0.05014870189923687	-0.04613030314659668	-0.04993781062925304	-0.011170210325289549	-0.050148701926466685	-0.05438466170930284	0.014576719202556895	0.04252609142028604	-0.03225795838517222	-0.05014870189923687	-0.012618845933152708	-0.01645445107097796	-0.005198951554357203	-0.04613030314659668	-0.026095314250098166	0.02848303281672652	-0.022165065876018845	-0.024914672809427656	0.03741605877610918	-0.015625237828388178	-0.06770279141275476	-0.01666730169448454	-0.014807391293389857	-0.062115605705380904	-0.06000781631555871	-0.05249464830164788	-0.056981524887443416	-0.05631034204432946	-1.2214393418204322e-05	-0.028541390679066317	-0.04505338172861856	0.0361662679947169	-0.08210697672957461	0.05133618652802879	0.04356585741212054	-0.038925970830291604	-0.02257296511205157	0.0402144826682052	0.0007466511236491344	-0.020110285507721155	0.04218139489005162	-0.04094062536558777	-0.026206898818946615	-0.04333287078894005	-0.03204992049011082	-0.041599765469102594	0.026527893659436926	0.013752184981674073	0.07925644821822835	-0.05661812475212186	-0.003996977948834073	-0.014142335526507925	-0.0003969569143006222	-0.04876827272368865	-0.06281608957834459	-0.003579335154762734	-0.01668165585171511	-0.001621791526162683	-0.050015294818165655	-0.07342919803587986	0.005313149519022181	0.03897154298207629	-0.004548456334524294	-0.05671767939680747	0.005803182869499111	-0.01731476231631005	0.03477800837885031	0.041645659751741816	0.03477800784749579	0.04164565958964889	0.06850561367091507	-0.0009699543235607393	0.7645991230368127	0.6838523910027652	1.3100525616259613	2.7833509696598315	0.5976898018739722	0.6496735169642872	-0.18791119238089798	-0.2094051785439887	1.3342001503672627	0.0	0.9232725755279897	1.116106796182538	-0.5511664454993854	-0.6427641400661548	1.3388502293025637	3.9492163773563753	0.9920435214423611	1.3369919154211847	-0.6107185165171514	-0.8110142603810072
QSM-X-R2pnet-E5-Para	0.10422449373367126	0.11148445278511704	-0.021023550159753317	0.06240233290882116	0.05946511355719633	0.08865586477243916	0.07662477886610929	0.07903125011110948	0.013964111865070678	0.08865586477635572	0.10422449373367126	0.02690621910625762	0.05946511355719633	0.018248336128199347	0.08865586477243916	-0.040779157198975756	0.004793440248934307	0.07149653640655236	0.07662477886610929	-0.0833618136182091	-0.07669644577655609	0.03979774980262091	-0.00021680158083542202	-0.18517411615156928	-0.11822943347178452	0.09913576307853698	0.02252458006484055	0.0002561396727184432	0.08455621892115707	0.08496823524567951	0.05917818848968745	0.07346986901041169	0.07308845799897659	0.03635038603156687	-0.042812021747700026	0.10238587015211277	0.008234291510555103	0.0690114209320074	-0.017006096758386973	0.14416326097682702	0.1280023791666018	0.2110581657678963	-0.05003106745696891	0.03982085438193932	0.171153371989048	-0.1382150931761751	0.13342828297679377	0.19291401331365318	0.06259589016450573	0.061560833516588656	0.05266247545928211	-0.06364444958326121	-0.009290721781443358	-0.07120980715861966	0.08470231491103113	-0.11765882162820317	0.026401010098258532	-0.0011785672508784826	0.06011570806897234	-0.0021691305010147987	-0.11793256631531135	-0.035677888967157435	-0.04168472899915835	0.014256592146372463	-0.172184596103706	-0.11630744828970677	-0.09743735777687225	-0.10832905936033806	-0.16668516132046543	-0.08853635750807838	-0.1115616680694476	0.04252752816729312	0.039908464048734445	0.04252752753410563	0.03990846377039032	0.1491395254277228	0.0535507220184856	0.6113717711331591	0.5411106042978786	1.1748953748832316	0.9444656006941233	1.1371246184242971	0.9278775101101634	0.1871027308172906	0.21933148321986662	1.162173822394648	0.9232725755279896	0.0	1.4456864440812764	-0.027751401663026608	0.011313076887778337	1.1590912968844516	0.92160506739667	2.5315215714788306	1.4057242250560802	-0.10886888384773588	-0.11201339179952412
QSM-X-R2pnet-E4-Para	0.10926164067131512	0.11728196206809414	-0.013062618748892075	0.07660600626034776	0.07378751216114929	0.09166218200779748	0.07830531467843323	0.08082084191567336	0.012802127686653913	0.09166218201106403	0.10926164067131512	0.03327735522872737	0.07378751216114929	0.024747319200133018	0.09166218200779748	-0.04124820260073078	0.006958356670754584	0.0812248669273726	0.07830531467843323	-0.08609002289213344	-0.07969396862433309	0.049214843662228065	0.007440421355261729	-0.19732319868003542	-0.12006708093294109	0.10372737160131143	0.03166364269379957	-0.0005543072455375245	0.08714280297547852	0.087369898948638	0.05929335495408536	0.0748033777154544	0.07550014476203323	0.03784337948993131	-0.04941725249277494	0.10590462674461142	0.013280683061106717	0.07046972572591274	-0.012101142630253733	0.15604412567569576	0.13251595056260138	0.22436073819118324	-0.05431298371659856	0.037448005201281755	0.181191784182214	-0.13919455100117142	0.14206102164135997	0.20211078725645784	0.06723231321236056	0.06995309835006236	0.06027251762978368	-0.05978911730295455	-0.008054691837953714	-0.06686190864194061	0.08938494990002527	-0.12672278431762174	0.03635813494400418	0.007253371707959493	0.060977197403076736	-0.0002721631004959088	-0.12696262759394977	-0.02935180819065791	-0.03586218986239546	0.013360596507731245	-0.19889880358314854	-0.11916651835506331	-0.09844456299134711	-0.11204224252510897	-0.17300730741055315	-0.09642673711745221	-0.12068696595921154	0.04053195843440698	0.03996059260886814	0.040531957926043784	0.039960592325141896	0.15495183285400102	0.05303514118373581	0.6594534412703591	0.5829488023395011	0.9149296449873751	1.140650510306564	0.9797325365524988	1.1261184358535676	0.21342560854167852	0.24754930857824198	0.9033965582432566	1.116106796182538	1.4456864440812764	0.0	-0.016811757241519242	0.03206254168622252	0.9034340281677326	1.110883419058068	1.3262117319443325	2.0894479687196514	-0.10839860954265378	-0.13592617978183752
QSM-X-R2pnet-E5-Dia	0.22288371584005148	0.2392289185525379	-0.024746585538551497	0.11145050778735456	0.01089415220179434	0.19353758993969336	0.17025155417638885	0.18001380516053075	0.035848705587969786	0.19353758997877105	0.22288371584005148	0.010697782598975983	0.01089415220179434	0.08073698246671143	0.19353758993969336	-0.02901354107532118	0.03573546319085402	0.10386187711465747	0.17025155417638885	-0.05994071752363251	-0.15104945570805473	0.09254383205341256	0.0468381960960265	-0.31392893184496534	-0.12626757092752194	0.23780384321164083	0.061086328677653186	0.0260435630210141	0.2072488643087862	0.20382684268039605	0.15695326311377927	0.18328880670511125	0.183448746423119	0.047935992974067136	-0.013431101767650016	0.20386094502624447	-0.04563500210766941	0.21771957718531862	-0.09924400120694649	0.1219805754097722	0.22882914426520515	0.31497368415477867	-0.13530560653863316	0.04257883055288467	0.2577826825030898	-0.24833016111918346	0.24399603305230744	0.2945080104969753	0.15391768563316757	0.1371041360081517	0.1413957813773164	-0.11951037008546994	-0.03436900056323714	-0.22095572747265496	0.2009652224229997	-0.15413546705431314	0.06356432031831552	0.007986608397651964	0.15248710561046158	0.09591237603970279	-0.15513355515696783	-0.010666300461560994	-0.04104427110361044	0.09292297041580073	-0.11661853568974663	-0.16309749208339006	-0.1975887446356165	-0.13634347157984272	-0.12420799698579396	-0.12549535754984734	-0.11761861049956898	0.0029914387856151553	-0.009181917683965559	0.002991438808102503	-0.00918191781140258	0.08155601220930986	0.07156162059512458	-0.2912930848905353	-0.2777565386638313	-0.6643466098533131	-0.5240664433138138	0.09798998187408682	0.1153382381355259	0.8387263001792888	0.6555289453752566	-0.6896748377750735	-0.5511664454993853	-0.027751401663026615	-0.01681175724151924	0.0	1.1868102552851088	-0.6903622096727448	-0.5543824028845868	-0.10022677050426818	-0.12672980437344317	2.203085376786237	1.13636303794708
QSM-X-R2pnet-E4-Dia	0.2489891465089965	0.2673994539875343	-0.022107445172474437	0.13640556644885068	0.029372497454554048	0.21592152604111414	0.18966327756012313	0.1999800880920415	0.036442087092193355	0.21592152609713447	0.2489891465089965	0.02083314313526563	0.029372497454554048	0.0888359554770646	0.21592152604111414	-0.03605732017632576	0.037161861714488306	0.12167029825741785	0.18966327756012313	-0.07512986787526627	-0.15995932515644906	0.10587951501115404	0.05256724998926403	-0.3471797905927928	-0.14033326938415	0.2646317869550251	0.07202627750562897	0.02432918637805345	0.23034513345933438	0.22690495731974206	0.1733689881680473	0.2034106389898676	0.20325208951310972	0.05210746727808045	-0.020053927530185683	0.22725647645912056	-0.04298859299617909	0.24148814508191913	-0.10498277618037913	0.14254266007634686	0.2552366599113682	0.3584516464070524	-0.14536128767392298	0.05060208388901633	0.28985383593046155	-0.27103493397078443	0.2724013722379106	0.333565952078606	0.16878053718569658	0.15276938341654214	0.15544244304019805	-0.1291484563449607	-0.03501392545261679	-0.23208359422227876	0.2241071180325669	-0.1695326220923518	0.07440594484145993	0.010766517199350597	0.1694750380242423	0.10698899767205389	-0.1706159065291545	-0.012582151338270712	-0.046949499399285846	0.10416737302354985	-0.1513646648371708	-0.17638150452688267	-0.20596524935333424	-0.14947703827774547	-0.1444857525536558	-0.14471134283366738	-0.13938933748666563	-0.0019366716646662075	-0.013916967094625384	-0.0019366714933246095	-0.01391696720642492	0.09898053529434483	0.07527506329407314	-0.29089397470293943	-0.28026431259550105	-0.4767829358596223	-0.6079479160225743	0.14495245997799058	0.16427329645159106	0.7059628422514448	0.8428504643447231	-0.49599548131528937	-0.6427641400661548	0.011313076887778337	0.03206254168622252	1.1868102552851088	0.0	-0.49800086986645925	-0.6445182702470724	-0.0720568353332542	-0.12110902547106964	1.0251313822575459	1.7593637030832072
QSM-X-R2*-E5-X	-0.04282328871233421	-0.04598601576558622	-0.0031426450597230792	-0.012672136004087575	0.04272167873643066	-0.03899482695249925	-0.03558057720961481	-0.03922012753522456	-0.009694369300046973	-0.0389948269677593	-0.04282328871233421	0.015223755149721453	0.04272167873643066	-0.032408087357671186	-0.03899482695249925	-0.01737130941547429	-0.01812925077185624	-0.0016830724470204839	-0.03558057720961481	-0.03387822818023799	0.024254743827588732	-0.021381524801966662	-0.0276817410057248	0.02707051073914107	-0.0225754477806417	-0.05521929095176727	-0.01716767941616854	-0.014400233002256775	-0.05006995395320607	-0.04777025520706403	-0.04231160517059171	-0.04559684220673689	-0.0461819781255789	0.001720471531067171	-0.026621084130141526	-0.03374385089841615	0.03343682843079127	-0.06837756759660665	0.04186448183568112	0.04387548802232661	-0.027314762005466644	-0.007756419304013001	0.03754418149907841	0.007760704949204088	-0.008613430180861763	0.029574895741476776	-0.03197014945464601	-0.011571482548519956	-0.0389376661843449	-0.029781956272083042	-0.039407272439429646	0.016333018568794468	0.011739968082777443	0.0669984125806453	-0.046495713514824816	-0.006331532683174738	-0.01567439749922283	-0.005793177786247196	-0.038906411898064076	-0.05680781682416329	-0.005973054502797163	-0.023381745696443603	-0.01048355546535653	-0.04150312159243284	-0.0712136150449422	-0.0005122477384870035	0.03440042560471106	-0.009374632669475363	-0.06280032598856605	-8.456025654401757e-05	-0.02305073006739392	0.03220085974886917	0.03751209844194017	0.03220085923181868	0.03751209829648837	0.07301172232134448	0.0017521974266275421	0.6914335383111948	0.6195751029304517	2.7253842578988463	1.3142403949787345	0.687712722910991	0.5687473461646215	-0.249867524399275	-0.1546137267055	4.154869536636766	1.3388502293025637	1.1590912968844513	0.9034340281677326	-0.6903622096727448	-0.49800086986645925	0.0	1.3454544049138386	1.2659479476607107	1.0351338328987847	-0.7747036164221663	-0.6209298633226091
QSM-X-R2*-E4-X	-0.05649142246615003	-0.06019185679276924	0.0024459967975546987	-0.015827422780111747	0.046067013124001	-0.05232770579535946	-0.048288546866827674	-0.05228409557851991	-0.011405597877778013	-0.05232770582238074	-0.05649142246615003	0.015077711328262581	0.046067013124001	-0.032547563157271905	-0.05232770579535946	-0.01410755093655169	-0.017577312117108484	-0.003942498192493129	-0.048288546866827674	-0.028141076273217786	0.027830317409371152	-0.021783464365772588	-0.02534843269508404	0.03746696026641515	-0.016118509372805415	-0.06987865547118852	-0.016356240700696134	-0.015101154767851413	-0.06430570589403944	-0.062068174763971806	-0.054663404494945625	-0.05911298240870688	-0.05844480634142389	-0.00043588864394679085	-0.02887080656368581	-0.046845396302154105	0.0376135821915693	-0.08462437979008809	0.05250783009978094	0.043356013403612205	-0.04114817315422287	-0.021250565277969157	0.042209728190076456	0.0008713152781495312	-0.019046207897544066	0.04430473065137718	-0.042886065792989585	-0.027108596108888466	-0.04580372054129869	-0.033347301646007396	-0.042771215581628504	0.027240554799566236	0.014175594947978262	0.08143391581926704	-0.05906190003258659	-0.0054894099419627905	-0.013837792909813589	-0.0002319015572340393	-0.05106265265017339	-0.06524449135901794	-0.0050270571223520015	-0.017237499543892337	-0.0021178068771959342	-0.051822385065474444	-0.07467587769962891	0.005930908467115937	0.04101471019434998	-0.004162771147763189	-0.05720757518205934	0.005693836684604734	-0.017705840626385083	0.03496975799875991	0.041827439580928376	0.03496975746706491	0.041827439420085794	0.06961531996356947	-0.0007104058158628465	0.7676528194964143	0.6867914539719328	1.3104133013348607	2.7170266622475974	0.5957315365596854	0.6475790413078023	-0.1897006027437262	-0.21013530454236654	1.3377896044351072	3.949216377356374	0.92160506739667	1.110883419058068	-0.5543824028845868	-0.6445182702470724	1.3454544049138386	0.0	0.9917017189918511	1.333601790890734	-0.6149322785414375	-0.8158411171657916
QSM-X-R2*-E5-Para	0.09895652995418586	0.10407887413774228	-0.027557045435995926	0.047507510572491383	0.04176327969445533	0.08789488730060584	0.07859319652332253	0.08042387219315732	0.010433207927023578	0.08789488730048871	0.09895652995418586	0.017558875013346298	0.04176327969445533	0.005464537103282495	0.08789488730060584	-0.038395883489935174	-0.0024006146172166807	0.05158156590266866	0.07859319652332253	-0.07513116991097639	-0.05243268506137291	0.02266107158173227	-0.007966199045690325	-0.1549401498675136	-0.10699096524042526	0.09262466966995551	0.009267217033120402	0.00017720784043616643	0.08246652674941546	0.08282123942903412	0.0626741588867141	0.0740009151602804	0.07263086055296723	0.034060963352848035	-0.03655661418533717	0.09917449192508394	0.0037473225708295715	0.06673174278849792	-0.024168675159433297	0.1250609546957414	0.12259376611064807	0.17230840031029793	-0.045891604829384425	0.04138351710062773	0.1373963458908994	-0.12992466068747052	0.11563613100471615	0.16903526104824695	0.05497255074289404	0.04921677810794667	0.03932756054831242	-0.06389307296926267	-0.01042388214118133	-0.06739242878115723	0.08368291614629526	-0.08844907702534939	0.012640902115646632	-0.006252120344097685	0.06482341231412166	0.008471661627740221	-0.08878560691679878	-0.03888336500191923	-0.03969602484348699	0.024175546532378505	-0.1619360021938229	-0.11036338479035887	-0.0930883418418179	-0.10333226486697451	-0.16152398363280937	-0.08535016029002775	-0.10808626269962077	0.0436562346694437	0.041346928623623005	0.04365623401782468	0.04134692835672924	0.1421222886154514	0.04693639085744603	0.6303253291355331	0.5583631122541339	1.286341595816261	1.0183548350355487	1.081750560088364	0.8652956807719606	0.13201839606472504	0.1543679804058909	1.266266692191302	0.9920435214423611	2.5315215714788293	1.3262117319443323	-0.10022677050426816	-0.07205683533325422	1.2659479476607107	0.9917017189918511	0.0	1.4579233642380254	-0.1498156011793173	-0.15888911520023952
QSM-X-R2*-E4-Para	0.10031758845762653	0.10480136856841908	-0.022975292346101173	0.05143667383371794	0.043682968529626956	0.08991969339563885	0.08094012305448273	0.08260541086566009	0.007347783408128643	0.0899196933960807	0.10031758845762653	0.017192124892020107	0.043682968529626956	0.0045809335674042795	0.08991969339563885	-0.036075762752698845	-0.003739904037988886	0.04901641132686204	0.08094012305448273	-0.07056605276453408	-0.04176842071847961	0.021870372890473364	-0.004157398772830625	-0.1450113520874239	-0.09948037561244599	0.09234232846407614	0.010794200418657675	-0.0008783074665152008	0.08280241975277391	0.08286233180315705	0.0640342988944881	0.07467545158800408	0.07387008242491702	0.03459633593654554	-0.03959939888734375	0.10000070398358694	0.005967541846611163	0.06554613146525771	-0.021987584806315914	0.12706989501613217	0.12369612532390084	0.1597726999505929	-0.049497234216343895	0.03813641984630657	0.12560630695079547	-0.12622595705975592	0.11325809184586692	0.1617974283737365	0.055505840528680364	0.05098269782743897	0.03946580765078992	-0.05864825899797342	-0.009491704040250733	-0.06072140743751075	0.08735128785894777	-0.07623598311307259	0.014648160002889942	1.9516695998674876e-05	0.06792431734552816	0.016489563455553198	-0.07659055826000787	-0.03288126388721683	-0.03093449535994585	0.02810305059337098	-0.18346392739343156	-0.10896370942092475	-0.09267050840423775	-0.10281140264183565	-0.1642284956276675	-0.08907050129676619	-0.11317740264572469	0.04272484612069124	0.04324628636126769	0.042724845572255726	0.04324628608499118	0.14338302421454646	0.04142317988661176	0.7050715734793277	0.6235659708924834	1.051405513827233	1.379035487619724	0.9278454504075326	1.027716483523322	0.12688443248043776	0.13940270824746553	1.0334056307552728	1.3369919154211847	1.4057242250560802	2.0894479687196514	-0.12672980437344317	-0.12110902547106964	1.0351338328987847	1.333601790890734	1.4579233642380252	0.0	-0.18012952059087473	-0.22345095943671459
QSM-X-R2*-E5-Dia	0.22900261042707493	0.24297578453581464	-0.03496926410661441	0.09279148765465403	-0.02199871960490964	0.20510058127598765	0.18469389291765947	0.19452655993816517	0.03305597761988849	0.2051005813124838	0.22900261042707493	-0.004099073777280455	-0.02199871960490964	0.06797331374208278	0.20510058127598765	-0.023116533455912674	0.02960758249498141	0.07697339354381424	0.18469389291765947	-0.044641514332266055	-0.1214041917855851	0.07206334042239619	0.04001294253628855	-0.2812987709129262	-0.11199582195278343	0.24372368002119746	0.04503481944550131	0.028015912458010588	0.21827572830228772	0.21426628645178686	0.1737306162611882	0.19687582693534586	0.19558691085872953	0.04676393438701363	-0.002290592792013259	0.21132072727341722	-0.05830570411230718	0.2307378276250908	-0.11766253100654754	0.09571913614833928	0.23381089796161697	0.26631130399247693	-0.13934441998727037	0.04556303902922916	0.2157071302736557	-0.24951253760841818	0.23107031443145443	0.27097902398991375	0.1543710354563832	0.12780869095644154	0.13135494289346225	-0.12590394591951556	-0.03871562417082649	-0.23086678812059952	0.21343302739785597	-0.11445180785586458	0.04672091255234177	0.0012524777956300086	0.1707919771264503	0.12242924943155152	-0.11565069503799805	-0.01295723000099023	-0.03792693260202916	0.11621204377928732	-0.09979713968629195	-0.1610964178414152	-0.203730053118317	-0.13366818880488407	-0.11545132530431647	-0.12513703020329142	-0.11428260756603463	0.0018330956377846433	-0.010638461324959377	0.0018330956785695721	-0.010638461442828703	0.06734826890265926	0.06432279167529889	-0.33469642025303514	-0.31655101386255174	-0.7388108330225872	-0.5784664029063543	0.030609089953861107	0.03685200417685377	0.7718918745834822	0.570709777944619	-0.7728539862682805	-0.6107185165171514	-0.10886888384773588	-0.10839860954265378	2.203085376786237	1.0251313822575459	-0.7747036164221663	-0.6149322785414375	-0.1498156011793173	-0.1801295205908747	0.0	1.1623883535340491
QSM-X-R2*-E4-Dia	0.26891001683583293	0.2839387372463648	-0.03967238723972251	0.1089625082368849	-0.02695554119845369	0.24369470737952073	0.22120143159934283	0.23215813828480325	0.03349091697476688	0.24369470744021995	0.26891001683583293	-0.00481886525285302	-0.02695554119845369	0.0711871321961936	0.24369470737952073	-0.026130936987350646	0.0289225821992454	0.08108076252393334	0.22120143159934283	-0.04963696435641655	-0.11812574170753945	0.0757702344539042	0.04405849425588454	-0.29868834221714513	-0.11703579801864691	0.28446946526914924	0.048390646823282306	0.0287885189196701	0.25739664010070346	0.2527580475109205	0.20781969371860698	0.2336642647419801	0.2309533064747288	0.05245248633092551	-0.0018111367312903211	0.2479133560906986	-0.06600031661017598	0.27271477510143793	-0.1390127589718496	0.10401562050455462	0.27359876858612886	0.28649446938382905	-0.1601040250188491	0.05535036621285007	0.22810450060277554	-0.28444026197608374	0.26027661987108003	0.30351158569082276	0.17628744830894574	0.14381910000293194	0.14511814920303015	-0.14348300198340475	-0.043145186177828844	-0.25905438230030703	0.2538032419667619	-0.10285427203430896	0.049233248872109066	0.0004491757786299073	0.20663830481356915	0.15615142415759597	-0.10433487441524328	-0.015171417202516867	-0.042087076215430466	0.14669211928904358	-0.1267265294419379	-0.1773833994530563	-0.22492163194574508	-0.1475498393400184	-0.13300893275152428	-0.14613927682541247	-0.13579847776470436	-0.004840420540349306	-0.017320170461200622	-0.0048404203313978135	-0.017320170563344516	0.07679957967771393	0.06364128701324206	-0.38317519188671895	-0.36356304553620317	-0.5884046472884579	-0.7598316519397191	0.039036833285424635	0.033332359435946014	0.6358124896979147	0.7231192820187857	-0.6176921128821304	-0.8110142603810072	-0.11201339179952412	-0.13592617978183755	1.13636303794708	1.7593637030832072	-0.6209298633226089	-0.8158411171657916	-0.15888911520023952	-0.22345095943671459	1.1623883535340491	0.0
